 written on 16Sep2026 at 19:09:31 
          16
          19
    2    1    2    1    1    1    1    2    1    1    1    2    1    1    1
    1    2    1    2
   -2   -2    0    1    1    0.155457   -0.000000
   -2   -2    0    2    1   -0.101439    0.000037
   -2   -2    0    3    1   -0.054567   -0.000172
   -2   -2    0    4    1    0.066451   -0.000012
   -2   -2    0    5    1   -0.002955   -0.000018
   -2   -2    0    6    1   -0.017120    0.000011
   -2   -2    0    7    1    0.079959    0.000298
   -2   -2    0    8    1   -0.029364    0.000015
   -2   -2    0    9    1    0.001770    0.000013
   -2   -2    0   10    1   -0.023503    0.000004
   -2   -2    0   11    1    0.000660    0.000046
   -2   -2    0   12    1   -0.031189    0.000068
   -2   -2    0   13    1    0.021611   -0.000066
   -2   -2    0   14    1    0.000369   -0.000000
   -2   -2    0   15    1   -0.009426    0.000024
   -2   -2    0   16    1   -0.041017    0.000077
   -2   -2    0    1    2   -0.101439   -0.000037
   -2   -2    0    2    2   -0.049892   -0.000000
   -2   -2    0    3    2    0.037569    0.000113
   -2   -2    0    4    2   -0.047247    0.000003
   -2   -2    0    5    2   -0.007721    0.000032
   -2   -2    0    6    2   -0.068066    0.000022
   -2   -2    0    7    2   -0.094200   -0.000078
   -2   -2    0    8    2    0.002148   -0.000022
   -2   -2    0    9    2    0.045518   -0.000033
   -2   -2    0   10    2   -0.124228    0.000007
   -2   -2    0   11    2    0.010504   -0.000039
   -2   -2    0   12    2   -0.034644   -0.000100
   -2   -2    0   13    2   -0.008404    0.000019
   -2   -2    0   14    2    0.016178   -0.000004
   -2   -2    0   15    2    0.010602   -0.000031
   -2   -2    0   16    2   -0.017363   -0.000062
   -2   -2    0    1    3   -0.054567    0.000172
   -2   -2    0    2    3    0.037569   -0.000113
   -2   -2    0    3    3    0.193645   -0.000000
   -2   -2    0    4    3    0.052489    0.000050
   -2   -2    0    5    3   -0.087557    0.000043
   -2   -2    0    6    3    0.229373    0.000202
   -2   -2    0    7    3    0.115986   -0.000008
   -2   -2    0    8    3   -0.021745    0.000001
   -2   -2    0    9    3    0.058707   -0.000044
   -2   -2    0   10    3    0.082960   -0.000001
   -2   -2    0   11    3   -0.086149   -0.000131
   -2   -2    0   12    3   -0.136001   -0.000217
   -2   -2    0   13    3   -0.067761   -0.000089
   -2   -2    0   14    3   -0.026383    0.000004
   -2   -2    0   15    3   -0.072119   -0.000110
   -2   -2    0   16    3   -0.037874   -0.000044
   -2   -2    0    1    4    0.066451    0.000012
   -2   -2    0    2    4   -0.047247   -0.000003
   -2   -2    0    3    4    0.052489   -0.000050
   -2   -2    0    4    4    0.038676   -0.000000
   -2   -2    0    5    4    0.032118    0.000002
   -2   -2    0    6    4    0.012321    0.000009
   -2   -2    0    7    4   -0.078403    0.000093
   -2   -2    0    8    4    0.017172    0.000004
   -2   -2    0    9    4   -0.052914    0.000006
   -2   -2    0   10    4    0.023843    0.000001
   -2   -2    0   11    4   -0.008139    0.000013
   -2   -2    0   12    4    0.003963    0.000033
   -2   -2    0   13    4    0.013820   -0.000019
   -2   -2    0   14    4   -0.013114   -0.000001
   -2   -2    0   15    4    0.017477    0.000011
   -2   -2    0   16    4    0.000110    0.000025
   -2   -2    0    1    5   -0.002955    0.000018
   -2   -2    0    2    5   -0.007721   -0.000032
   -2   -2    0    3    5   -0.087557   -0.000043
   -2   -2    0    4    5    0.032118   -0.000002
   -2   -2    0    5    5    0.153148    0.000000
   -2   -2    0    6    5   -0.047167   -0.000023
   -2   -2    0    7    5    0.074235   -0.000169
   -2   -2    0    8    5   -0.060448   -0.000010
   -2   -2    0    9    5    0.001520   -0.000017
   -2   -2    0   10    5    0.014093   -0.000010
   -2   -2    0   11    5    0.046031   -0.000065
   -2   -2    0   12    5    0.014356   -0.000136
   -2   -2    0   13    5    0.015296    0.000024
   -2   -2    0   14    5    0.011700    0.000001
   -2   -2    0   15    5    0.007643   -0.000060
   -2   -2    0   16    5    0.021863   -0.000090
   -2   -2    0    1    6   -0.017120   -0.000011
   -2   -2    0    2    6   -0.068066   -0.000022
   -2   -2    0    3    6    0.229373   -0.000202
   -2   -2    0    4    6    0.012321   -0.000009
   -2   -2    0    5    6   -0.047167    0.000023
   -2   -2    0    6    6    0.066767   -0.000000
   -2   -2    0    7    6    0.029651    0.000144
   -2   -2    0    8    6    0.026989   -0.000012
   -2   -2    0    9    6    0.016305    0.000020
   -2   -2    0   10    6    0.064292   -0.000004
   -2   -2    0   11    6    0.047323    0.000008
   -2   -2    0   12    6   -0.031288    0.000056
   -2   -2    0   13    6   -0.000143    0.000001
   -2   -2    0   14    6   -0.012520    0.000002
   -2   -2    0   15    6   -0.034674    0.000016
   -2   -2    0   16    6   -0.021502    0.000014
   -2   -2    0    1    7    0.079959   -0.000298
   -2   -2    0    2    7   -0.094200    0.000078
   -2   -2    0    3    7    0.115986    0.000008
   -2   -2    0    4    7   -0.078403   -0.000093
   -2   -2    0    5    7    0.074235    0.000169
   -2   -2    0    6    7    0.029651   -0.000144
   -2   -2    0    7    7    0.073564    0.000000
   -2   -2    0    8    7    0.067382   -0.000056
   -2   -2    0    9    7   -0.061274    0.000053
   -2   -2    0   10    7   -0.003600    0.000010
   -2   -2    0   11    7    0.007972   -0.000070
   -2   -2    0   12    7    0.004726    0.000077
   -2   -2    0   13    7    0.033248    0.000151
   -2   -2    0   14    7    0.028958   -0.000004
   -2   -2    0   15    7    0.016617   -0.000008
   -2   -2    0   16    7   -0.002366   -0.000113
   -2   -2    0    1    8   -0.029364   -0.000015
   -2   -2    0    2    8    0.002148    0.000022
   -2   -2    0    3    8   -0.021745   -0.000001
   -2   -2    0    4    8    0.017172   -0.000004
   -2   -2    0    5    8   -0.060448    0.000010
   -2   -2    0    6    8    0.026989    0.000012
   -2   -2    0    7    8    0.067382    0.000056
   -2   -2    0    8    8    0.050152   -0.000000
   -2   -2    0    9    8    0.018575    0.000008
   -2   -2    0   10    8    0.007484    0.000006
   -2   -2    0   11    8   -0.008183    0.000016
   -2   -2    0   12    8   -0.044333    0.000037
   -2   -2    0   13    8   -0.052056   -0.000005
   -2   -2    0   14    8    0.013378   -0.000001
   -2   -2    0   15    8   -0.000785    0.000015
   -2   -2    0   16    8   -0.008559    0.000020
   -2   -2    0    1    9    0.001770   -0.000013
   -2   -2    0    2    9    0.045518    0.000033
   -2   -2    0    3    9    0.058707    0.000044
   -2   -2    0    4    9   -0.052914   -0.000006
   -2   -2    0    5    9    0.001520    0.000017
   -2   -2    0    6    9    0.016305   -0.000020
   -2   -2    0    7    9   -0.061274   -0.000053
   -2   -2    0    8    9    0.018575   -0.000008
   -2   -2    0    9    9    0.086466    0.000000
   -2   -2    0   10    9   -0.061730    0.000004
   -2   -2    0   11    9   -0.037210    0.000001
   -2   -2    0   12    9    0.066772   -0.000006
   -2   -2    0   13    9   -0.165357   -0.000012
   -2   -2    0   14    9   -0.007942   -0.000001
   -2   -2    0   15    9   -0.059253   -0.000001
   -2   -2    0   16    9    0.073171    0.000004
   -2   -2    0    1   10   -0.023503   -0.000004
   -2   -2    0    2   10   -0.124228   -0.000007
   -2   -2    0    3   10    0.082960    0.000001
   -2   -2    0    4   10    0.023843   -0.000001
   -2   -2    0    5   10    0.014093    0.000010
   -2   -2    0    6   10    0.064292    0.000004
   -2   -2    0    7   10   -0.003600   -0.000010
   -2   -2    0    8   10    0.007484   -0.000006
   -2   -2    0    9   10   -0.061730   -0.000004
   -2   -2    0   10   10   -0.319119    0.000000
   -2   -2    0   11   10   -0.081956   -0.000001
   -2   -2    0   12   10    0.053795   -0.000012
   -2   -2    0   13   10    0.065029    0.000002
   -2   -2    0   14   10    0.199603    0.000000
   -2   -2    0   15   10    0.059736   -0.000004
   -2   -2    0   16   10    0.031457   -0.000007
   -2   -2    0    1   11    0.000660   -0.000046
   -2   -2    0    2   11    0.010504    0.000039
   -2   -2    0    3   11   -0.086149    0.000131
   -2   -2    0    4   11   -0.008139   -0.000013
   -2   -2    0    5   11    0.046031    0.000065
   -2   -2    0    6   11    0.047323   -0.000008
   -2   -2    0    7   11    0.007972    0.000070
   -2   -2    0    8   11   -0.008183   -0.000016
   -2   -2    0    9   11   -0.037210   -0.000001
   -2   -2    0   10   11   -0.081956    0.000001
   -2   -2    0   11   11   -0.093589    0.000000
   -2   -2    0   12   11    0.089264   -0.000009
   -2   -2    0   13   11    0.134572   -0.000012
   -2   -2    0   14   11    0.063617   -0.000001
   -2   -2    0   15   11    0.047792   -0.000002
   -2   -2    0   16   11    0.130344    0.000003
   -2   -2    0    1   12   -0.031189   -0.000068
   -2   -2    0    2   12   -0.034644    0.000100
   -2   -2    0    3   12   -0.136001    0.000217
   -2   -2    0    4   12    0.003963   -0.000033
   -2   -2    0    5   12    0.014356    0.000136
   -2   -2    0    6   12   -0.031288   -0.000056
   -2   -2    0    7   12    0.004726   -0.000077
   -2   -2    0    8   12   -0.044333   -0.000037
   -2   -2    0    9   12    0.066772    0.000006
   -2   -2    0   10   12    0.053795    0.000012
   -2   -2    0   11   12    0.089264    0.000009
   -2   -2    0   12   12    0.195611   -0.000000
   -2   -2    0   13   12   -0.351043   -0.000031
   -2   -2    0   14   12   -0.049980   -0.000006
   -2   -2    0   15   12   -0.034672   -0.000005
   -2   -2    0   16   12    0.409714    0.000021
   -2   -2    0    1   13    0.021611    0.000066
   -2   -2    0    2   13   -0.008404   -0.000019
   -2   -2    0    3   13   -0.067761    0.000089
   -2   -2    0    4   13    0.013820    0.000019
   -2   -2    0    5   13    0.015296   -0.000024
   -2   -2    0    6   13   -0.000143   -0.000001
   -2   -2    0    7   13    0.033248   -0.000151
   -2   -2    0    8   13   -0.052056    0.000005
   -2   -2    0    9   13   -0.165357    0.000012
   -2   -2    0   10   13    0.065029   -0.000002
   -2   -2    0   11   13    0.134572    0.000012
   -2   -2    0   12   13   -0.351043    0.000031
   -2   -2    0   13   13    0.204695    0.000000
   -2   -2    0   14   13   -0.106410   -0.000002
   -2   -2    0   15   13   -0.036899    0.000007
   -2   -2    0   16   13    0.060201    0.000011
   -2   -2    0    1   14    0.000369    0.000000
   -2   -2    0    2   14    0.016178    0.000004
   -2   -2    0    3   14   -0.026383   -0.000004
   -2   -2    0    4   14   -0.013114    0.000001
   -2   -2    0    5   14    0.011700   -0.000001
   -2   -2    0    6   14   -0.012520   -0.000002
   -2   -2    0    7   14    0.028958    0.000004
   -2   -2    0    8   14    0.013378    0.000001
   -2   -2    0    9   14   -0.007942    0.000001
   -2   -2    0   10   14    0.199603   -0.000000
   -2   -2    0   11   14    0.063617    0.000001
   -2   -2    0   12   14   -0.049980    0.000006
   -2   -2    0   13   14   -0.106410    0.000002
   -2   -2    0   14   14   -0.165569    0.000000
   -2   -2    0   15   14   -0.003522    0.000002
   -2   -2    0   16   14   -0.001535    0.000002
   -2   -2    0    1   15   -0.009426   -0.000024
   -2   -2    0    2   15    0.010602    0.000031
   -2   -2    0    3   15   -0.072119    0.000110
   -2   -2    0    4   15    0.017477   -0.000011
   -2   -2    0    5   15    0.007643    0.000060
   -2   -2    0    6   15   -0.034674   -0.000016
   -2   -2    0    7   15    0.016617    0.000008
   -2   -2    0    8   15   -0.000785   -0.000015
   -2   -2    0    9   15   -0.059253    0.000001
   -2   -2    0   10   15    0.059736    0.000004
   -2   -2    0   11   15    0.047792    0.000002
   -2   -2    0   12   15   -0.034672    0.000005
   -2   -2    0   13   15   -0.036899   -0.000007
   -2   -2    0   14   15   -0.003522   -0.000002
   -2   -2    0   15   15    0.008823   -0.000000
   -2   -2    0   16   15    0.103434    0.000007
   -2   -2    0    1   16   -0.041017   -0.000077
   -2   -2    0    2   16   -0.017363    0.000062
   -2   -2    0    3   16   -0.037874    0.000044
   -2   -2    0    4   16    0.000110   -0.000025
   -2   -2    0    5   16    0.021863    0.000090
   -2   -2    0    6   16   -0.021502   -0.000014
   -2   -2    0    7   16   -0.002366    0.000113
   -2   -2    0    8   16   -0.008559   -0.000020
   -2   -2    0    9   16    0.073171   -0.000004
   -2   -2    0   10   16    0.031457    0.000007
   -2   -2    0   11   16    0.130344   -0.000003
   -2   -2    0   12   16    0.409714   -0.000021
   -2   -2    0   13   16    0.060201   -0.000011
   -2   -2    0   14   16   -0.001535   -0.000002
   -2   -2    0   15   16    0.103434   -0.000007
   -2   -2    0   16   16    0.206780   -0.000000
   -2   -1    0    1    1   -0.035891   -0.000001
   -2   -1    0    2    1   -0.012185    0.000045
   -2   -1    0    3    1   -0.033407    0.000034
   -2   -1    0    4    1    0.015503    0.000006
   -2   -1    0    5    1   -0.207414   -0.000019
   -2   -1    0    6    1    0.010319    0.000019
   -2   -1    0    7    1    0.010325    0.000160
   -2   -1    0    8    1    0.002796    0.000016
   -2   -1    0    9    1   -0.044157    0.000020
   -2   -1    0   10    1    0.046328    0.000010
   -2   -1    0   11    1    0.007938    0.000062
   -2   -1    0   12    1   -0.048639    0.000130
   -2   -1    0   13    1    0.009661   -0.000025
   -2   -1    0   14    1   -0.021666   -0.000000
   -2   -1    0   15    1   -0.000087    0.000056
   -2   -1    0   16    1   -0.019748    0.000085
   -2   -1    0    1    2   -0.008056    0.000014
   -2   -1    0    2    2    0.056793   -0.000000
   -2   -1    0    3    2    0.014352    0.000203
   -2   -1    0    4    2   -0.009919    0.000016
   -2   -1    0    5    2    0.072692    0.000030
   -2   -1    0    6    2    0.009789    0.000022
   -2   -1    0    7    2   -0.102122   -0.000109
   -2   -1    0    8    2   -0.057234   -0.000009
   -2   -1    0    9    2    0.090569   -0.000017
   -2   -1    0   10    2   -0.020966    0.000006
   -2   -1    0   11    2   -0.045267   -0.000013
   -2   -1    0   12    2    0.041503   -0.000050
   -2   -1    0   13    2   -0.007145    0.000014
   -2   -1    0   14    2    0.008342   -0.000004
   -2   -1    0   15    2   -0.016646   -0.000012
   -2   -1    0   16    2    0.008703   -0.000029
   -2   -1    0    1    3   -0.034698    0.000323
   -2   -1    0    2    3    0.012867   -0.000081
   -2   -1    0    3    3    0.004877   -0.000003
   -2   -1    0    4    3    0.159792    0.000101
   -2   -1    0    5    3   -0.021850   -0.000179
   -2   -1    0    6    3    0.034752    0.000147
   -2   -1    0    7    3   -0.108649    0.000011
   -2   -1    0    8    3    0.011445    0.000062
   -2   -1    0    9    3    0.005820   -0.000043
   -2   -1    0   10    3   -0.053404   -0.000011
   -2   -1    0   11    3   -0.038227    0.000085
   -2   -1    0   12    3   -0.013335   -0.000043
   -2   -1    0   13    3   -0.080396   -0.000139
   -2   -1    0   14    3    0.036898    0.000003
   -2   -1    0   15    3    0.012745    0.000023
   -2   -1    0   16    3    0.032256    0.000120
   -2   -1    0    1    4   -0.000571    0.000010
   -2   -1    0    2    4   -0.016906    0.000009
   -2   -1    0    3    4    0.043311    0.000006
   -2   -1    0    4    4    0.020233    0.000003
   -2   -1    0    5    4   -0.009422   -0.000017
   -2   -1    0    6    4    0.077128    0.000023
   -2   -1    0    7    4    0.024065    0.000045
   -2   -1    0    8    4    0.134700    0.000011
   -2   -1    0    9    4    0.009636    0.000004
   -2   -1    0   10    4    0.040143    0.000005
   -2   -1    0   11    4    0.013036    0.000026
   -2   -1    0   12    4   -0.024501    0.000045
   -2   -1    0   13    4    0.005603   -0.000011
   -2   -1    0   14    4    0.000784   -0.000001
   -2   -1    0   15    4   -0.026648    0.000020
   -2   -1    0   16    4    0.001400    0.000036
   -2   -1    0    1    5   -0.226209    0.000014
   -2   -1    0    2    5    0.035141    0.000006
   -2   -1    0    3    5   -0.020835    0.000082
   -2   -1    0    4    5   -0.096214    0.000000
   -2   -1    0    5    5   -0.032282   -0.000002
   -2   -1    0    6    5   -0.047627    0.000008
   -2   -1    0    7    5    0.050619    0.000022
   -2   -1    0    8    5    0.004958    0.000002
   -2   -1    0    9    5   -0.011343   -0.000024
   -2   -1    0   10    5    0.046424    0.000009
   -2   -1    0   11    5    0.051654   -0.000041
   -2   -1    0   12    5   -0.009769   -0.000096
   -2   -1    0   13    5    0.025496    0.000005
   -2   -1    0   14    5   -0.024705   -0.000010
   -2   -1    0   15    5    0.017665   -0.000026
   -2   -1    0   16    5   -0.006696   -0.000062
   -2   -1    0    1    6   -0.004090    0.000028
   -2   -1    0    2    6   -0.055509   -0.000012
   -2   -1    0    3    6    0.055909   -0.000103
   -2   -1    0    4    6   -0.024125    0.000010
   -2   -1    0    5    6    0.009382    0.000014
   -2   -1    0    6    6    0.062587    0.000011
   -2   -1    0    7    6   -0.201298    0.000202
   -2   -1    0    8    6    0.026936    0.000007
   -2   -1    0    9    6    0.077407    0.000030
   -2   -1    0   10    6   -0.092768   -0.000000
   -2   -1    0   11    6    0.046769    0.000028
   -2   -1    0   12    6    0.028813    0.000094
   -2   -1    0   13    6    0.033016   -0.000003
   -2   -1    0   14    6   -0.018694    0.000003
   -2   -1    0   15    6    0.025606    0.000031
   -2   -1    0   16    6   -0.013915    0.000044
   -2   -1    0    1    7    0.034445   -0.000126
   -2   -1    0    2    7   -0.001061    0.000177
   -2   -1    0    3    7   -0.064547    0.000010
   -2   -1    0    4    7    0.013186   -0.000053
   -2   -1    0    5    7    0.025211    0.000289
   -2   -1    0    6    7    0.023229   -0.000044
   -2   -1    0    7    7    0.027120   -0.000014
   -2   -1    0    8    7    0.055237   -0.000079
   -2   -1    0    9    7   -0.011707   -0.000041
   -2   -1    0   10    7    0.005050    0.000005
   -2   -1    0   11    7    0.033440   -0.000131
   -2   -1    0   12    7   -0.018465   -0.000220
   -2   -1    0   13    7    0.013318   -0.000107
   -2   -1    0   14    7    0.012542    0.000001
   -2   -1    0   15    7   -0.008226   -0.000116
   -2   -1    0   16    7    0.017181   -0.000036
   -2   -1    0    1    8    0.094732   -0.000003
   -2   -1    0    2    8   -0.012624    0.000014
   -2   -1    0    3    8    0.009821   -0.000029
   -2   -1    0    4    8   -0.009698    0.000000
   -2   -1    0    5    8   -0.019697    0.000008
   -2   -1    0    6    8    0.019449   -0.000003
   -2   -1    0    7    8    0.118438    0.000010
   -2   -1    0    8    8    0.023392   -0.000001
   -2   -1    0    9    8   -0.030556    0.000005
   -2   -1    0   10    8   -0.048793   -0.000003
   -2   -1    0   11    8   -0.029375    0.000005
   -2   -1    0   12    8    0.020280    0.000016
   -2   -1    0   13    8    0.016126   -0.000013
   -2   -1    0   14    8    0.012787    0.000003
   -2   -1    0   15    8    0.026056    0.000004
   -2   -1    0   16    8   -0.006920    0.000018
   -2   -1    0    1    9   -0.029375   -0.000013
   -2   -1    0    2    9    0.037636    0.000035
   -2   -1    0    3    9   -0.008238   -0.000046
   -2   -1    0    4    9    0.006318   -0.000007
   -2   -1    0    5    9   -0.008344    0.000012
   -2   -1    0    6    9    0.005408   -0.000020
   -2   -1    0    7    9   -0.035822   -0.000040
   -2   -1    0    8    9    0.004399   -0.000006
   -2   -1    0    9    9    0.128664   -0.000004
   -2   -1    0   10    9    0.026889    0.000004
   -2   -1    0   11    9    0.106872    0.000002
   -2   -1    0   12    9    0.041712    0.000001
   -2   -1    0   13    9    0.149633   -0.000007
   -2   -1    0   14    9    0.013956   -0.000000
   -2   -1    0   15    9   -0.265561    0.000003
   -2   -1    0   16    9   -0.156204    0.000008
   -2   -1    0    1   10    0.021978    0.000006
   -2   -1    0    2   10   -0.041041   -0.000003
   -2   -1    0    3   10    0.099558   -0.000003
   -2   -1    0    4   10    0.006857    0.000004
   -2   -1    0    5   10    0.027104    0.000004
   -2   -1    0    6   10    0.084284    0.000006
   -2   -1    0    7   10   -0.056488   -0.000001
   -2   -1    0    8   10   -0.003047   -0.000002
   -2   -1    0    9   10    0.006836    0.000002
   -2   -1    0   10   10   -0.111610   -0.000001
   -2   -1    0   11   10   -0.030657   -0.000002
   -2   -1    0   12   10   -0.059179    0.000005
   -2   -1    0   13   10    0.125829    0.000006
   -2   -1    0   14   10    0.036867    0.000000
   -2   -1    0   15   10   -0.102585    0.000003
   -2   -1    0   16   10   -0.046882   -0.000006
   -2   -1    0    1   11    0.049818   -0.000011
   -2   -1    0    2   11   -0.043678    0.000035
   -2   -1    0    3   11    0.020073    0.000090
   -2   -1    0    4   11   -0.021414    0.000003
   -2   -1    0    5   11    0.041579    0.000044
   -2   -1    0    6   11   -0.046586   -0.000026
   -2   -1    0    7   11   -0.024004   -0.000132
   -2   -1    0    8   11   -0.006566   -0.000019
   -2   -1    0    9   11   -0.270456    0.000001
   -2   -1    0   10   11   -0.144039   -0.000002
   -2   -1    0   11   11    0.044376    0.000004
   -2   -1    0   12   11    0.033890    0.000000
   -2   -1    0   13   11    0.007919   -0.000009
   -2   -1    0   14   11    0.062524    0.000002
   -2   -1    0   15   11    0.004867    0.000003
   -2   -1    0   16   11    0.311803    0.000006
   -2   -1    0    1   12   -0.022633   -0.000024
   -2   -1    0    2   12    0.021827    0.000102
   -2   -1    0    3   12    0.005325   -0.000052
   -2   -1    0    4   12   -0.007672   -0.000007
   -2   -1    0    5   12   -0.006936    0.000068
   -2   -1    0    6   12    0.071877   -0.000064
   -2   -1    0    7   12    0.071864   -0.000210
   -2   -1    0    8   12    0.024330   -0.000030
   -2   -1    0    9   12   -0.093496    0.000005
   -2   -1    0   10   12   -0.035363    0.000008
   -2   -1    0   11   12    0.147703    0.000013
   -2   -1    0   12   12   -0.115757    0.000006
   -2   -1    0   13   12    0.213214   -0.000015
   -2   -1    0   14   12    0.044615   -0.000002
   -2   -1    0   15   12    0.374573    0.000006
   -2   -1    0   16   12   -0.212039    0.000011
   -2   -1    0    1   13    0.049241    0.000039
   -2   -1    0    2   13   -0.111831   -0.000006
   -2   -1    0    3   13   -0.004910   -0.000161
   -2   -1    0    4   13    0.015328    0.000004
   -2   -1    0    5   13    0.014216   -0.000068
   -2   -1    0    6   13   -0.069650    0.000024
   -2   -1    0    7   13   -0.022519   -0.000091
   -2   -1    0    8   13    0.003455    0.000014
   -2   -1    0    9   13   -0.098374    0.000002
   -2   -1    0   10   13    0.070457    0.000007
   -2   -1    0   11   13    0.122378    0.000005
   -2   -1    0   12   13   -0.102255    0.000015
   -2   -1    0   13   13    0.248191   -0.000001
   -2   -1    0   14   13   -0.073158    0.000000
   -2   -1    0   15   13   -0.017002    0.000003
   -2   -1    0   16   13   -0.071543    0.000007
   -2   -1    0    1   14   -0.034260   -0.000002
   -2   -1    0    2   14    0.008978    0.000005
   -2   -1    0    3   14   -0.033769   -0.000001
   -2   -1    0    4   14   -0.007833   -0.000001
   -2   -1    0    5   14   -0.005677   -0.000001
   -2   -1    0    6   14   -0.000417   -0.000003
   -2   -1    0    7   14    0.024413    0.000004
   -2   -1    0    8   14    0.016268    0.000001
   -2   -1    0    9   14   -0.018202    0.000001
   -2   -1    0   10   14    0.089849    0.000000
   -2   -1    0   11   14    0.024073    0.000002
   -2   -1    0   12   14    0.034215    0.000001
   -2   -1    0   13   14   -0.086853   -0.000001
   -2   -1    0   14   14   -0.095189   -0.000000
   -2   -1    0   15   14    0.041410   -0.000001
   -2   -1    0   16   14    0.036011    0.000003
   -2   -1    0    1   15    0.008739    0.000012
   -2   -1    0    2   15    0.040948    0.000032
   -2   -1    0    3   15   -0.012598    0.000018
   -2   -1    0    4   15   -0.007441    0.000004
   -2   -1    0    5   15    0.003859    0.000026
   -2   -1    0    6   15   -0.005205   -0.000017
   -2   -1    0    7   15    0.044141   -0.000111
   -2   -1    0    8   15   -0.006701   -0.000010
   -2   -1    0    9   15   -0.008201    0.000006
   -2   -1    0   10   15   -0.023449    0.000003
   -2   -1    0   11   15    0.199988    0.000006
   -2   -1    0   12   15   -0.052682    0.000008
   -2   -1    0   13   15   -0.073435   -0.000003
   -2   -1    0   14   15   -0.016912   -0.000001
   -2   -1    0   15   15    0.162080    0.000002
   -2   -1    0   16   15    0.056481    0.000004
   -2   -1    0    1   16   -0.027639   -0.000048
   -2   -1    0    2   16   -0.030328    0.000051
   -2   -1    0    3   16    0.042102    0.000133
   -2   -1    0    4   16   -0.013545   -0.000004
   -2   -1    0    5   16    0.012044    0.000076
   -2   -1    0    6   16    0.066635   -0.000049
   -2   -1    0    7   16    0.007246   -0.000040
   -2   -1    0    8   16    0.009874   -0.000023
   -2   -1    0    9   16   -0.085272    0.000002
   -2   -1    0   10   16   -0.044274   -0.000004
   -2   -1    0   11   16   -0.067996    0.000001
   -2   -1    0   12   16   -0.027115   -0.000013
   -2   -1    0   13   16    0.012192   -0.000011
   -2   -1    0   14   16    0.038216    0.000001
   -2   -1    0   15   16    0.088459   -0.000002
   -2   -1    0   16   16    0.015418    0.000001
   -2    0    0    1    1    0.198398   -0.000000
   -2    0    0    2    1   -0.024647    0.000003
   -2    0    0    3    1   -0.020279   -0.000113
   -2    0    0    4    1    0.034957    0.000004
   -2    0    0    5    1   -0.004165   -0.000016
   -2    0    0    6    1    0.067663   -0.000020
   -2    0    0    7    1    0.132524   -0.000011
   -2    0    0    8    1    0.018813    0.000003
   -2    0    0    9    1   -0.041927    0.000024
   -2    0    0   10    1    0.013318   -0.000009
   -2    0    0   11    1    0.017979    0.000033
   -2    0    0   12    1   -0.062028    0.000089
   -2    0    0   13    1    0.009585   -0.000009
   -2    0    0   14    1   -0.014187    0.000010
   -2    0    0   15    1    0.005076    0.000023
   -2    0    0   16    1   -0.024711    0.000056
   -2    0    0    1    2   -0.024647   -0.000003
   -2    0    0    2    2    0.157544   -0.000000
   -2    0    0    3    2   -0.033447    0.000174
   -2    0    0    4    2   -0.001567    0.000002
   -2    0    0    5    2    0.010116   -0.000016
   -2    0    0    6    2   -0.032963    0.000011
   -2    0    0    7    2   -0.040116   -0.000206
   -2    0    0    8    2   -0.040409    0.000001
   -2    0    0    9    2    0.079832   -0.000020
   -2    0    0   10    2    0.147546    0.000002
   -2    0    0   11    2    0.088369   -0.000012
   -2    0    0   12    2    0.025996   -0.000057
   -2    0    0   13    2   -0.002914    0.000001
   -2    0    0   14    2    0.002395   -0.000005
   -2    0    0   15    2   -0.035789   -0.000016
   -2    0    0   16    2    0.011246   -0.000023
   -2    0    0    1    3   -0.020279    0.000113
   -2    0    0    2    3   -0.033447   -0.000174
   -2    0    0    3    3    0.102117   -0.000000
   -2    0    0    4    3   -0.024668    0.000046
   -2    0    0    5    3   -0.145455   -0.000309
   -2    0    0    6    3    0.058858    0.000044
   -2    0    0    7    3   -0.103156    0.000009
   -2    0    0    8    3   -0.035194    0.000090
   -2    0    0    9    3    0.044342    0.000044
   -2    0    0   10    3    0.000459   -0.000005
   -2    0    0   11    3   -0.026822    0.000125
   -2    0    0   12    3    0.003786    0.000221
   -2    0    0   13    3   -0.013271    0.000114
   -2    0    0   14    3    0.022702   -0.000001
   -2    0    0   15    3    0.006026    0.000113
   -2    0    0   16    3   -0.032071    0.000029
   -2    0    0    1    4    0.034957   -0.000004
   -2    0    0    2    4   -0.001567   -0.000002
   -2    0    0    3    4   -0.024668   -0.000046
   -2    0    0    4    4    0.056121   -0.000000
   -2    0    0    5    4   -0.020196   -0.000015
   -2    0    0    6    4    0.035491    0.000006
   -2    0    0    7    4    0.002184    0.000004
   -2    0    0    8    4    0.004763    0.000005
   -2    0    0    9    4    0.001494    0.000007
   -2    0    0   10    4   -0.006469   -0.000003
   -2    0    0   11    4    0.025110    0.000012
   -2    0    0   12    4   -0.021198    0.000022
   -2    0    0   13    4   -0.023352    0.000000
   -2    0    0   14    4    0.003308    0.000003
   -2    0    0   15    4    0.015926    0.000006
   -2    0    0   16    4   -0.008808    0.000015
   -2    0    0    1    5   -0.004165    0.000016
   -2    0    0    2    5    0.010116    0.000016
   -2    0    0    3    5   -0.145455    0.000309
   -2    0    0    4    5   -0.020196    0.000015
   -2    0    0    5    5    0.201006   -0.000000
   -2    0    0    6    5   -0.014902    0.000018
   -2    0    0    7    5    0.007057   -0.000097
   -2    0    0    8    5   -0.036150    0.000002
   -2    0    0    9    5   -0.032469   -0.000016
   -2    0    0   10    5   -0.010761    0.000005
   -2    0    0   11    5    0.030507   -0.000015
   -2    0    0   12    5   -0.013688   -0.000025
   -2    0    0   13    5   -0.019513    0.000038
   -2    0    0   14    5   -0.003969   -0.000001
   -2    0    0   15    5    0.016628    0.000011
   -2    0    0   16    5    0.015334   -0.000048
   -2    0    0    1    6    0.067663    0.000020
   -2    0    0    2    6   -0.032963   -0.000011
   -2    0    0    3    6    0.058858   -0.000044
   -2    0    0    4    6    0.035491   -0.000006
   -2    0    0    5    6   -0.014902   -0.000018
   -2    0    0    6    6   -0.017233   -0.000000
   -2    0    0    7    6   -0.020781    0.000105
   -2    0    0    8    6   -0.017459    0.000022
   -2    0    0    9    6    0.044279    0.000029
   -2    0    0   10    6    0.054873   -0.000002
   -2    0    0   11    6   -0.010376    0.000047
   -2    0    0   12    6    0.078043    0.000101
   -2    0    0   13    6   -0.015445   -0.000027
   -2    0    0   14    6   -0.030317    0.000004
   -2    0    0   15    6    0.047850    0.000031
   -2    0    0   16    6    0.023048    0.000077
   -2    0    0    1    7    0.132524    0.000011
   -2    0    0    2    7   -0.040116    0.000206
   -2    0    0    3    7   -0.103156   -0.000009
   -2    0    0    4    7    0.002184   -0.000004
   -2    0    0    5    7    0.007057    0.000097
   -2    0    0    6    7   -0.020781   -0.000105
   -2    0    0    7    7    0.161431   -0.000000
   -2    0    0    8    7   -0.018769   -0.000034
   -2    0    0    9    7    0.010262   -0.000053
   -2    0    0   10    7   -0.026036   -0.000003
   -2    0    0   11    7    0.004536    0.000074
   -2    0    0   12    7    0.004284   -0.000083
   -2    0    0   13    7   -0.001857   -0.000167
   -2    0    0   14    7    0.012513   -0.000001
   -2    0    0   15    7    0.008866    0.000004
   -2    0    0   16    7   -0.004707    0.000122
   -2    0    0    1    8    0.018813   -0.000003
   -2    0    0    2    8   -0.040409   -0.000001
   -2    0    0    3    8   -0.035194   -0.000090
   -2    0    0    4    8    0.004763   -0.000005
   -2    0    0    5    8   -0.036150   -0.000002
   -2    0    0    6    8   -0.017459   -0.000022
   -2    0    0    7    8   -0.018769    0.000034
   -2    0    0    8    8    0.033994   -0.000000
   -2    0    0    9    8    0.009523    0.000002
   -2    0    0   10    8   -0.002666   -0.000005
   -2    0    0   11    8    0.008504    0.000007
   -2    0    0   12    8    0.023504    0.000008
   -2    0    0   13    8    0.019345   -0.000018
   -2    0    0   14    8    0.004793    0.000001
   -2    0    0   15    8   -0.008477   -0.000002
   -2    0    0   16    8    0.003919    0.000021
   -2    0    0    1    9   -0.041927   -0.000024
   -2    0    0    2    9    0.079832    0.000020
   -2    0    0    3    9    0.044342   -0.000044
   -2    0    0    4    9    0.001494   -0.000007
   -2    0    0    5    9   -0.032469    0.000016
   -2    0    0    6    9    0.044279   -0.000029
   -2    0    0    7    9    0.010262    0.000053
   -2    0    0    8    9    0.009523   -0.000002
   -2    0    0    9    9    0.009948    0.000000
   -2    0    0   10    9    0.042512   -0.000001
   -2    0    0   11    9   -0.013988   -0.000000
   -2    0    0   12    9   -0.019454    0.000000
   -2    0    0   13    9   -0.059316    0.000003
   -2    0    0   14    9   -0.014260   -0.000001
   -2    0    0   15    9    0.138677   -0.000001
   -2    0    0   16    9   -0.063422   -0.000000
   -2    0    0    1   10    0.013318    0.000009
   -2    0    0    2   10    0.147546   -0.000002
   -2    0    0    3   10    0.000459    0.000005
   -2    0    0    4   10   -0.006469    0.000003
   -2    0    0    5   10   -0.010761   -0.000005
   -2    0    0    6   10    0.054873    0.000002
   -2    0    0    7   10   -0.026036    0.000003
   -2    0    0    8   10   -0.002666    0.000005
   -2    0    0    9   10    0.042512    0.000001
   -2    0    0   10   10   -0.155418    0.000000
   -2    0    0   11   10    0.058109    0.000001
   -2    0    0   12   10    0.036582    0.000006
   -2    0    0   13   10    0.070479    0.000001
   -2    0    0   14   10    0.169464   -0.000000
   -2    0    0   15   10    0.048488    0.000002
   -2    0    0   16   10    0.027197    0.000001
   -2    0    0    1   11    0.017979   -0.000033
   -2    0    0    2   11    0.088369    0.000012
   -2    0    0    3   11   -0.026822   -0.000125
   -2    0    0    4   11    0.025110   -0.000012
   -2    0    0    5   11    0.030507    0.000015
   -2    0    0    6   11   -0.010376   -0.000047
   -2    0    0    7   11    0.004536   -0.000074
   -2    0    0    8   11    0.008504   -0.000007
   -2    0    0    9   11   -0.013988    0.000000
   -2    0    0   10   11    0.058109   -0.000001
   -2    0    0   11   11    0.309554    0.000000
   -2    0    0   12   11   -0.159778   -0.000002
   -2    0    0   13   11   -0.032700   -0.000003
   -2    0    0   14   11   -0.038520   -0.000001
   -2    0    0   15   11    0.010993   -0.000002
   -2    0    0   16   11    0.082563    0.000002
   -2    0    0    1   12   -0.062028   -0.000089
   -2    0    0    2   12    0.025996    0.000057
   -2    0    0    3   12    0.003786   -0.000221
   -2    0    0    4   12   -0.021198   -0.000022
   -2    0    0    5   12   -0.013688    0.000025
   -2    0    0    6   12    0.078043   -0.000101
   -2    0    0    7   12    0.004284    0.000083
   -2    0    0    8   12    0.023504   -0.000008
   -2    0    0    9   12   -0.019454   -0.000000
   -2    0    0   10   12    0.036582   -0.000006
   -2    0    0   11   12   -0.159778    0.000002
   -2    0    0   12   12    0.202202   -0.000000
   -2    0    0   13   12    0.111721   -0.000001
   -2    0    0   14   12   -0.036718    0.000002
   -2    0    0   15   12   -0.098201    0.000002
   -2    0    0   16   12    0.133714    0.000003
   -2    0    0    1   13    0.009585    0.000009
   -2    0    0    2   13   -0.002914   -0.000001
   -2    0    0    3   13   -0.013271   -0.000114
   -2    0    0    4   13   -0.023352   -0.000000
   -2    0    0    5   13   -0.019513   -0.000038
   -2    0    0    6   13   -0.015445    0.000027
   -2    0    0    7   13   -0.001857    0.000167
   -2    0    0    8   13    0.019345    0.000018
   -2    0    0    9   13   -0.059316   -0.000003
   -2    0    0   10   13    0.070479   -0.000001
   -2    0    0   11   13   -0.032700    0.000003
   -2    0    0   12   13    0.111721    0.000001
   -2    0    0   13   13   -0.088347   -0.000000
   -2    0    0   14   13   -0.114957    0.000004
   -2    0    0   15   13    0.237607    0.000001
   -2    0    0   16   13   -0.158600    0.000007
   -2    0    0    1   14   -0.014187   -0.000010
   -2    0    0    2   14    0.002395    0.000005
   -2    0    0    3   14    0.022702    0.000001
   -2    0    0    4   14    0.003308   -0.000003
   -2    0    0    5   14   -0.003969    0.000001
   -2    0    0    6   14   -0.030317   -0.000004
   -2    0    0    7   14    0.012513    0.000001
   -2    0    0    8   14    0.004793   -0.000001
   -2    0    0    9   14   -0.014260    0.000001
   -2    0    0   10   14    0.169464    0.000000
   -2    0    0   11   14   -0.038520    0.000001
   -2    0    0   12   14   -0.036718   -0.000002
   -2    0    0   13   14   -0.114957   -0.000004
   -2    0    0   14   14   -0.125908   -0.000000
   -2    0    0   15   14   -0.020166   -0.000001
   -2    0    0   16   14    0.001138    0.000003
   -2    0    0    1   15    0.005076   -0.000023
   -2    0    0    2   15   -0.035789    0.000016
   -2    0    0    3   15    0.006026   -0.000113
   -2    0    0    4   15    0.015926   -0.000006
   -2    0    0    5   15    0.016628   -0.000011
   -2    0    0    6   15    0.047850   -0.000031
   -2    0    0    7   15    0.008866   -0.000004
   -2    0    0    8   15   -0.008477    0.000002
   -2    0    0    9   15    0.138677    0.000001
   -2    0    0   10   15    0.048488   -0.000002
   -2    0    0   11   15    0.010993    0.000002
   -2    0    0   12   15   -0.098201   -0.000002
   -2    0    0   13   15    0.237607   -0.000001
   -2    0    0   14   15   -0.020166    0.000001
   -2    0    0   15   15    0.029251   -0.000000
   -2    0    0   16   15    0.004069    0.000001
   -2    0    0    1   16   -0.024711   -0.000056
   -2    0    0    2   16    0.011246    0.000023
   -2    0    0    3   16   -0.032071   -0.000029
   -2    0    0    4   16   -0.008808   -0.000015
   -2    0    0    5   16    0.015334    0.000048
   -2    0    0    6   16    0.023048   -0.000077
   -2    0    0    7   16   -0.004707   -0.000122
   -2    0    0    8   16    0.003919   -0.000021
   -2    0    0    9   16   -0.063422    0.000000
   -2    0    0   10   16    0.027197   -0.000001
   -2    0    0   11   16    0.082563   -0.000002
   -2    0    0   12   16    0.133714   -0.000003
   -2    0    0   13   16   -0.158600   -0.000007
   -2    0    0   14   16    0.001138   -0.000003
   -2    0    0   15   16    0.004069   -0.000001
   -2    0    0   16   16    0.116044   -0.000000
   -1   -2    0    1    1   -0.063680   -0.000011
   -1   -2    0    2    1   -0.003566   -0.000001
   -1   -2    0    3    1   -0.041681   -0.000178
   -1   -2    0    4    1    0.038985   -0.000004
   -1   -2    0    5    1   -0.024084   -0.000016
   -1   -2    0    6    1    0.036852    0.000003
   -1   -2    0    7    1   -0.046458    0.000336
   -1   -2    0    8    1   -0.013644    0.000020
   -1   -2    0    9    1   -0.030736    0.000014
   -1   -2    0   10    1    0.057402   -0.000010
   -1   -2    0   11    1   -0.004664    0.000047
   -1   -2    0   12    1   -0.078691    0.000072
   -1   -2    0   13    1   -0.006666   -0.000014
   -1   -2    0   14    1   -0.024543    0.000005
   -1   -2    0   15    1   -0.018738    0.000024
   -1   -2    0   16    1   -0.016730    0.000072
   -1   -2    0    1    2    0.119277   -0.000027
   -1   -2    0    2    2    0.085341    0.000004
   -1   -2    0    3    2   -0.075939    0.000102
   -1   -2    0    4    2   -0.008354   -0.000003
   -1   -2    0    5    2    0.009474   -0.000009
   -1   -2    0    6    2   -0.217612    0.000005
   -1   -2    0    7    2   -0.056347   -0.000112
   -1   -2    0    8    2   -0.044636   -0.000002
   -1   -2    0    9    2    0.005886   -0.000020
   -1   -2    0   10    2    0.088629    0.000000
   -1   -2    0   11    2    0.017772   -0.000021
   -1   -2    0   12    2    0.018901   -0.000065
   -1   -2    0   13    2   -0.044248    0.000019
   -1   -2    0   14    2    0.006461   -0.000003
   -1   -2    0   15    2   -0.005960   -0.000021
   -1   -2    0   16    2   -0.046221   -0.000042
   -1   -2    0    1    3   -0.010004    0.000173
   -1   -2    0    2    3   -0.017076   -0.000148
   -1   -2    0    3    3   -0.000583   -0.000018
   -1   -2    0    4    3   -0.014144    0.000050
   -1   -2    0    5    3    0.048484    0.000012
   -1   -2    0    6    3   -0.033960    0.000119
   -1   -2    0    7    3   -0.005390    0.000018
   -1   -2    0    8    3    0.054108    0.000005
   -1   -2    0    9    3   -0.009717   -0.000051
   -1   -2    0   10    3   -0.009946   -0.000022
   -1   -2    0   11    3    0.074874   -0.000147
   -1   -2    0   12    3    0.042263   -0.000228
   -1   -2    0   13    3    0.023719   -0.000093
   -1   -2    0   14    3    0.010381    0.000011
   -1   -2    0   15    3   -0.003307   -0.000118
   -1   -2    0   16    3    0.043374   -0.000048
   -1   -2    0    1    4   -0.041355    0.000000
   -1   -2    0    2    4   -0.027838    0.000003
   -1   -2    0    3    4   -0.022672   -0.000059
   -1   -2    0    4    4    0.078309   -0.000002
   -1   -2    0    5    4    0.010719   -0.000010
   -1   -2    0    6    4    0.049116    0.000007
   -1   -2    0    7    4    0.111872    0.000101
   -1   -2    0    8    4    0.025189    0.000008
   -1   -2    0    9    4    0.020149    0.000001
   -1   -2    0   10    4    0.009947   -0.000004
   -1   -2    0   11    4   -0.015037    0.000006
   -1   -2    0   12    4   -0.020494    0.000004
   -1   -2    0   13    4   -0.013909   -0.000016
   -1   -2    0   14    4   -0.013534    0.000002
   -1   -2    0   15    4   -0.030946    0.000002
   -1   -2    0   16    4    0.000474    0.000021
   -1   -2    0    1    5   -0.429014    0.000039
   -1   -2    0    2    5   -0.069976    0.000030
   -1   -2    0    3    5    0.854672    0.000005
   -1   -2    0    4    5    1.377311    0.000010
   -1   -2    0    5    5   -0.057836   -0.000008
   -1   -2    0    6    5    0.078724    0.000017
   -1   -2    0    7    5    0.000735   -0.000169
   -1   -2    0    8    5    0.039645    0.000002
   -1   -2    0    9    5   -0.015467   -0.000038
   -1   -2    0   10    5    0.014065    0.000009
   -1   -2    0   11    5    0.025870   -0.000057
   -1   -2    0   12    5    0.012100   -0.000106
   -1   -2    0   13    5    0.003667    0.000011
   -1   -2    0   14    5   -0.031459    0.000000
   -1   -2    0   15    5    0.020105   -0.000035
   -1   -2    0   16    5    0.019833   -0.000066
   -1   -2    0    1    6   -0.037438    0.000028
   -1   -2    0    2    6    0.408948   -0.000011
   -1   -2    0    3    6    0.052136   -0.000120
   -1   -2    0    4    6   -0.053761    0.000001
   -1   -2    0    5    6   -0.045529   -0.000040
   -1   -2    0    6    6   -0.023091    0.000006
   -1   -2    0    7    6   -0.060762    0.000084
   -1   -2    0    8    6    0.047983    0.000023
   -1   -2    0    9    6    0.138785    0.000025
   -1   -2    0   10    6   -0.101443   -0.000003
   -1   -2    0   11    6   -0.031286    0.000036
   -1   -2    0   12    6    0.031281    0.000068
   -1   -2    0   13    6    0.121966   -0.000046
   -1   -2    0   14    6    0.036585    0.000004
   -1   -2    0   15    6   -0.027705    0.000018
   -1   -2    0   16    6   -0.015614    0.000071
   -1   -2    0    1    7   -0.859177   -0.000335
   -1   -2    0    2    7   -0.026428    0.000128
   -1   -2    0    3    7    0.620811    0.000010
   -1   -2    0    4    7    0.924907   -0.000095
   -1   -2    0    5    7    0.030549    0.000151
   -1   -2    0    6    7   -0.003372   -0.000131
   -1   -2    0    7    7    0.122512   -0.000007
   -1   -2    0    8    7   -0.019720   -0.000054
   -1   -2    0    9    7    0.004213    0.000033
   -1   -2    0   10    7    0.024834    0.000009
   -1   -2    0   11    7   -0.047379   -0.000081
   -1   -2    0   12    7   -0.011685    0.000028
   -1   -2    0   13    7   -0.042474    0.000117
   -1   -2    0   14    7    0.021168    0.000000
   -1   -2    0   15    7    0.000525   -0.000010
   -1   -2    0   16    7   -0.013867   -0.000104
   -1   -2    0    1    8   -1.381140   -0.000022
   -1   -2    0    2    8    0.041788   -0.000006
   -1   -2    0    3    8    0.904434   -0.000004
   -1   -2    0    4    8    1.219349   -0.000006
   -1   -2    0    5    8   -0.048982    0.000001
   -1   -2    0    6    8    0.010035   -0.000017
   -1   -2    0    7    8   -0.008503    0.000052
   -1   -2    0    8    8    0.069816   -0.000001
   -1   -2    0    9    8    0.017866    0.000013
   -1   -2    0   10    8   -0.054881   -0.000005
   -1   -2    0   11    8    0.029807    0.000014
   -1   -2    0   12    8   -0.013740    0.000028
   -1   -2    0   13    8   -0.005818    0.000002
   -1   -2    0   14    8    0.010833    0.000000
   -1   -2    0   15    8    0.002298    0.000005
   -1   -2    0   16    8    0.002729    0.000016
   -1   -2    0    1    9    0.030418   -0.000012
   -1   -2    0    2    9    0.090223    0.000023
   -1   -2    0    3    9   -0.025648    0.000036
   -1   -2    0    4    9   -0.049307    0.000002
   -1   -2    0    5    9   -0.007893    0.000029
   -1   -2    0    6    9    0.003128   -0.000026
   -1   -2    0    7    9    0.063684   -0.000031
   -1   -2    0    8    9    0.015929   -0.000012
   -1   -2    0    9    9    0.015234    0.000001
   -1   -2    0   10    9    0.039508   -0.000002
   -1   -2    0   11    9   -0.089427   -0.000001
   -1   -2    0   12    9    0.197182   -0.000005
   -1   -2    0   13    9   -0.220417    0.000011
   -1   -2    0   14    9    0.045404    0.000000
   -1   -2    0   15    9    0.074888   -0.000004
   -1   -2    0   16    9   -0.178602   -0.000009
   -1   -2    0    1   10   -0.010504    0.000008
   -1   -2    0    2   10    0.058619   -0.000003
   -1   -2    0    3   10   -0.083163    0.000016
   -1   -2    0    4   10    0.082377    0.000003
   -1   -2    0    5   10    0.077953   -0.000011
   -1   -2    0    6   10    0.016782    0.000004
   -1   -2    0    7   10   -0.035288   -0.000009
   -1   -2    0    8   10   -0.028306    0.000005
   -1   -2    0    9   10    0.068408    0.000002
   -1   -2    0   10   10   -0.121811    0.000001
   -1   -2    0   11   10   -0.047664    0.000006
   -1   -2    0   12   10    0.008333    0.000005
   -1   -2    0   13   10    0.075558    0.000002
   -1   -2    0   14   10    0.219517   -0.000000
   -1   -2    0   15   10   -0.044023    0.000000
   -1   -2    0   16   10   -0.026385    0.000002
   -1   -2    0    1   11    0.003107   -0.000045
   -1   -2    0    2   11    0.016831    0.000024
   -1   -2    0    3   11    0.013127    0.000141
   -1   -2    0    4   11    0.014550   -0.000010
   -1   -2    0    5   11    0.036288    0.000052
   -1   -2    0    6   11    0.032678   -0.000034
   -1   -2    0    7   11    0.034447    0.000082
   -1   -2    0    8   11    0.010926   -0.000011
   -1   -2    0    9   11   -0.031322    0.000005
   -1   -2    0   10   11   -0.058059   -0.000005
   -1   -2    0   11   11    0.080394   -0.000002
   -1   -2    0   12   11    0.057156   -0.000001
   -1   -2    0   13   11    0.197944    0.000006
   -1   -2    0   14   11   -0.042502    0.000001
   -1   -2    0   15   11   -0.014773   -0.000005
   -1   -2    0   16   11    0.168493   -0.000004
   -1   -2    0    1   12   -0.016242   -0.000057
   -1   -2    0    2   12    0.131857    0.000067
   -1   -2    0    3   12   -0.009574    0.000244
   -1   -2    0    4   12    0.023185   -0.000006
   -1   -2    0    5   12   -0.021660    0.000087
   -1   -2    0    6   12   -0.005190   -0.000083
   -1   -2    0    7   12    0.033342    0.000012
   -1   -2    0    8   12    0.006521   -0.000027
   -1   -2    0    9   12   -0.169295    0.000007
   -1   -2    0   10   12    0.026859   -0.000009
   -1   -2    0   11   12   -0.162863    0.000002
   -1   -2    0   12   12    0.076835    0.000020
   -1   -2    0   13   12   -0.035083    0.000030
   -1   -2    0   14   12    0.066879    0.000004
   -1   -2    0   15   12    0.154867    0.000002
   -1   -2    0   16   12   -0.147396   -0.000005
   -1   -2    0    1   13    0.031536    0.000042
   -1   -2    0    2   13    0.060664   -0.000008
   -1   -2    0    3   13    0.032727    0.000106
   -1   -2    0    4   13    0.059605    0.000016
   -1   -2    0    5   13   -0.006134   -0.000020
   -1   -2    0    6   13   -0.073432    0.000027
   -1   -2    0    7   13    0.033976   -0.000143
   -1   -2    0    8   13   -0.001969    0.000000
   -1   -2    0    9   13   -0.005508    0.000002
   -1   -2    0   10   13    0.123264    0.000000
   -1   -2    0   11   13   -0.027061    0.000001
   -1   -2    0   12   13   -0.003429    0.000016
   -1   -2    0   13   13    0.019890    0.000013
   -1   -2    0   14   13   -0.080549    0.000002
   -1   -2    0   15   13    0.024421    0.000008
   -1   -2    0   16   13    0.001296   -0.000001
   -1   -2    0    1   14   -0.019035   -0.000003
   -1   -2    0    2   14   -0.022590    0.000004
   -1   -2    0    3   14   -0.013132   -0.000010
   -1   -2    0    4   14   -0.036405   -0.000003
   -1   -2    0    5   14   -0.063111    0.000001
   -1   -2    0    6   14   -0.010569   -0.000005
   -1   -2    0    7   14    0.024305   -0.000002
   -1   -2    0    8   14    0.035632   -0.000000
   -1   -2    0    9   14   -0.025292    0.000000
   -1   -2    0   10   14    0.114665   -0.000000
   -1   -2    0   11   14    0.085707   -0.000001
   -1   -2    0   12   14    0.001557    0.000001
   -1   -2    0   13   14   -0.086000   -0.000002
   -1   -2    0   14   14   -0.090959    0.000000
   -1   -2    0   15   14    0.008654    0.000001
   -1   -2    0   16   14    0.054575    0.000002
   -1   -2    0    1   15   -0.009139   -0.000025
   -1   -2    0    2   15    0.039510    0.000019
   -1   -2    0    3   15    0.036865    0.000121
   -1   -2    0    4   15    0.004683   -0.000001
   -1   -2    0    5   15   -0.007459    0.000023
   -1   -2    0    6   15    0.016841   -0.000026
   -1   -2    0    7   15   -0.018285    0.000038
   -1   -2    0    8   15    0.019769   -0.000007
   -1   -2    0    9   15   -0.056832    0.000002
   -1   -2    0   10   15   -0.042492   -0.000006
   -1   -2    0   11   15   -0.065827   -0.000000
   -1   -2    0   12   15   -0.060863    0.000005
   -1   -2    0   13   15    0.077176    0.000008
   -1   -2    0   14   15    0.029628    0.000002
   -1   -2    0   15   15   -0.006785    0.000001
   -1   -2    0   16   15   -0.035035   -0.000002
   -1   -2    0    1   16   -0.045637   -0.000080
   -1   -2    0    2   16    0.042334    0.000035
   -1   -2    0    3   16   -0.012106    0.000057
   -1   -2    0    4   16    0.019644   -0.000027
   -1   -2    0    5   16   -0.002192    0.000068
   -1   -2    0    6   16    0.046035   -0.000066
   -1   -2    0    7   16   -0.010113    0.000130
   -1   -2    0    8   16   -0.010482   -0.000013
   -1   -2    0    9   16    0.034304    0.000003
   -1   -2    0   10   16   -0.025801   -0.000004
   -1   -2    0   11   16   -0.016324   -0.000001
   -1   -2    0   12   16   -0.049838   -0.000001
   -1   -2    0   13   16   -0.059454   -0.000003
   -1   -2    0   14   16   -0.009248   -0.000000
   -1   -2    0   15   16   -0.009389   -0.000006
   -1   -2    0   16   16    0.102883    0.000004
   -1   -1    0    1    1   -0.925684   -0.000021
   -1   -1    0    2    1   -0.027677   -0.000026
   -1   -1    0    3    1    0.451786   -0.000005
   -1   -1    0    4    1    0.576299   -0.000006
   -1   -1    0    5    1   -0.054346   -0.000005
   -1   -1    0    6    1    0.065404   -0.000017
   -1   -1    0    7    1    0.067551    0.000163
   -1   -1    0    8    1    0.009805    0.000003
   -1   -1    0    9    1   -0.012579    0.000041
   -1   -1    0   10    1   -0.028988   -0.000009
   -1   -1    0   11    1   -0.002771    0.000053
   -1   -1    0   12    1   -0.073191    0.000104
   -1   -1    0   13    1   -0.024060   -0.000005
   -1   -1    0   14    1    0.037412   -0.000000
   -1   -1    0   15    1   -0.015110    0.000031
   -1   -1    0   16    1   -0.005916    0.000061
   -1   -1    0    1    2    0.020170   -0.000064
   -1   -1    0    2    2   -0.348842    0.000004
   -1   -1    0    3    2   -0.142028    0.000141
   -1   -1    0    4    2    0.048369   -0.000015
   -1   -1    0    5    2    0.006160    0.000019
   -1   -1    0    6    2   -0.209778    0.000004
   -1   -1    0    7    2    0.022482   -0.000111
   -1   -1    0    8    2   -0.055706   -0.000016
   -1   -1    0    9    2    0.012338   -0.000032
   -1   -1    0   10    2    0.037232    0.000004
   -1   -1    0   11    2   -0.045888   -0.000029
   -1   -1    0   12    2    0.042560   -0.000082
   -1   -1    0   13    2   -0.231183    0.000023
   -1   -1    0   14    2    0.093880   -0.000005
   -1   -1    0   15    2    0.010055   -0.000023
   -1   -1    0   16    2    0.067262   -0.000053
   -1   -1    0    1    3    0.207273    0.000311
   -1   -1    0    2    3   -0.019233   -0.000127
   -1   -1    0    3    3   -0.407425   -0.000016
   -1   -1    0    4    3   -0.025342    0.000085
   -1   -1    0    5    3   -0.059753   -0.000171
   -1   -1    0    6    3    0.059067    0.000122
   -1   -1    0    7    3   -0.094636   -0.000005
   -1   -1    0    8    3    0.010408    0.000057
   -1   -1    0    9    3    0.030591   -0.000038
   -1   -1    0   10    3   -0.038480   -0.000008
   -1   -1    0   11    3    0.050579    0.000083
   -1   -1    0   12    3    0.026428   -0.000034
   -1   -1    0   13    3    0.029430   -0.000116
   -1   -1    0   14    3   -0.024002   -0.000001
   -1   -1    0   15    3   -0.001917    0.000012
   -1   -1    0   16    3    0.007249    0.000100
   -1   -1    0    1    4   -0.410590    0.000004
   -1   -1    0    2    4   -0.012426   -0.000021
   -1   -1    0    3    4    0.366096   -0.000016
   -1   -1    0    4    4    0.368928    0.000001
   -1   -1    0    5    4   -0.000945   -0.000004
   -1   -1    0    6    4    0.021977   -0.000011
   -1   -1    0    7    4    0.010846    0.000056
   -1   -1    0    8    4    0.034792    0.000000
   -1   -1    0    9    4   -0.013080    0.000011
   -1   -1    0   10    4   -0.035224   -0.000006
   -1   -1    0   11    4   -0.013119    0.000017
   -1   -1    0   12    4   -0.003316    0.000033
   -1   -1    0   13    4   -0.042323   -0.000005
   -1   -1    0   14    4    0.063525    0.000001
   -1   -1    0   15    4   -0.000147    0.000010
   -1   -1    0   16    4    0.037055    0.000021
   -1   -1    0    1    5    0.249146    0.000033
   -1   -1    0    2    5   -0.049461   -0.000001
   -1   -1    0    3    5    0.179839    0.000110
   -1   -1    0    4    5    0.009617    0.000018
   -1   -1    0    5    5   -0.925218   -0.000023
   -1   -1    0    6    5    0.054753   -0.000023
   -1   -1    0    7    5   -0.214645    0.000018
   -1   -1    0    8    5    0.404790    0.000006
   -1   -1    0    9    5    0.046135   -0.000039
   -1   -1    0   10    5   -0.021013   -0.000010
   -1   -1    0   11    5    0.022665   -0.000029
   -1   -1    0   12    5   -0.012159   -0.000126
   -1   -1    0   13    5   -0.013285    0.000008
   -1   -1    0   14    5    0.078878    0.000007
   -1   -1    0   15    5    0.017446   -0.000040
   -1   -1    0   16    5   -0.003482   -0.000053
   -1   -1    0    1    6   -0.041776   -0.000027
   -1   -1    0    2    6    0.364871   -0.000024
   -1   -1    0    3    6   -0.120898   -0.000141
   -1   -1    0    4    6   -0.031073   -0.000015
   -1   -1    0    5    6   -0.059610   -0.000027
   -1   -1    0    6    6   -0.357217   -0.000012
   -1   -1    0    7    6    0.062739    0.000121
   -1   -1    0    8    6    0.005742    0.000002
   -1   -1    0    9    6    0.024560    0.000005
   -1   -1    0   10    6    0.050276   -0.000008
   -1   -1    0   11    6    0.027022    0.000009
   -1   -1    0   12    6   -0.085482    0.000019
   -1   -1    0   13    6    0.014670   -0.000039
   -1   -1    0   14    6    0.151428    0.000005
   -1   -1    0   15    6    0.019882    0.000005
   -1   -1    0   16    6    0.051302    0.000036
   -1   -1    0    1    7   -0.176511   -0.000150
   -1   -1    0    2    7    0.072265    0.000115
   -1   -1    0    3    7    0.653332    0.000009
   -1   -1    0    4    7   -0.348174   -0.000045
   -1   -1    0    5    7   -0.448510    0.000325
   -1   -1    0    6    7   -0.001691   -0.000130
   -1   -1    0    7    7   -0.429840    0.000006
   -1   -1    0    8    7    0.353726   -0.000104
   -1   -1    0    9    7    0.003941   -0.000046
   -1   -1    0   10    7   -0.192050   -0.000015
   -1   -1    0   11    7   -0.031191   -0.000137
   -1   -1    0   12    7   -0.037642   -0.000197
   -1   -1    0   13    7   -0.062300   -0.000076
   -1   -1    0   14    7    0.043938    0.000006
   -1   -1    0   15    7   -0.005371   -0.000110
   -1   -1    0   16    7    0.026276   -0.000041
   -1   -1    0    1    8   -0.010761   -0.000020
   -1   -1    0    2    8    0.076153    0.000009
   -1   -1    0    3    8   -0.363096   -0.000033
   -1   -1    0    4    8   -0.162900   -0.000010
   -1   -1    0    5    8   -0.573230    0.000015
   -1   -1    0    6    8   -0.051917   -0.000001
   -1   -1    0    7    8   -0.025759   -0.000007
   -1   -1    0    8    8    0.363333   -0.000006
   -1   -1    0    9    8    0.042959    0.000012
   -1   -1    0   10    8   -0.023135    0.000002
   -1   -1    0   11    8   -0.015596    0.000004
   -1   -1    0   12    8   -0.003118    0.000026
   -1   -1    0   13    8    0.022196   -0.000006
   -1   -1    0   14    8   -0.009751   -0.000003
   -1   -1    0   15    8   -0.008552    0.000005
   -1   -1    0   16    8   -0.047539    0.000011
   -1   -1    0    1    9    0.051073   -0.000007
   -1   -1    0    2    9    0.058970    0.000025
   -1   -1    0    3    9   -0.133105   -0.000032
   -1   -1    0    4    9    0.032213   -0.000003
   -1   -1    0    5    9    0.012945    0.000009
   -1   -1    0    6    9    0.065543   -0.000034
   -1   -1    0    7    9    0.021988   -0.000031
   -1   -1    0    8    9   -0.031856   -0.000004
   -1   -1    0    9    9   -0.946298    0.000006
   -1   -1    0   10    9    0.033914   -0.000002
   -1   -1    0   11    9    0.615854    0.000004
   -1   -1    0   12    9    0.491418    0.000007
   -1   -1    0   13    9   -4.442662    0.000007
   -1   -1    0   14    9    0.106852   -0.000002
   -1   -1    0   15    9    0.511400    0.000001
   -1   -1    0   16    9    3.991003   -0.000001
   -1   -1    0    1   10    0.012113   -0.000004
   -1   -1    0    2   10    0.019717   -0.000004
   -1   -1    0    3   10    0.081032   -0.000002
   -1   -1    0    4   10   -0.038755   -0.000003
   -1   -1    0    5   10   -0.031330   -0.000008
   -1   -1    0    6   10   -0.097481    0.000001
   -1   -1    0    7   10    0.056766   -0.000015
   -1   -1    0    8   10    0.012790    0.000002
   -1   -1    0    9   10    0.039200   -0.000003
   -1   -1    0   10   10   -0.013387   -0.000000
   -1   -1    0   11   10   -0.139963    0.000001
   -1   -1    0   12   10    0.119051   -0.000010
   -1   -1    0   13   10    0.012102   -0.000008
   -1   -1    0   14   10   -3.292792    0.000000
   -1   -1    0   15   10    0.003381   -0.000003
   -1   -1    0   16   10   -0.060037    0.000003
   -1   -1    0    1   11   -0.000911   -0.000001
   -1   -1    0    2   11    0.004951    0.000036
   -1   -1    0    3   11    0.019021    0.000094
   -1   -1    0    4   11    0.010947   -0.000002
   -1   -1    0    5   11    0.019763    0.000047
   -1   -1    0    6   11    0.016899   -0.000037
   -1   -1    0    7   11    0.101266   -0.000154
   -1   -1    0    8   11   -0.003249   -0.000019
   -1   -1    0    9   11   -0.093636    0.000007
   -1   -1    0   10   11   -0.101605    0.000001
   -1   -1    0   11   11    0.136855    0.000005
   -1   -1    0   12   11    0.870539    0.000004
   -1   -1    0   13   11   -1.005568   -0.000004
   -1   -1    0   14   11    0.037283   -0.000002
   -1   -1    0   15   11   -2.548498   -0.000001
   -1   -1    0   16   11    0.788410    0.000001
   -1   -1    0    1   12   -0.025751   -0.000017
   -1   -1    0    2   12   -0.067856    0.000084
   -1   -1    0    3   12    0.036974    0.000028
   -1   -1    0    4   12   -0.044119   -0.000021
   -1   -1    0    5   12   -0.018971    0.000064
   -1   -1    0    6   12   -0.099163   -0.000097
   -1   -1    0    7   12    0.068430   -0.000249
   -1   -1    0    8   12    0.032075   -0.000019
   -1   -1    0    9   12   -0.788044    0.000019
   -1   -1    0   10   12    0.038865    0.000002
   -1   -1    0   11   12    1.160265    0.000016
   -1   -1    0   12   12    1.150745    0.000025
   -1   -1    0   13   12   -7.646529    0.000005
   -1   -1    0   14   12    0.018456   -0.000007
   -1   -1    0   15   12    1.230266   -0.000001
   -1   -1    0   16   12    3.336306    0.000011
   -1   -1    0    1   13   -0.014932    0.000042
   -1   -1    0    2   13    0.021828   -0.000038
   -1   -1    0    3   13    0.121421   -0.000136
   -1   -1    0    4   13    0.004824    0.000012
   -1   -1    0    5   13   -0.044578   -0.000039
   -1   -1    0    6   13   -0.097327    0.000000
   -1   -1    0    7   13    0.068064   -0.000087
   -1   -1    0    8   13    0.045565    0.000008
   -1   -1    0    9   13   -0.104711    0.000004
   -1   -1    0   10   13    0.115849   -0.000005
   -1   -1    0   11   13    0.343234   -0.000002
   -1   -1    0   12   13    0.151346    0.000013
   -1   -1    0   13   13   -2.136573    0.000023
   -1   -1    0   14   13   -0.014095    0.000001
   -1   -1    0   15   13   -0.350498    0.000001
   -1   -1    0   16   13    1.455876   -0.000011
   -1   -1    0    1   14    0.028815   -0.000002
   -1   -1    0    2   14    0.012535    0.000002
   -1   -1    0    3   14   -0.005426   -0.000007
   -1   -1    0    4   14    0.008553   -0.000001
   -1   -1    0    5   14   -0.001525    0.000004
   -1   -1    0    6   14    0.014448   -0.000003
   -1   -1    0    7   14    0.030541    0.000010
   -1   -1    0    8   14   -0.001515   -0.000001
   -1   -1    0    9   14   -0.007044    0.000000
   -1   -1    0   10   14    0.208840    0.000000
   -1   -1    0   11   14    0.047741   -0.000002
   -1   -1    0   12   14   -0.033894    0.000003
   -1   -1    0   13   14   -0.019952    0.000001
   -1   -1    0   14   14    0.126737   -0.000000
   -1   -1    0   15   14    0.007185    0.000000
   -1   -1    0   16   14   -0.010342   -0.000000
   -1   -1    0    1   15   -0.012747   -0.000005
   -1   -1    0    2   15   -0.019835    0.000025
   -1   -1    0    3   15    0.054009    0.000048
   -1   -1    0    4   15   -0.019411   -0.000008
   -1   -1    0    5   15   -0.008319    0.000027
   -1   -1    0    6   15   -0.075006   -0.000031
   -1   -1    0    7   15   -0.007672   -0.000127
   -1   -1    0    8   15    0.008136   -0.000010
   -1   -1    0    9   15   -0.090470    0.000004
   -1   -1    0   10   15   -0.016051    0.000001
   -1   -1    0   11   15    0.229663    0.000004
   -1   -1    0   12   15    0.288071    0.000007
   -1   -1    0   13   15   -1.423833   -0.000003
   -1   -1    0   14   15   -0.020602   -0.000002
   -1   -1    0   15   15    0.007767   -0.000001
   -1   -1    0   16   15    0.536343    0.000006
   -1   -1    0    1   16   -0.035269   -0.000039
   -1   -1    0    2   16   -0.016203    0.000069
   -1   -1    0    3   16   -0.008019    0.000132
   -1   -1    0    4   16   -0.024274   -0.000019
   -1   -1    0    5   16    0.007130    0.000084
   -1   -1    0    6   16   -0.013030   -0.000043
   -1   -1    0    7   16    0.031890   -0.000080
   -1   -1    0    8   16   -0.001971   -0.000025
   -1   -1    0    9   16    0.009619    0.000005
   -1   -1    0   10   16   -0.023674    0.000007
   -1   -1    0   11   16    0.185020    0.000007
   -1   -1    0   12   16    0.337739   -0.000001
   -1   -1    0   13   16   -0.680671   -0.000017
   -1   -1    0   14   16   -0.023311   -0.000005
   -1   -1    0   15   16    0.325734   -0.000004
   -1   -1    0   16   16    0.545888    0.000009
   -1    0    0    1    1   -0.605691   -0.000012
   -1    0    0    2    1    0.076419    0.000013
   -1    0    0    3    1    0.211881   -0.000131
   -1    0    0    4    1   -0.263660   -0.000013
   -1    0    0    5    1    0.213471    0.000005
   -1    0    0    6    1    0.023468    0.000021
   -1    0    0    7    1   -0.229076   -0.000017
   -1    0    0    8    1   -0.014678    0.000000
   -1    0    0    9    1    0.030486    0.000041
   -1    0    0   10    1   -0.008458    0.000009
   -1    0    0   11    1    0.005685    0.000025
   -1    0    0   12    1   -0.073728    0.000119
   -1    0    0   13    1   -0.007319   -0.000011
   -1    0    0   14    1    0.046805   -0.000007
   -1    0    0   15    1   -0.005159    0.000037
   -1    0    0   16    1   -0.023847    0.000050
   -1    0    0    1    2    0.071801   -0.000037
   -1    0    0    2    2   -0.582655    0.000005
   -1    0    0    3    2    0.152529    0.000157
   -1    0    0    4    2    0.034379   -0.000005
   -1    0    0    5    2    0.065257    0.000060
   -1    0    0    6    2    0.022674    0.000019
   -1    0    0    7    2    0.030511   -0.000143
   -1    0    0    8    2    0.000673   -0.000022
   -1    0    0    9    2   -0.018199   -0.000016
   -1    0    0   10    2   -0.087139    0.000009
   -1    0    0   11    2    0.019520   -0.000018
   -1    0    0   12    2    0.046985   -0.000042
   -1    0    0   13    2   -0.164731    0.000031
   -1    0    0   14    2    0.039933   -0.000005
   -1    0    0   15    2    0.087305   -0.000011
   -1    0    0   16    2    0.024851   -0.000042
   -1    0    0    1    3   -0.313329    0.000140
   -1    0    0    2    3   -0.032802   -0.000125
   -1    0    0    3    3    0.030465   -0.000010
   -1    0    0    4    3    0.104192    0.000044
   -1    0    0    5    3    0.241683   -0.000300
   -1    0    0    6    3    0.043444    0.000128
   -1    0    0    7    3    0.476921    0.000001
   -1    0    0    8    3   -0.066747    0.000094
   -1    0    0    9    3    0.104820    0.000049
   -1    0    0   10    3    0.080730    0.000015
   -1    0    0   11    3   -0.007351    0.000128
   -1    0    0   12    3    0.045074    0.000201
   -1    0    0   13    3   -0.014710    0.000092
   -1    0    0   14    3    0.050605   -0.000006
   -1    0    0   15    3   -0.024839    0.000110
   -1    0    0   16    3    0.014971    0.000027
   -1    0    0    1    4   -0.249464    0.000011
   -1    0    0    2    4    0.029415   -0.000009
   -1    0    0    3    4   -0.107785   -0.000047
   -1    0    0    4    4   -0.073731   -0.000000
   -1    0    0    5    4    0.014830   -0.000007
   -1    0    0    6    4    0.010055    0.000012
   -1    0    0    7    4   -0.106040    0.000005
   -1    0    0    8    4    0.159092    0.000004
   -1    0    0    9    4    0.023521    0.000016
   -1    0    0   10    4   -0.010491    0.000004
   -1    0    0   11    4    0.030518    0.000014
   -1    0    0   12    4   -0.029046    0.000050
   -1    0    0   13    4   -0.031730    0.000005
   -1    0    0   14    4    0.024346   -0.000003
   -1    0    0   15    4    0.033792    0.000015
   -1    0    0   16    4   -0.031686    0.000015
   -1    0    0    1    5   -0.022543    0.000018
   -1    0    0    2    5    0.006689   -0.000025
   -1    0    0    3    5    0.081931    0.000289
   -1    0    0    4    5   -0.003826    0.000013
   -1    0    0    5    5   -0.606803   -0.000016
   -1    0    0    6    5    0.060520   -0.000059
   -1    0    0    7    5    0.307859   -0.000129
   -1    0    0    8    5    0.249676   -0.000013
   -1    0    0    9    5   -0.009625   -0.000018
   -1    0    0   10    5    0.034008   -0.000003
   -1    0    0   11    5    0.018557   -0.000022
   -1    0    0   12    5   -0.023921   -0.000084
   -1    0    0   13    5    0.011335    0.000027
   -1    0    0   14    5   -0.053161   -0.000003
   -1    0    0   15    5    0.023614   -0.000028
   -1    0    0   16    5   -0.035075   -0.000063
   -1    0    0    1    6   -0.023046   -0.000003
   -1    0    0    2    6    0.151128   -0.000027
   -1    0    0    3    6    0.097901   -0.000095
   -1    0    0    4    6    0.004980   -0.000002
   -1    0    0    5    6    0.065145    0.000024
   -1    0    0    6    6   -0.403646    0.000001
   -1    0    0    7    6    0.068112    0.000131
   -1    0    0    8    6   -0.027363   -0.000013
   -1    0    0    9    6    0.013630    0.000015
   -1    0    0   10    6    0.038192   -0.000004
   -1    0    0   11    6    0.034666    0.000015
   -1    0    0   12    6    0.000302    0.000056
   -1    0    0   13    6   -0.044403   -0.000012
   -1    0    0   14    6    0.043216    0.000003
   -1    0    0   15    6    0.052341    0.000019
   -1    0    0   16    6   -0.002891    0.000031
   -1    0    0    1    7   -0.075507    0.000031
   -1    0    0    2    7   -0.054851    0.000141
   -1    0    0    3    7    0.014021    0.000028
   -1    0    0    4    7    0.039738    0.000006
   -1    0    0    5    7   -0.199863    0.000130
   -1    0    0    6    7   -0.170135   -0.000116
   -1    0    0    7    7   -0.068186   -0.000024
   -1    0    0    8    7   -0.134985   -0.000044
   -1    0    0    9    7    0.008014   -0.000037
   -1    0    0   10    7    0.039934   -0.000005
   -1    0    0   11    7    0.004659    0.000096
   -1    0    0   12    7   -0.014054   -0.000015
   -1    0    0   13    7   -0.006797   -0.000121
   -1    0    0   14    7    0.038072   -0.000004
   -1    0    0   15    7    0.035671    0.000015
   -1    0    0   16    7   -0.034179    0.000124
   -1    0    0    1    8    0.008654   -0.000002
   -1    0    0    2    8   -0.013573    0.000021
   -1    0    0    3    8    0.080194   -0.000082
   -1    0    0    4    8    0.021880   -0.000003
   -1    0    0    5    8    0.264845    0.000012
   -1    0    0    6    8   -0.033924    0.000014
   -1    0    0    7    8    0.120939    0.000036
   -1    0    0    8    8   -0.059246   -0.000000
   -1    0    0    9    8   -0.007204    0.000005
   -1    0    0   10    8    0.014904    0.000003
   -1    0    0   11    8   -0.042347    0.000011
   -1    0    0   12    8    0.010242    0.000031
   -1    0    0   13    8   -0.002264   -0.000017
   -1    0    0   14    8   -0.007154   -0.000000
   -1    0    0   15    8   -0.029233    0.000014
   -1    0    0   16    8    0.019111    0.000027
   -1    0    0    1    9    0.029841   -0.000024
   -1    0    0    2    9   -0.064913    0.000032
   -1    0    0    3    9   -0.085016   -0.000037
   -1    0    0    4    9   -0.008440   -0.000014
   -1    0    0    5    9    0.059801    0.000009
   -1    0    0    6    9    0.141200   -0.000031
   -1    0    0    7    9   -0.176919    0.000032
   -1    0    0    8    9   -0.077066   -0.000001
   -1    0    0    9    9   -0.680875    0.000002
   -1    0    0   10    9   -0.079539    0.000005
   -1    0    0   11    9    0.728669    0.000006
   -1    0    0   12    9   -0.039819    0.000016
   -1    0    0   13    9   -1.654258   -0.000007
   -1    0    0   14    9    0.054599   -0.000003
   -1    0    0   15    9    2.338839    0.000007
   -1    0    0   16    9   -1.531123    0.000012
   -1    0    0    1   10   -0.008033   -0.000008
   -1    0    0    2   10   -0.112209   -0.000007
   -1    0    0    3   10    0.024102   -0.000010
   -1    0    0    4   10   -0.017748   -0.000003
   -1    0    0    5   10    0.031671    0.000005
   -1    0    0    6   10   -0.150214    0.000003
   -1    0    0    7   10   -0.008812    0.000002
   -1    0    0    8   10    0.068253   -0.000003
   -1    0    0    9   10   -0.077857   -0.000004
   -1    0    0   10   10   -0.278663   -0.000001
   -1    0    0   11   10    0.073750   -0.000005
   -1    0    0   12   10   -0.126842   -0.000009
   -1    0    0   13   10    0.092195   -0.000001
   -1    0    0   14   10   -1.418713    0.000000
   -1    0    0   15   10   -0.057548   -0.000002
   -1    0    0   16   10   -0.023794   -0.000005
   -1    0    0    1   11    0.033318    0.000000
   -1    0    0    2   11    0.011143    0.000036
   -1    0    0    3   11    0.019004   -0.000143
   -1    0    0    4   11    0.000931   -0.000006
   -1    0    0    5   11    0.022048    0.000004
   -1    0    0    6   11    0.019341   -0.000036
   -1    0    0    7   11    0.000477   -0.000080
   -1    0    0    8   11   -0.000312   -0.000006
   -1    0    0    9   11   -0.548444    0.000002
   -1    0    0   10   11   -0.086236    0.000004
   -1    0    0   11   11    0.739039    0.000006
   -1    0    0   12   11    0.299766    0.000013
   -1    0    0   13   11   -3.059641   -0.000006
   -1    0    0   14   11    0.025060   -0.000001
   -1    0    0   15   11    2.552566    0.000008
   -1    0    0   16   11   -2.454819    0.000010
   -1    0    0    1   12   -0.032744   -0.000048
   -1    0    0    2   12   -0.013035    0.000090
   -1    0    0    3   12   -0.048042   -0.000245
   -1    0    0    4   12   -0.010826   -0.000033
   -1    0    0    5   12   -0.030960    0.000027
   -1    0    0    6   12    0.007873   -0.000096
   -1    0    0    7   12    0.031113   -0.000011
   -1    0    0    8   12    0.016113   -0.000012
   -1    0    0    9   12    0.303316    0.000004
   -1    0    0   10   12   -0.076739    0.000014
   -1    0    0   11   12   -0.677372    0.000013
   -1    0    0   12   12   -0.555872    0.000021
   -1    0    0   13   12    1.940896   -0.000011
   -1    0    0   14   12    0.049681   -0.000008
   -1    0    0   15   12   -2.342354    0.000011
   -1    0    0   16   12    0.154137    0.000011
   -1    0    0    1   13    0.001644    0.000009
   -1    0    0    2   13    0.022122   -0.000035
   -1    0    0    3   13   -0.009326   -0.000108
   -1    0    0    4   13   -0.013609   -0.000001
   -1    0    0    5   13   -0.015136   -0.000038
   -1    0    0    6   13   -0.108705    0.000008
   -1    0    0    7   13    0.018955    0.000143
   -1    0    0    8   13    0.012266    0.000014
   -1    0    0    9   13   -0.247167    0.000002
   -1    0    0   10   13    0.086120    0.000000
   -1    0    0   11   13    0.395548   -0.000000
   -1    0    0   12   13   -0.250608    0.000010
   -1    0    0   13   13   -0.527184    0.000016
   -1    0    0   14   13   -0.031048   -0.000003
   -1    0    0   15   13    0.709607    0.000002
   -1    0    0   16   13   -0.230979   -0.000007
   -1    0    0    1   14   -0.023190    0.000006
   -1    0    0    2   14    0.034065    0.000004
   -1    0    0    3   14   -0.066135    0.000003
   -1    0    0    4   14   -0.006931    0.000003
   -1    0    0    5   14   -0.030098    0.000002
   -1    0    0    6   14    0.056438   -0.000001
   -1    0    0    7   14   -0.048423    0.000007
   -1    0    0    8   14   -0.020403    0.000000
   -1    0    0    9   14    0.041745    0.000002
   -1    0    0   10   14    0.197180    0.000000
   -1    0    0   11   14   -0.022689    0.000002
   -1    0    0   12   14    0.060019    0.000003
   -1    0    0   13   14   -0.065572    0.000002
   -1    0    0   14   14   -0.103344   -0.000000
   -1    0    0   15   14    0.030764   -0.000000
   -1    0    0   16   14    0.016132    0.000000
   -1    0    0    1   15   -0.013112   -0.000004
   -1    0    0    2   15    0.057680    0.000026
   -1    0    0    3   15    0.011089   -0.000120
   -1    0    0    4   15    0.015385   -0.000010
   -1    0    0    5   15   -0.030157    0.000010
   -1    0    0    6   15   -0.048709   -0.000028
   -1    0    0    7   15    0.064149   -0.000040
   -1    0    0    8   15    0.026338   -0.000005
   -1    0    0    9   15    0.116221    0.000001
   -1    0    0   10   15    0.032945    0.000006
   -1    0    0   11   15   -0.158673    0.000003
   -1    0    0   12   15   -0.054554    0.000005
   -1    0    0   13   15   -0.389040   -0.000001
   -1    0    0   14   15   -0.003228   -0.000004
   -1    0    0   15   15    0.746527    0.000002
   -1    0    0   16   15   -0.208530    0.000001
   -1    0    0    1   16   -0.019567   -0.000017
   -1    0    0    2   16    0.003996    0.000072
   -1    0    0    3   16    0.017663   -0.000062
   -1    0    0    4   16   -0.008315   -0.000007
   -1    0    0    5   16   -0.011974    0.000039
   -1    0    0    6   16    0.003060   -0.000048
   -1    0    0    7   16    0.037850   -0.000125
   -1    0    0    8   16    0.026974   -0.000019
   -1    0    0    9   16    0.001769    0.000002
   -1    0    0   10   16   -0.062429    0.000006
   -1    0    0   11   16   -0.087727    0.000009
   -1    0    0   12   16    0.060149    0.000005
   -1    0    0   13   16   -0.174766   -0.000012
   -1    0    0   14   16    0.041465   -0.000001
   -1    0    0   15   16    0.192052    0.000006
   -1    0    0   16   16   -0.585873    0.000010
   -1    1    0    1    1   -0.003565   -0.000001
   -1    1    0    2    1   -0.017940    0.000031
   -1    1    0    3    1    0.007434   -0.000305
   -1    1    0    4    1   -0.010757   -0.000007
   -1    1    0    5    1    0.236657   -0.000005
   -1    1    0    6    1   -0.046715    0.000047
   -1    1    0    7    1    0.274728    0.000151
   -1    1    0    8    1   -0.007412    0.000019
   -1    1    0    9    1   -0.029351    0.000015
   -1    1    0   10    1    0.005808    0.000003
   -1    1    0   11    1    0.023212    0.000019
   -1    1    0   12    1   -0.028864    0.000082
   -1    1    0   13    1   -0.008685   -0.000028
   -1    1    0   14    1    0.010472    0.000003
   -1    1    0   15    1    0.033298    0.000030
   -1    1    0   16    1   -0.009425    0.000061
   -1    1    0    1    2   -0.010240    0.000007
   -1    1    0    2    2    0.042061    0.000004
   -1    1    0    3    2    0.132134    0.000116
   -1    1    0    4    2   -0.017992    0.000009
   -1    1    0    5    2   -0.059536    0.000038
   -1    1    0    6    2    0.387728    0.000019
   -1    1    0    7    2   -0.098226   -0.000146
   -1    1    0    8    2    0.078340   -0.000009
   -1    1    0    9    2    0.002570   -0.000007
   -1    1    0   10    2   -0.048138    0.000006
   -1    1    0   11    2    0.107540   -0.000012
   -1    1    0   12    2   -0.068420   -0.000030
   -1    1    0   13    2    0.000165    0.000028
   -1    1    0   14    2    0.012706   -0.000005
   -1    1    0   15    2   -0.016028   -0.000010
   -1    1    0   16    2    0.034167   -0.000035
   -1    1    0    1    3   -0.017959   -0.000001
   -1    1    0    2    3    0.076039   -0.000143
   -1    1    0    3    3    0.014989   -0.000012
   -1    1    0    4    3   -0.087897    0.000006
   -1    1    0    5    3   -0.284767   -0.000120
   -1    1    0    6    3    0.127057    0.000124
   -1    1    0    7    3    0.715121    0.000024
   -1    1    0    8    3    0.379684    0.000042
   -1    1    0    9    3    0.007536    0.000035
   -1    1    0   10    3   -0.090542    0.000004
   -1    1    0   11    3   -0.050358   -0.000103
   -1    1    0   12    3    0.003094    0.000005
   -1    1    0   13    3   -0.032668    0.000117
   -1    1    0   14    3    0.005328    0.000005
   -1    1    0   15    3    0.026382   -0.000021
   -1    1    0   16    3   -0.041754   -0.000125
   -1    1    0    1    4    0.035034    0.000003
   -1    1    0    2    4   -0.026643    0.000012
   -1    1    0    3    4   -0.191528   -0.000089
   -1    1    0    4    4    0.009238   -0.000003
   -1    1    0    5    4    0.008591   -0.000016
   -1    1    0    6    4   -0.036527    0.000033
   -1    1    0    7    4    0.362421    0.000050
   -1    1    0    8    4   -0.151541    0.000013
   -1    1    0    9    4   -0.025109    0.000006
   -1    1    0   10    4    0.013713    0.000003
   -1    1    0   11    4    0.012281    0.000003
   -1    1    0   12    4    0.010525    0.000020
   -1    1    0   13    4    0.038490   -0.000008
   -1    1    0   14    4   -0.000462    0.000001
   -1    1    0   15    4    0.013823    0.000007
   -1    1    0   16    4   -0.005793    0.000014
   -1    1    0    1    5   -0.081010    0.000025
   -1    1    0    2    5   -0.104158   -0.000001
   -1    1    0    3    5   -0.021947    0.000182
   -1    1    0    4    5    0.045947    0.000010
   -1    1    0    5    5   -0.003102   -0.000001
   -1    1    0    6    5   -0.041218   -0.000014
   -1    1    0    7    5    0.033328   -0.000321
   -1    1    0    8    5   -0.034549   -0.000016
   -1    1    0    9    5   -0.015627   -0.000017
   -1    1    0   10    5    0.015722    0.000009
   -1    1    0   11    5    0.030130   -0.000050
   -1    1    0   12    5    0.024610   -0.000068
   -1    1    0   13    5    0.021547    0.000022
   -1    1    0   14    5    0.007090   -0.000004
   -1    1    0   15    5    0.023496   -0.000023
   -1    1    0   16    5   -0.002293   -0.000074
   -1    1    0    1    6   -0.056475    0.000048
   -1    1    0    2    6    0.204064   -0.000014
   -1    1    0    3    6    0.114604   -0.000075
   -1    1    0    4    6   -0.022532    0.000013
   -1    1    0    5    6    0.022842    0.000006
   -1    1    0    6    6    0.038564    0.000018
   -1    1    0    7    6   -0.172341    0.000093
   -1    1    0    8    6    0.025086    0.000009
   -1    1    0    9    6    0.042771    0.000033
   -1    1    0   10    6   -0.059938    0.000001
   -1    1    0   11    6   -0.056450    0.000042
   -1    1    0   12    6    0.075734    0.000103
   -1    1    0   13    6   -0.007682   -0.000021
   -1    1    0   14    6    0.023950    0.000002
   -1    1    0   15    6    0.048166    0.000033
   -1    1    0   16    6    0.057001    0.000067
   -1    1    0    1    7    0.029426   -0.000154
   -1    1    0    2    7   -0.041039    0.000157
   -1    1    0    3    7   -0.076785    0.000031
   -1    1    0    4    7    0.014422   -0.000046
   -1    1    0    5    7   -0.017669   -0.000043
   -1    1    0    6    7    0.008592   -0.000116
   -1    1    0    7    7    0.029122   -0.000036
   -1    1    0    8    7   -0.147817    0.000005
   -1    1    0    9    7   -0.009283    0.000045
   -1    1    0   10    7    0.032824    0.000022
   -1    1    0   11    7    0.009368    0.000154
   -1    1    0   12    7   -0.000723    0.000215
   -1    1    0   13    7    0.056952    0.000072
   -1    1    0   14    7   -0.030267   -0.000011
   -1    1    0   15    7    0.016261    0.000116
   -1    1    0   16    7   -0.013183    0.000062
   -1    1    0    1    8   -0.043766   -0.000006
   -1    1    0    2    8    0.018129    0.000008
   -1    1    0    3    8    0.010945   -0.000054
   -1    1    0    4    8   -0.037006   -0.000001
   -1    1    0    5    8    0.010543   -0.000004
   -1    1    0    6    8    0.028150   -0.000003
   -1    1    0    7    8   -0.101400    0.000096
   -1    1    0    8    8    0.013265    0.000005
   -1    1    0    9    8   -0.014415    0.000005
   -1    1    0   10    8   -0.011969   -0.000002
   -1    1    0   11    8   -0.018163    0.000022
   -1    1    0   12    8   -0.010810    0.000034
   -1    1    0   13    8   -0.021535   -0.000007
   -1    1    0   14    8    0.031433    0.000002
   -1    1    0   15    8    0.002446    0.000014
   -1    1    0   16    8   -0.002728    0.000033
   -1    1    0    1    9   -0.017741   -0.000030
   -1    1    0    2    9    0.094573    0.000030
   -1    1    0    3    9   -0.043293    0.000033
   -1    1    0    4    9    0.009510   -0.000010
   -1    1    0    5    9    0.000628    0.000027
   -1    1    0    6    9    0.001231   -0.000024
   -1    1    0    7    9   -0.007199    0.000031
   -1    1    0    8    9    0.054368   -0.000008
   -1    1    0    9    9   -0.109723   -0.000005
   -1    1    0   10    9    0.005211    0.000005
   -1    1    0   11    9    0.191318    0.000000
   -1    1    0   12    9   -0.070469    0.000003
   -1    1    0   13    9   -0.011870   -0.000003
   -1    1    0   14    9    0.002151   -0.000003
   -1    1    0   15    9    0.146137    0.000003
   -1    1    0   16    9    0.044490    0.000004
   -1    1    0    1   10    0.027167    0.000010
   -1    1    0    2   10   -0.011302   -0.000006
   -1    1    0    3   10    0.070676    0.000008
   -1    1    0    4   10   -0.008709    0.000005
   -1    1    0    5   10   -0.032679    0.000008
   -1    1    0    6   10    0.041649    0.000005
   -1    1    0    7   10    0.080147    0.000009
   -1    1    0    8   10   -0.027989   -0.000002
   -1    1    0    9   10    0.008362   -0.000003
   -1    1    0   10   10   -0.090993   -0.000000
   -1    1    0   11   10    0.015811   -0.000002
   -1    1    0   12   10    0.069441    0.000001
   -1    1    0   13   10    0.092115    0.000010
   -1    1    0   14   10    0.192799   -0.000000
   -1    1    0   15   10    0.052496    0.000001
   -1    1    0   16   10   -0.001289   -0.000009
   -1    1    0    1   11    0.012574   -0.000045
   -1    1    0    2   11   -0.021876    0.000029
   -1    1    0    3   11   -0.001768   -0.000093
   -1    1    0    4   11   -0.007630   -0.000016
   -1    1    0    5   11    0.025693    0.000006
   -1    1    0    6   11    0.042620   -0.000033
   -1    1    0    7   11    0.012294    0.000153
   -1    1    0    8   11   -0.005822    0.000003
   -1    1    0    9   11    0.206351   -0.000001
   -1    1    0   10   11    0.051854    0.000000
   -1    1    0   11   11    0.325180    0.000003
   -1    1    0   12   11   -0.151262    0.000006
   -1    1    0   13   11   -0.012492    0.000005
   -1    1    0   14   11    0.005683   -0.000001
   -1    1    0   15   11    0.077722    0.000004
   -1    1    0   16   11   -0.120711    0.000005
   -1    1    0    1   12   -0.017801   -0.000086
   -1    1    0    2   12    0.103750    0.000079
   -1    1    0    3   12   -0.007026   -0.000024
   -1    1    0    4   12   -0.034460   -0.000019
   -1    1    0    5   12   -0.027154    0.000052
   -1    1    0    6   12    0.029891   -0.000079
   -1    1    0    7   12    0.024634    0.000245
   -1    1    0    8   12   -0.002918   -0.000020
   -1    1    0    9   12   -0.015697   -0.000007
   -1    1    0   10   12   -0.000113    0.000004
   -1    1    0   11   12   -0.001406   -0.000001
   -1    1    0   12   12    0.215850    0.000015
   -1    1    0   13   12   -0.005915    0.000017
   -1    1    0   14   12   -0.017328   -0.000002
   -1    1    0   15   12   -0.013157    0.000013
   -1    1    0   16   12    0.154037   -0.000005
   -1    1    0    1   13    0.058982    0.000020
   -1    1    0    2   13   -0.023115   -0.000006
   -1    1    0    3   13   -0.005446    0.000134
   -1    1    0    4   13   -0.011543    0.000005
   -1    1    0    5   13    0.007034   -0.000010
   -1    1    0    6   13   -0.115786    0.000036
   -1    1    0    7   13    0.013710    0.000088
   -1    1    0    8   13   -0.005874    0.000005
   -1    1    0    9   13   -0.240918   -0.000001
   -1    1    0   10   13    0.060044    0.000004
   -1    1    0   11   13   -0.080000    0.000002
   -1    1    0   12   13   -0.052137    0.000012
   -1    1    0   13   13   -0.268058    0.000005
   -1    1    0   14   13   -0.002030   -0.000002
   -1    1    0   15   13    0.017792    0.000008
   -1    1    0   16   13    0.018572    0.000003
   -1    1    0    1   14    0.011453   -0.000000
   -1    1    0    2   14   -0.018976    0.000006
   -1    1    0    3   14   -0.030226    0.000002
   -1    1    0    4   14    0.000164   -0.000001
   -1    1    0    5   14    0.010828   -0.000006
   -1    1    0    6   14   -0.034923   -0.000003
   -1    1    0    7   14    0.004482   -0.000003
   -1    1    0    8   14    0.003513    0.000002
   -1    1    0    9   14   -0.005901    0.000003
   -1    1    0   10   14    0.120374   -0.000000
   -1    1    0   11   14   -0.016967    0.000004
   -1    1    0   12   14    0.024641    0.000005
   -1    1    0   13   14   -0.029196   -0.000001
   -1    1    0   14   14   -0.088801    0.000000
   -1    1    0   15   14   -0.013809    0.000002
   -1    1    0   16   14   -0.025426    0.000005
   -1    1    0    1   15   -0.009130   -0.000024
   -1    1    0    2   15   -0.014821    0.000023
   -1    1    0    3   15    0.008003   -0.000045
   -1    1    0    4   15   -0.010957   -0.000003
   -1    1    0    5   15    0.002624    0.000006
   -1    1    0    6   15    0.045330   -0.000020
   -1    1    0    7   15    0.013259    0.000124
   -1    1    0    8   15   -0.029440   -0.000002
   -1    1    0    9   15    0.033130   -0.000000
   -1    1    0   10   15   -0.001758    0.000001
   -1    1    0   11   15   -0.018091   -0.000000
   -1    1    0   12   15    0.114480    0.000004
   -1    1    0   13   15   -0.064040    0.000010
   -1    1    0   14   15    0.004288   -0.000000
   -1    1    0   15   15    0.182987    0.000004
   -1    1    0   16   15   -0.115808   -0.000006
   -1    1    0    1   16   -0.030971   -0.000062
   -1    1    0    2   16    0.028345    0.000043
   -1    1    0    3   16    0.032367   -0.000133
   -1    1    0    4   16   -0.017900   -0.000016
   -1    1    0    5   16   -0.020483    0.000020
   -1    1    0    6   16    0.035984   -0.000070
   -1    1    0    7   16    0.006830    0.000081
   -1    1    0    8   16    0.009461   -0.000006
   -1    1    0    9   16    0.071356   -0.000000
   -1    1    0   10   16    0.047152   -0.000003
   -1    1    0   11   16    0.061186    0.000002
   -1    1    0   12   16    0.014116    0.000005
   -1    1    0   13   16    0.068782    0.000002
   -1    1    0   14   16   -0.024436    0.000001
   -1    1    0   15   16   -0.125396    0.000003
   -1    1    0   16   16    0.083792    0.000003
    0   -2    0    1    1    0.210173   -0.000000
    0   -2    0    2    1   -0.079238    0.000032
    0   -2    0    3    1   -0.019030   -0.000200
    0   -2    0    4    1    0.080104   -0.000020
    0   -2    0    5    1   -0.531083   -0.000008
    0   -2    0    6    1   -0.092497    0.000009
    0   -2    0    7    1    0.935292    0.000317
    0   -2    0    8    1   -1.473393    0.000017
    0   -2    0    9    1    0.001264    0.000023
    0   -2    0   10    1   -0.005035    0.000002
    0   -2    0   11    1    0.002652    0.000037
    0   -2    0   12    1   -0.006853    0.000095
    0   -2    0   13    1    0.005045   -0.000048
    0   -2    0   14    1   -0.017239    0.000001
    0   -2    0   15    1   -0.002181    0.000033
    0   -2    0   16    1   -0.016989    0.000062
    0   -2    0    1    2   -0.079238   -0.000032
    0   -2    0    2    2   -0.146783   -0.000000
    0   -2    0    3    2    0.118185    0.000099
    0   -2    0    4    2   -0.041837   -0.000006
    0   -2    0    5    2   -0.071900    0.000045
    0   -2    0    6    2    0.581919    0.000024
    0   -2    0    7    2   -0.062121   -0.000105
    0   -2    0    8    2    0.078600   -0.000016
    0   -2    0    9    2    0.024386   -0.000021
    0   -2    0   10    2   -0.130137    0.000010
    0   -2    0   11    2    0.011457   -0.000025
    0   -2    0   12    2    0.034523   -0.000052
    0   -2    0   13    2    0.065022    0.000038
    0   -2    0   14    2    0.006492   -0.000006
    0   -2    0   15    2    0.033039   -0.000014
    0   -2    0   16    2    0.077428   -0.000054
    0   -2    0    1    3   -0.019030    0.000200
    0   -2    0    2    3    0.118185   -0.000099
    0   -2    0    3    3    0.263978   -0.000000
    0   -2    0    4    3    0.001079    0.000057
    0   -2    0    5    3   -0.932329    0.000011
    0   -2    0    6    3    0.097588    0.000143
    0   -2    0    7    3    0.713411   -0.000007
    0   -2    0    8    3   -0.938665    0.000001
    0   -2    0    9    3   -0.052810   -0.000045
    0   -2    0   10    3    0.059355   -0.000000
    0   -2    0   11    3   -0.036526   -0.000131
    0   -2    0   12    3    0.028208   -0.000189
    0   -2    0   13    3   -0.003301   -0.000123
    0   -2    0   14    3   -0.004572    0.000005
    0   -2    0   15    3    0.004189   -0.000085
    0   -2    0   16    3   -0.007051   -0.000021
    0   -2    0    1    4    0.080104    0.000020
    0   -2    0    2    4   -0.041837    0.000006
    0   -2    0    3    4    0.001079   -0.000057
    0   -2    0    4    4    0.038078   -0.000000
    0   -2    0    5    4    1.476057   -0.000002
    0   -2    0    6    4   -0.076258    0.000010
    0   -2    0    7    4   -0.959579    0.000095
    0   -2    0    8    4    1.390398    0.000004
    0   -2    0    9    4   -0.052828    0.000010
    0   -2    0   10    4    0.038892    0.000000
    0   -2    0   11    4   -0.001531    0.000007
    0   -2    0   12    4    0.008573    0.000020
    0   -2    0   13    4    0.046753   -0.000019
    0   -2    0   14    4   -0.025358   -0.000001
    0   -2    0   15    4   -0.000632    0.000004
    0   -2    0   16    4    0.005441    0.000015
    0   -2    0    1    5   -0.531083    0.000008
    0   -2    0    2    5   -0.071900   -0.000045
    0   -2    0    3    5   -0.932329   -0.000011
    0   -2    0    4    5    1.476057    0.000002
    0   -2    0    5    5    0.204551   -0.000000
    0   -2    0    6    5   -0.022421   -0.000036
    0   -2    0    7    5    0.027411   -0.000186
    0   -2    0    8    5   -0.074010   -0.000016
    0   -2    0    9    5   -0.001038   -0.000023
    0   -2    0   10    5   -0.020509   -0.000010
    0   -2    0   11    5   -0.000612   -0.000049
    0   -2    0   12    5   -0.033822   -0.000110
    0   -2    0   13    5   -0.009763   -0.000008
    0   -2    0   14    5    0.017400   -0.000000
    0   -2    0   15    5   -0.004771   -0.000045
    0   -2    0   16    5   -0.019698   -0.000046
    0   -2    0    1    6   -0.092497   -0.000009
    0   -2    0    2    6    0.581919   -0.000024
    0   -2    0    3    6    0.097588   -0.000143
    0   -2    0    4    6   -0.076258   -0.000010
    0   -2    0    5    6   -0.022421    0.000036
    0   -2    0    6    6   -0.016963   -0.000000
    0   -2    0    7    6   -0.143783    0.000110
    0   -2    0    8    6    0.015117   -0.000007
    0   -2    0    9    6    0.111072    0.000025
    0   -2    0   10    6   -0.071824   -0.000002
    0   -2    0   11    6   -0.008229    0.000035
    0   -2    0   12    6    0.121698    0.000089
    0   -2    0   13    6    0.017048   -0.000022
    0   -2    0   14    6    0.014209    0.000001
    0   -2    0   15    6    0.041399    0.000026
    0   -2    0   16    6   -0.008575    0.000059
    0   -2    0    1    7    0.935292   -0.000317
    0   -2    0    2    7   -0.062121    0.000105
    0   -2    0    3    7    0.713411    0.000007
    0   -2    0    4    7   -0.959579   -0.000095
    0   -2    0    5    7    0.027411    0.000186
    0   -2    0    6    7   -0.143783   -0.000110
    0   -2    0    7    7    0.137740   -0.000000
    0   -2    0    8    7   -0.026429   -0.000056
    0   -2    0    9    7    0.029652    0.000065
    0   -2    0   10    7    0.006963    0.000009
    0   -2    0   11    7   -0.043079   -0.000076
    0   -2    0   12    7   -0.026461    0.000046
    0   -2    0   13    7    0.008204    0.000147
    0   -2    0   14    7   -0.061502   -0.000007
    0   -2    0   15    7   -0.016448   -0.000013
    0   -2    0   16    7   -0.015783   -0.000139
    0   -2    0    1    8   -1.473393   -0.000017
    0   -2    0    2    8    0.078600    0.000016
    0   -2    0    3    8   -0.938665   -0.000001
    0   -2    0    4    8    1.390398   -0.000004
    0   -2    0    5    8   -0.074010    0.000016
    0   -2    0    6    8    0.015117    0.000007
    0   -2    0    7    8   -0.026429    0.000056
    0   -2    0    8    8    0.048628   -0.000000
    0   -2    0    9    8    0.022168    0.000008
    0   -2    0   10    8   -0.036259    0.000005
    0   -2    0   11    8   -0.009874    0.000017
    0   -2    0   12    8   -0.009929    0.000052
    0   -2    0   13    8   -0.046109    0.000009
    0   -2    0   14    8    0.018919   -0.000000
    0   -2    0   15    8   -0.002228    0.000021
    0   -2    0   16    8    0.004553    0.000018
    0   -2    0    1    9    0.001264   -0.000023
    0   -2    0    2    9    0.024386    0.000021
    0   -2    0    3    9   -0.052810    0.000045
    0   -2    0    4    9   -0.052828   -0.000010
    0   -2    0    5    9   -0.001038    0.000023
    0   -2    0    6    9    0.111072   -0.000025
    0   -2    0    7    9    0.029652   -0.000065
    0   -2    0    8    9    0.022168   -0.000008
    0   -2    0    9    9    0.262126   -0.000000
    0   -2    0   10    9   -0.027721    0.000008
    0   -2    0   11    9   -0.078899    0.000001
    0   -2    0   12    9    0.130387    0.000009
    0   -2    0   13    9   -0.071600   -0.000005
    0   -2    0   14    9   -0.020535   -0.000005
    0   -2    0   15    9   -0.112064    0.000004
    0   -2    0   16    9   -0.046689    0.000005
    0   -2    0    1   10   -0.005035   -0.000002
    0   -2    0    2   10   -0.130137   -0.000010
    0   -2    0    3   10    0.059355    0.000000
    0   -2    0    4   10    0.038892   -0.000000
    0   -2    0    5   10   -0.020509    0.000010
    0   -2    0    6   10   -0.071824    0.000002
    0   -2    0    7   10    0.006963   -0.000009
    0   -2    0    8   10   -0.036259   -0.000005
    0   -2    0    9   10   -0.027721   -0.000008
    0   -2    0   10   10   -0.223165    0.000000
    0   -2    0   11   10   -0.038973   -0.000008
    0   -2    0   12   10    0.031058   -0.000013
    0   -2    0   13   10    0.048282   -0.000004
    0   -2    0   14   10    0.125423    0.000000
    0   -2    0   15   10   -0.030030   -0.000004
    0   -2    0   16   10    0.012666   -0.000005
    0   -2    0    1   11    0.002652   -0.000037
    0   -2    0    2   11    0.011457    0.000025
    0   -2    0    3   11   -0.036526    0.000131
    0   -2    0    4   11   -0.001531   -0.000007
    0   -2    0    5   11   -0.000612    0.000049
    0   -2    0    6   11   -0.008229   -0.000035
    0   -2    0    7   11   -0.043079    0.000076
    0   -2    0    8   11   -0.009874   -0.000017
    0   -2    0    9   11   -0.078899   -0.000001
    0   -2    0   10   11   -0.038973    0.000008
    0   -2    0   11   11    0.115509    0.000000
    0   -2    0   12   11   -0.004539    0.000011
    0   -2    0   13   11    0.112567    0.000003
    0   -2    0   14   11   -0.028869   -0.000002
    0   -2    0   15   11    0.044817    0.000006
    0   -2    0   16   11    0.047022   -0.000000
    0   -2    0    1   12   -0.006853   -0.000095
    0   -2    0    2   12    0.034523    0.000052
    0   -2    0    3   12    0.028208    0.000189
    0   -2    0    4   12    0.008573   -0.000020
    0   -2    0    5   12   -0.033822    0.000110
    0   -2    0    6   12    0.121698   -0.000089
    0   -2    0    7   12   -0.026461   -0.000046
    0   -2    0    8   12   -0.009929   -0.000052
    0   -2    0    9   12    0.130387   -0.000009
    0   -2    0   10   12    0.031058    0.000013
    0   -2    0   11   12   -0.004539   -0.000011
    0   -2    0   12   12   -0.018736   -0.000000
    0   -2    0   13   12    0.025021    0.000000
    0   -2    0   14   12   -0.070971   -0.000006
    0   -2    0   15   12    0.023015    0.000007
    0   -2    0   16   12    0.024979   -0.000013
    0   -2    0    1   13    0.005045    0.000048
    0   -2    0    2   13    0.065022   -0.000038
    0   -2    0    3   13   -0.003301    0.000123
    0   -2    0    4   13    0.046753    0.000019
    0   -2    0    5   13   -0.009763    0.000008
    0   -2    0    6   13    0.017048    0.000022
    0   -2    0    7   13    0.008204   -0.000147
    0   -2    0    8   13   -0.046109   -0.000009
    0   -2    0    9   13   -0.071600    0.000005
    0   -2    0   10   13    0.048282    0.000004
    0   -2    0   11   13    0.112567   -0.000003
    0   -2    0   12   13    0.025021   -0.000000
    0   -2    0   13   13    0.154084   -0.000000
    0   -2    0   14   13   -0.069162   -0.000001
    0   -2    0   15   13    0.071982   -0.000001
    0   -2    0   16   13   -0.035927   -0.000007
    0   -2    0    1   14   -0.017239   -0.000001
    0   -2    0    2   14    0.006492    0.000006
    0   -2    0    3   14   -0.004572   -0.000005
    0   -2    0    4   14   -0.025358    0.000001
    0   -2    0    5   14    0.017400    0.000000
    0   -2    0    6   14    0.014209   -0.000001
    0   -2    0    7   14   -0.061502    0.000007
    0   -2    0    8   14    0.018919    0.000000
    0   -2    0    9   14   -0.020535    0.000005
    0   -2    0   10   14    0.125423   -0.000000
    0   -2    0   11   14   -0.028869    0.000002
    0   -2    0   12   14   -0.070971    0.000006
    0   -2    0   13   14   -0.069162    0.000001
    0   -2    0   14   14   -0.143045   -0.000000
    0   -2    0   15   14   -0.038878    0.000002
    0   -2    0   16   14   -0.005817    0.000002
    0   -2    0    1   15   -0.002181   -0.000033
    0   -2    0    2   15    0.033039    0.000014
    0   -2    0    3   15    0.004189    0.000085
    0   -2    0    4   15   -0.000632   -0.000004
    0   -2    0    5   15   -0.004771    0.000045
    0   -2    0    6   15    0.041399   -0.000026
    0   -2    0    7   15   -0.016448    0.000013
    0   -2    0    8   15   -0.002228   -0.000021
    0   -2    0    9   15   -0.112064   -0.000004
    0   -2    0   10   15   -0.030030    0.000004
    0   -2    0   11   15    0.044817   -0.000006
    0   -2    0   12   15    0.023015   -0.000007
    0   -2    0   13   15    0.071982    0.000001
    0   -2    0   14   15   -0.038878   -0.000002
    0   -2    0   15   15    0.043449   -0.000000
    0   -2    0   16   15    0.062152   -0.000010
    0   -2    0    1   16   -0.016989   -0.000062
    0   -2    0    2   16    0.077428    0.000054
    0   -2    0    3   16   -0.007051    0.000021
    0   -2    0    4   16    0.005441   -0.000015
    0   -2    0    5   16   -0.019698    0.000046
    0   -2    0    6   16   -0.008575   -0.000059
    0   -2    0    7   16   -0.015783    0.000139
    0   -2    0    8   16    0.004553   -0.000018
    0   -2    0    9   16   -0.046689   -0.000005
    0   -2    0   10   16    0.012666    0.000005
    0   -2    0   11   16    0.047022    0.000000
    0   -2    0   12   16    0.024979    0.000013
    0   -2    0   13   16   -0.035927    0.000007
    0   -2    0   14   16   -0.005817   -0.000002
    0   -2    0   15   16    0.062152    0.000010
    0   -2    0   16   16    0.103716   -0.000000
    0   -1    0    1    1   -0.927956    0.000007
    0   -1    0    2    1   -0.021421    0.000042
    0   -1    0    3    1   -0.562659    0.000005
    0   -1    0    4    1    0.604939    0.000004
    0   -1    0    5    1   -0.267790   -0.000016
    0   -1    0    6    1   -0.004823    0.000031
    0   -1    0    7    1    0.013703    0.000187
    0   -1    0    8    1    0.007606    0.000020
    0   -1    0    9    1   -0.001364    0.000019
    0   -1    0   10    1    0.023426    0.000009
    0   -1    0   11    1    0.018854    0.000042
    0   -1    0   12    1   -0.029139    0.000107
    0   -1    0   13    1   -0.014020    0.000012
    0   -1    0   14    1   -0.025650    0.000001
    0   -1    0   15    1   -0.013006    0.000043
    0   -1    0   16    1   -0.000983    0.000042
    0   -1    0    1    2    0.038549    0.000002
    0   -1    0    2    2   -0.350975    0.000000
    0   -1    0    3    2    0.229628    0.000140
    0   -1    0    4    2    0.068535    0.000013
    0   -1    0    5    2    0.059710    0.000028
    0   -1    0    6    2    0.094318    0.000022
    0   -1    0    7    2    0.060834   -0.000092
    0   -1    0    8    2   -0.036922   -0.000014
    0   -1    0    9    2   -0.025532   -0.000016
    0   -1    0   10    2   -0.017048    0.000004
    0   -1    0   11    2   -0.033671   -0.000026
    0   -1    0   12    2   -0.083250   -0.000059
    0   -1    0   13    2   -0.048255    0.000044
    0   -1    0   14    2    0.030151   -0.000003
    0   -1    0   15    2   -0.067307   -0.000019
    0   -1    0   16    2   -0.022595   -0.000062
    0   -1    0    1    3   -0.194450    0.000343
    0   -1    0    2    3    0.111482   -0.000107
    0   -1    0    3    3   -0.393306    0.000001
    0   -1    0    4    3   -0.030406    0.000107
    0   -1    0    5    3   -0.024673   -0.000199
    0   -1    0    6    3   -0.032870    0.000115
    0   -1    0    7    3   -0.172049    0.000008
    0   -1    0    8    3   -0.053897    0.000061
    0   -1    0    9    3   -0.028942   -0.000056
    0   -1    0   10    3    0.029152   -0.000009
    0   -1    0   11    3    0.041804    0.000092
    0   -1    0   12    3   -0.000064   -0.000022
    0   -1    0   13    3    0.026377   -0.000135
    0   -1    0   14    3    0.003906    0.000006
    0   -1    0   15    3    0.002135    0.000023
    0   -1    0   16    3   -0.026421    0.000143
    0   -1    0    1    4   -0.408243    0.000021
    0   -1    0    2    4   -0.026216    0.000019
    0   -1    0    3    4   -0.424580    0.000006
    0   -1    0    4    4    0.369422    0.000006
    0   -1    0    5    4   -0.013596   -0.000026
    0   -1    0    6    4    0.065144    0.000017
    0   -1    0    7    4   -0.074519    0.000051
    0   -1    0    8    4    0.152473    0.000013
    0   -1    0    9    4   -0.016230    0.000005
    0   -1    0   10    4    0.007129    0.000005
    0   -1    0   11    4    0.018586    0.000019
    0   -1    0   12    4    0.016019    0.000037
    0   -1    0   13    4    0.013022   -0.000009
    0   -1    0   14    4    0.005534   -0.000000
    0   -1    0   15    4    0.015564    0.000019
    0   -1    0   16    4   -0.000767    0.000024
    0   -1    0    1    5   -7.508212    0.000018
    0   -1    0    2    5   -0.104326   -0.000014
    0   -1    0    3    5    0.123043    0.000118
    0   -1    0    4    5   -3.887917    0.000007
    0   -1    0    5    5   -0.925805    0.000013
    0   -1    0    6    5   -0.023408    0.000003
    0   -1    0    7    5    0.201830   -0.000013
    0   -1    0    8    5    0.405415   -0.000007
    0   -1    0    9    5    0.061058   -0.000040
    0   -1    0   10    5    0.036307    0.000007
    0   -1    0   11    5   -0.011040   -0.000019
    0   -1    0   12    5   -0.027875   -0.000079
    0   -1    0   13    5   -0.024172   -0.000003
    0   -1    0   14    5    0.076174   -0.000007
    0   -1    0   15    5   -0.038928   -0.000019
    0   -1    0   16    5   -0.015924   -0.000025
    0   -1    0    1    6   -0.116720    0.000023
    0   -1    0    2    6   -9.039336   -0.000008
    0   -1    0    3    6    0.111121   -0.000103
    0   -1    0    4    6   -0.090506    0.000010
    0   -1    0    5    6   -0.001746    0.000015
    0   -1    0    6    6   -0.358622    0.000019
    0   -1    0    7    6   -0.214837    0.000144
    0   -1    0    8    6    0.029754    0.000008
    0   -1    0    9    6    0.009836    0.000036
    0   -1    0   10    6    0.050356   -0.000001
    0   -1    0   11    6    0.003154    0.000049
    0   -1    0   12    6    0.077795    0.000103
    0   -1    0   13    6    0.080643   -0.000026
    0   -1    0   14    6    0.172715    0.000003
    0   -1    0   15    6   -0.001130    0.000031
    0   -1    0   16    6    0.052847    0.000070
    0   -1    0    1    7   -0.105224   -0.000149
    0   -1    0    2    7   -0.010851    0.000157
    0   -1    0    3    7   -9.234288    0.000017
    0   -1    0    4    7   -0.265449   -0.000050
    0   -1    0    5    7    0.556653    0.000305
    0   -1    0    6    7   -0.128166   -0.000074
    0   -1    0    7    7   -0.406901   -0.000004
    0   -1    0    8    7   -0.408271   -0.000086
    0   -1    0    9    7    0.029927   -0.000041
    0   -1    0   10    7    0.041672    0.000005
    0   -1    0   11    7   -0.056543   -0.000123
    0   -1    0   12    7   -0.020625   -0.000157
    0   -1    0   13    7   -0.017285   -0.000102
    0   -1    0   14    7   -0.018665    0.000001
    0   -1    0   15    7   -0.025340   -0.000073
    0   -1    0   16    7   -0.064327   -0.000019
    0   -1    0    1    8    3.892037   -0.000010
    0   -1    0    2    8    0.043780    0.000009
    0   -1    0    3    8   -0.267448   -0.000035
    0   -1    0    4    8   -2.011031   -0.000001
    0   -1    0    5    8   -0.608208    0.000011
    0   -1    0    6    8   -0.066274    0.000001
    0   -1    0    7    8   -0.031696    0.000011
    0   -1    0    8    8    0.365535   -0.000002
    0   -1    0    9    8   -0.009761    0.000009
    0   -1    0   10    8    0.076938   -0.000002
    0   -1    0   11    8   -0.020106    0.000005
    0   -1    0   12    8   -0.010643    0.000019
    0   -1    0   13    8    0.018956    0.000001
    0   -1    0   14    8   -0.007266    0.000004
    0   -1    0   15    8   -0.004519    0.000002
    0   -1    0   16    8   -0.044308    0.000010
    0   -1    0    1    9    0.054358   -0.000039
    0   -1    0    2    9    0.101581    0.000026
    0   -1    0    3    9    0.115361   -0.000057
    0   -1    0    4    9    0.020369   -0.000013
    0   -1    0    5    9   -0.003240    0.000024
    0   -1    0    6    9   -0.037103   -0.000010
    0   -1    0    7    9    0.051655   -0.000042
    0   -1    0    8    9    0.024362   -0.000012
    0   -1    0    9    9   -0.897064   -0.000007
    0   -1    0   10    9   -0.078110    0.000003
    0   -1    0   11    9   -0.683523   -0.000006
    0   -1    0   12    9    0.275234   -0.000013
    0   -1    0   13    9    0.206531    0.000002
    0   -1    0   14    9    0.022254   -0.000000
    0   -1    0   15    9    0.101425   -0.000003
    0   -1    0   16    9   -0.082871   -0.000006
    0   -1    0    1   10    0.049700    0.000006
    0   -1    0    2   10    0.052058   -0.000007
    0   -1    0    3   10   -0.066416   -0.000003
    0   -1    0    4   10   -0.049633    0.000004
    0   -1    0    5   10    0.046897    0.000001
    0   -1    0    6   10    0.058487    0.000007
    0   -1    0    7   10   -0.082710    0.000000
    0   -1    0    8   10   -0.006750   -0.000001
    0   -1    0    9   10   -0.024409   -0.000001
    0   -1    0   10   10   -0.247285    0.000000
    0   -1    0   11   10   -0.000265    0.000001
    0   -1    0   12   10   -0.002531   -0.000001
    0   -1    0   13   10    0.046949    0.000008
    0   -1    0   14   10   -0.078624   -0.000000
    0   -1    0   15   10    0.023077   -0.000001
    0   -1    0   16   10   -0.071430   -0.000007
    0   -1    0    1   11    0.022170   -0.000005
    0   -1    0    2   11   -0.052076    0.000028
    0   -1    0    3   11    0.006342    0.000102
    0   -1    0    4   11   -0.031476    0.000004
    0   -1    0    5   11   -0.009743    0.000041
    0   -1    0    6   11    0.067124   -0.000020
    0   -1    0    7   11   -0.048184   -0.000136
    0   -1    0    8   11    0.005604   -0.000017
    0   -1    0    9   11    0.355956   -0.000002
    0   -1    0   10   11    0.043763   -0.000000
    0   -1    0   11   11   -0.005025   -0.000004
    0   -1    0   12   11   -0.317809   -0.000005
    0   -1    0   13   11   -0.100357    0.000010
    0   -1    0   14   11   -0.033321   -0.000000
    0   -1    0   15   11    0.423335   -0.000002
    0   -1    0   16   11   -0.597370   -0.000009
    0   -1    0    1   12   -0.067448   -0.000056
    0   -1    0    2   12   -0.004776    0.000063
    0   -1    0    3   12   -0.025067    0.000008
    0   -1    0    4   12   -0.040120   -0.000012
    0   -1    0    5   12   -0.056077    0.000094
    0   -1    0    6   12    0.016871   -0.000045
    0   -1    0    7   12   -0.063433   -0.000188
    0   -1    0    8   12    0.011662   -0.000042
    0   -1    0    9   12   -0.593770   -0.000015
    0   -1    0   10   12   -0.103703    0.000005
    0   -1    0   11   12   -1.026152   -0.000015
    0   -1    0   12   12    0.331967   -0.000009
    0   -1    0   13   12   -0.016909    0.000019
    0   -1    0   14   12    0.071030    0.000001
    0   -1    0   15   12   -0.596757    0.000001
    0   -1    0   16   12   -0.176391   -0.000017
    0   -1    0    1   13   -0.046505    0.000040
    0   -1    0    2   13    0.085989   -0.000023
    0   -1    0    3   13   -0.024988   -0.000120
    0   -1    0    4   13   -0.030592    0.000004
    0   -1    0    5   13   -0.018629   -0.000047
    0   -1    0    6   13   -0.120989    0.000042
    0   -1    0    7   13   -0.091217   -0.000117
    0   -1    0    8   13    0.000528    0.000013
    0   -1    0    9   13   -0.196730   -0.000007
    0   -1    0   10   13    0.022035    0.000008
    0   -1    0   11   13   -0.315561   -0.000003
    0   -1    0   12   13    0.077409    0.000000
    0   -1    0   13   13   -0.820079   -0.000014
    0   -1    0   14   13   -0.061292   -0.000003
    0   -1    0   15   13    0.176840    0.000005
    0   -1    0   16   13    0.518901    0.000007
    0   -1    0    1   14    0.056998   -0.000001
    0   -1    0    2   14    0.202207    0.000006
    0   -1    0    3   14    0.021519    0.000002
    0   -1    0    4   14   -0.070685   -0.000001
    0   -1    0    5   14   -0.036291    0.000001
    0   -1    0    6   14    0.012929   -0.000004
    0   -1    0    7   14    0.009243    0.000004
    0   -1    0    8   14   -0.000107    0.000001
    0   -1    0    9   14    0.016917    0.000002
    0   -1    0   10   14    0.045878   -0.000000
    0   -1    0   11   14    0.046906    0.000000
    0   -1    0   12   14    0.012791    0.000004
    0   -1    0   13   14   -0.044755   -0.000003
    0   -1    0   14   14   -0.065110    0.000000
    0   -1    0   15   14    0.016110    0.000002
    0   -1    0   16   14    0.048526    0.000004
    0   -1    0    1   15   -0.012788   -0.000001
    0   -1    0    2   15    0.029094    0.000016
    0   -1    0    3   15   -0.070929    0.000037
    0   -1    0    4   15   -0.007868    0.000006
    0   -1    0    5   15   -0.014252    0.000030
    0   -1    0    6   15    0.042910   -0.000013
    0   -1    0    7   15   -0.017123   -0.000086
    0   -1    0    8   15   -0.019884   -0.000016
    0   -1    0    9   15    0.082624   -0.000005
    0   -1    0   10   15   -0.023322    0.000000
    0   -1    0   11   15   -0.371234   -0.000005
    0   -1    0   12   15    0.039222   -0.000002
    0   -1    0   13   15    0.728240    0.000009
    0   -1    0   14   15    0.052427    0.000001
    0   -1    0   15   15   -0.303125    0.000002
    0   -1    0   16   15   -0.737916   -0.000008
    0   -1    0    1   16   -0.040485   -0.000038
    0   -1    0    2   16   -0.046239    0.000046
    0   -1    0    3   16   -0.020635    0.000149
    0   -1    0    4   16   -0.025056   -0.000004
    0   -1    0    5   16   -0.019871    0.000065
    0   -1    0    6   16    0.005480   -0.000054
    0   -1    0    7   16   -0.008553   -0.000026
    0   -1    0    8   16    0.014670   -0.000021
    0   -1    0    9   16    0.271403    0.000001
    0   -1    0   10   16    0.043006   -0.000005
    0   -1    0   11   16    0.024990   -0.000001
    0   -1    0   12   16    0.052244    0.000006
    0   -1    0   13   16   -0.525434    0.000020
    0   -1    0   14   16    0.016153    0.000002
    0   -1    0   15   16   -0.346330   -0.000001
    0   -1    0   16   16    0.359476   -0.000008
    0    0    0    1    1   -1.652045    0.000000
    0    0    0    2    1    0.036414    0.000014
    0    0    0    3    1    0.001890   -0.000135
    0    0    0    4    1   -0.593162   -0.000002
    0    0    0    5    1    0.151527   -0.000027
    0    0    0    6    1    0.091854   -0.000002
    0    0    0    7    1    0.318566    0.000018
    0    0    0    8    1    0.016202    0.000012
    0    0    0    9    1    0.041561    0.000038
    0    0    0   10    1   -0.014749   -0.000008
    0    0    0   11    1    0.014054    0.000014
    0    0    0   12    1   -0.017802    0.000070
    0    0    0   13    1   -0.008490    0.000006
    0    0    0   14    1    0.075303    0.000008
    0    0    0   15    1   -0.010073    0.000013
    0    0    0   16    1   -0.008125    0.000020
    0    0    0    1    2    0.036414   -0.000014
    0    0    0    2    2   -2.738016   -0.000000
    0    0    0    3    2   -0.054091    0.000150
    0    0    0    4    2    0.102569   -0.000001
    0    0    0    5    2    0.043650   -0.000008
    0    0    0    6    2   -0.160493    0.000005
    0    0    0    7    2   -0.111906   -0.000142
    0    0    0    8    2   -0.055710   -0.000005
    0    0    0    9    2    0.282740   -0.000025
    0    0    0   10    2   -0.215938    0.000001
    0    0    0   11    2   -0.006846   -0.000031
    0    0    0   12    2   -0.080861   -0.000074
    0    0    0   13    2   -0.208748    0.000031
    0    0    0   14    2    0.072233   -0.000003
    0    0    0   15    2   -0.103171   -0.000021
    0    0    0   16    2   -0.058449   -0.000057
    0    0    0    1    3    0.001890    0.000135
    0    0    0    2    3   -0.054091   -0.000150
    0    0    0    3    3   -2.792214    0.000000
    0    0    0    4    3   -0.046429    0.000045
    0    0    0    5    3   -0.327596   -0.000331
    0    0    0    6    3    0.077419    0.000074
    0    0    0    7    3    0.384836   -0.000005
    0    0    0    8    3    0.122255    0.000096
    0    0    0    9    3   -0.071877    0.000043
    0    0    0   10    3   -0.042469   -0.000004
    0    0    0   11    3    0.053828    0.000115
    0    0    0   12    3    0.053723    0.000152
    0    0    0   13    3    0.094424    0.000110
    0    0    0   14    3   -0.052564   -0.000002
    0    0    0   15    3    0.038334    0.000071
    0    0    0   16    3    0.008788    0.000009
    0    0    0    1    4   -0.593162    0.000002
    0    0    0    2    4    0.102569    0.000001
    0    0    0    3    4   -0.046429   -0.000045
    0    0    0    4    4   -1.903369   -0.000000
    0    0    0    5    4   -0.020731   -0.000027
    0    0    0    6    4    0.060676   -0.000002
    0    0    0    7    4    0.167494    0.000005
    0    0    0    8    4    0.161825    0.000008
    0    0    0    9    4    0.123579    0.000009
    0    0    0   10    4   -0.060152   -0.000003
    0    0    0   11    4    0.016178    0.000010
    0    0    0   12    4   -0.008823    0.000029
    0    0    0   13    4   -0.060454    0.000001
    0    0    0   14    4    0.054302    0.000003
    0    0    0   15    4   -0.044092    0.000009
    0    0    0   16    4   -0.025295    0.000014
    0    0    0    1    5    0.151527    0.000027
    0    0    0    2    5    0.043650    0.000008
    0    0    0    3    5   -0.327596    0.000331
    0    0    0    4    5   -0.020731    0.000027
    0    0    0    5    5   -1.648860    0.000000
    0    0    0    6    5    0.067486    0.000024
    0    0    0    7    5   -0.020665   -0.000132
    0    0    0    8    5    0.593446   -0.000003
    0    0    0    9    5    0.063037   -0.000038
    0    0    0   10    5    0.026004    0.000006
    0    0    0   11    5    0.034985   -0.000006
    0    0    0   12    5   -0.035479   -0.000060
    0    0    0   13    5   -0.020023    0.000039
    0    0    0   14    5    0.055877   -0.000000
    0    0    0   15    5    0.001980   -0.000002
    0    0    0   16    5   -0.035726   -0.000041
    0    0    0    1    6    0.091854    0.000002
    0    0    0    2    6   -0.160493   -0.000005
    0    0    0    3    6    0.077419   -0.000074
    0    0    0    4    6    0.060676    0.000002
    0    0    0    5    6    0.067486   -0.000024
    0    0    0    6    6   -2.887586    0.000000
    0    0    0    7    6   -0.044637    0.000109
    0    0    0    8    6   -0.103736    0.000013
    0    0    0    9    6    0.213597    0.000023
    0    0    0   10    6   -0.157590   -0.000005
    0    0    0   11    6   -0.004798    0.000032
    0    0    0   12    6    0.016816    0.000060
    0    0    0   13    6   -0.292131   -0.000043
    0    0    0   14    6   -0.024820    0.000005
    0    0    0   15    6   -0.044847    0.000017
    0    0    0   16    6   -0.035074    0.000064
    0    0    0    1    7    0.318566   -0.000018
    0    0    0    2    7   -0.111906    0.000142
    0    0    0    3    7    0.384836    0.000005
    0    0    0    4    7    0.167494   -0.000005
    0    0    0    5    7   -0.020665    0.000132
    0    0    0    6    7   -0.044637   -0.000109
    0    0    0    7    7   -2.654745   -0.000000
    0    0    0    8    7   -0.038262   -0.000042
    0    0    0    9    7    0.171058   -0.000063
    0    0    0   10    7   -0.024556   -0.000003
    0    0    0   11    7   -0.002100    0.000089
    0    0    0   12    7   -0.047044   -0.000014
    0    0    0   13    7   -0.073353   -0.000134
    0    0    0   14    7    0.011359    0.000003
    0    0    0   15    7   -0.109880    0.000026
    0    0    0   16    7    0.030131    0.000148
    0    0    0    1    8    0.016202   -0.000012
    0    0    0    2    8   -0.055710    0.000005
    0    0    0    3    8    0.122255   -0.000096
    0    0    0    4    8    0.161825   -0.000008
    0    0    0    5    8    0.593446    0.000003
    0    0    0    6    8   -0.103736   -0.000013
    0    0    0    7    8   -0.038262    0.000042
    0    0    0    8    8   -1.908357    0.000000
    0    0    0    9    8   -0.103922    0.000012
    0    0    0   10    8    0.037111   -0.000004
    0    0    0   11    8   -0.001828    0.000003
    0    0    0   12    8    0.021533    0.000009
    0    0    0   13    8    0.065112   -0.000016
    0    0    0   14    8   -0.061113    0.000001
    0    0    0   15    8    0.016199   -0.000004
    0    0    0   16    8    0.047286    0.000013
    0    0    0    1    9    0.041561   -0.000038
    0    0    0    2    9    0.282740    0.000025
    0    0    0    3    9   -0.071877   -0.000043
    0    0    0    4    9    0.123579   -0.000009
    0    0    0    5    9    0.063037    0.000038
    0    0    0    6    9    0.213597   -0.000023
    0    0    0    7    9    0.171058    0.000063
    0    0    0    8    9   -0.103922   -0.000012
    0    0    0    9    9    1.339240    0.000000
    0    0    0   10    9   -0.148024   -0.000003
    0    0    0   11    9    0.006678   -0.000004
    0    0    0   12    9   -0.802823   -0.000006
    0    0    0   13    9   -3.379223    0.000014
    0    0    0   14    9    0.046967    0.000001
    0    0    0   15    9   -3.214809   -0.000003
    0    0    0   16    9   -2.675046   -0.000011
    0    0    0    1   10   -0.014749    0.000008
    0    0    0    2   10   -0.215938   -0.000001
    0    0    0    3   10   -0.042469    0.000004
    0    0    0    4   10   -0.060152    0.000003
    0    0    0    5   10    0.026004   -0.000006
    0    0    0    6   10   -0.157590    0.000005
    0    0    0    7   10   -0.024556    0.000003
    0    0    0    8   10    0.037111    0.000004
    0    0    0    9   10   -0.148024    0.000003
    0    0    0   10   10    1.306290   -0.000000
    0    0    0   11   10   -0.004040    0.000006
    0    0    0   12   10    0.018131    0.000004
    0    0    0   13   10    0.030573    0.000003
    0    0    0   14   10   -2.621401   -0.000000
    0    0    0   15   10    0.040419    0.000002
    0    0    0   16   10    0.049314    0.000001
    0    0    0    1   11    0.014054   -0.000014
    0    0    0    2   11   -0.006846    0.000031
    0    0    0    3   11    0.053828   -0.000115
    0    0    0    4   11    0.016178   -0.000010
    0    0    0    5   11    0.034985    0.000006
    0    0    0    6   11   -0.004798   -0.000032
    0    0    0    7   11   -0.002100   -0.000089
    0    0    0    8   11   -0.001828   -0.000003
    0    0    0    9   11    0.006678    0.000004
    0    0    0   10   11   -0.004040   -0.000006
    0    0    0   11   11    1.217135    0.000000
    0    0    0   12   11   -1.803226   -0.000004
    0    0    0   13   11    5.164806    0.000008
    0    0    0   14   11   -0.011310    0.000000
    0    0    0   15   11    1.251759   -0.000003
    0    0    0   16   11    3.130552   -0.000008
    0    0    0    1   12   -0.017802   -0.000070
    0    0    0    2   12   -0.080861    0.000074
    0    0    0    3   12    0.053723   -0.000152
    0    0    0    4   12   -0.008823   -0.000029
    0    0    0    5   12   -0.035479    0.000060
    0    0    0    6   12    0.016816   -0.000060
    0    0    0    7   12   -0.047044    0.000014
    0    0    0    8   12    0.021533   -0.000009
    0    0    0    9   12   -0.802823    0.000006
    0    0    0   10   12    0.018131   -0.000004
    0    0    0   11   12   -1.803226    0.000004
    0    0    0   12   12   -2.225260   -0.000000
    0    0    0   13   12    3.941416    0.000018
    0    0    0   14   12   -0.059218   -0.000001
    0    0    0   15   12    2.536254   -0.000005
    0    0    0   16   12    0.457913   -0.000008
    0    0    0    1   13   -0.008490   -0.000006
    0    0    0    2   13   -0.208748   -0.000031
    0    0    0    3   13    0.094424   -0.000110
    0    0    0    4   13   -0.060454   -0.000001
    0    0    0    5   13   -0.020023   -0.000039
    0    0    0    6   13   -0.292131    0.000043
    0    0    0    7   13   -0.073353    0.000134
    0    0    0    8   13    0.065112    0.000016
    0    0    0    9   13   -3.379223   -0.000014
    0    0    0   10   13    0.030573   -0.000003
    0    0    0   11   13    5.164806   -0.000008
    0    0    0   12   13    3.941416   -0.000018
    0    0    0   13   13   -7.093652    0.000000
    0    0    0   14   13   -0.052486    0.000003
    0    0    0   15   13    0.053689   -0.000003
    0    0    0   16   13   -0.114887   -0.000006
    0    0    0    1   14    0.075303   -0.000008
    0    0    0    2   14    0.072233    0.000003
    0    0    0    3   14   -0.052564    0.000002
    0    0    0    4   14    0.054302   -0.000003
    0    0    0    5   14    0.055877    0.000000
    0    0    0    6   14   -0.024820   -0.000005
    0    0    0    7   14    0.011359   -0.000003
    0    0    0    8   14   -0.061113   -0.000001
    0    0    0    9   14    0.046967   -0.000001
    0    0    0   10   14   -2.621401    0.000000
    0    0    0   11   14   -0.011310   -0.000000
    0    0    0   12   14   -0.059218    0.000001
    0    0    0   13   14   -0.052486   -0.000003
    0    0    0   14   14   -2.894911   -0.000000
    0    0    0   15   14   -0.026473   -0.000000
    0    0    0   16   14    0.014627    0.000004
    0    0    0    1   15   -0.010073   -0.000013
    0    0    0    2   15   -0.103171    0.000021
    0    0    0    3   15    0.038334   -0.000071
    0    0    0    4   15   -0.044092   -0.000009
    0    0    0    5   15    0.001980    0.000002
    0    0    0    6   15   -0.044847   -0.000017
    0    0    0    7   15   -0.109880   -0.000026
    0    0    0    8   15    0.016199    0.000004
    0    0    0    9   15   -3.214809    0.000003
    0    0    0   10   15    0.040419   -0.000002
    0    0    0   11   15    1.251759    0.000003
    0    0    0   12   15    2.536254    0.000005
    0    0    0   13   15    0.053689    0.000003
    0    0    0   14   15   -0.026473    0.000000
    0    0    0   15   15   -3.423285   -0.000000
    0    0    0   16   15   -0.651819    0.000003
    0    0    0    1   16   -0.008125   -0.000020
    0    0    0    2   16   -0.058449    0.000057
    0    0    0    3   16    0.008788   -0.000009
    0    0    0    4   16   -0.025295   -0.000014
    0    0    0    5   16   -0.035726    0.000041
    0    0    0    6   16   -0.035074   -0.000064
    0    0    0    7   16    0.030131   -0.000148
    0    0    0    8   16    0.047286   -0.000013
    0    0    0    9   16   -2.675046    0.000011
    0    0    0   10   16    0.049314   -0.000001
    0    0    0   11   16    3.130552    0.000008
    0    0    0   12   16    0.457913    0.000008
    0    0    0   13   16   -0.114887    0.000006
    0    0    0   14   16    0.014627   -0.000004
    0    0    0   15   16   -0.651819   -0.000003
    0    0    0   16   16   -4.680507    0.000000
    0    1    0    1    1   -0.927956   -0.000007
    0    1    0    2    1    0.038549   -0.000002
    0    1    0    3    1   -0.194450   -0.000343
    0    1    0    4    1   -0.408243   -0.000021
    0    1    0    5    1   -7.508212   -0.000018
    0    1    0    6    1   -0.116720   -0.000023
    0    1    0    7    1   -0.105224    0.000149
    0    1    0    8    1    3.892037    0.000010
    0    1    0    9    1    0.054358    0.000039
    0    1    0   10    1    0.049700   -0.000006
    0    1    0   11    1    0.022170    0.000005
    0    1    0   12    1   -0.067448    0.000056
    0    1    0   13    1   -0.046505   -0.000040
    0    1    0   14    1    0.056998    0.000001
    0    1    0   15    1   -0.012788    0.000001
    0    1    0   16    1   -0.040485    0.000038
    0    1    0    1    2   -0.021421   -0.000042
    0    1    0    2    2   -0.350975   -0.000000
    0    1    0    3    2    0.111482    0.000107
    0    1    0    4    2   -0.026216   -0.000019
    0    1    0    5    2   -0.104326    0.000014
    0    1    0    6    2   -9.039336    0.000008
    0    1    0    7    2   -0.010851   -0.000157
    0    1    0    8    2    0.043780   -0.000009
    0    1    0    9    2    0.101581   -0.000026
    0    1    0   10    2    0.052058    0.000007
    0    1    0   11    2   -0.052076   -0.000028
    0    1    0   12    2   -0.004776   -0.000063
    0    1    0   13    2    0.085989    0.000023
    0    1    0   14    2    0.202207   -0.000006
    0    1    0   15    2    0.029094   -0.000016
    0    1    0   16    2   -0.046239   -0.000046
    0    1    0    1    3   -0.562659   -0.000005
    0    1    0    2    3    0.229628   -0.000140
    0    1    0    3    3   -0.393306   -0.000001
    0    1    0    4    3   -0.424580   -0.000006
    0    1    0    5    3    0.123043   -0.000118
    0    1    0    6    3    0.111121    0.000103
    0    1    0    7    3   -9.234288   -0.000017
    0    1    0    8    3   -0.267448    0.000035
    0    1    0    9    3    0.115361    0.000057
    0    1    0   10    3   -0.066416    0.000003
    0    1    0   11    3    0.006342   -0.000102
    0    1    0   12    3   -0.025067   -0.000008
    0    1    0   13    3   -0.024988    0.000120
    0    1    0   14    3    0.021519   -0.000002
    0    1    0   15    3   -0.070929   -0.000037
    0    1    0   16    3   -0.020635   -0.000149
    0    1    0    1    4    0.604939   -0.000004
    0    1    0    2    4    0.068535   -0.000013
    0    1    0    3    4   -0.030406   -0.000107
    0    1    0    4    4    0.369422   -0.000006
    0    1    0    5    4   -3.887917   -0.000007
    0    1    0    6    4   -0.090506   -0.000010
    0    1    0    7    4   -0.265449    0.000050
    0    1    0    8    4   -2.011031    0.000001
    0    1    0    9    4    0.020369    0.000013
    0    1    0   10    4   -0.049633   -0.000004
    0    1    0   11    4   -0.031476   -0.000004
    0    1    0   12    4   -0.040120    0.000012
    0    1    0   13    4   -0.030592   -0.000004
    0    1    0   14    4   -0.070685    0.000001
    0    1    0   15    4   -0.007868   -0.000006
    0    1    0   16    4   -0.025056    0.000004
    0    1    0    1    5   -0.267790    0.000016
    0    1    0    2    5    0.059710   -0.000028
    0    1    0    3    5   -0.024673    0.000199
    0    1    0    4    5   -0.013596    0.000026
    0    1    0    5    5   -0.925805   -0.000013
    0    1    0    6    5   -0.001746   -0.000015
    0    1    0    7    5    0.556653   -0.000305
    0    1    0    8    5   -0.608208   -0.000011
    0    1    0    9    5   -0.003240   -0.000024
    0    1    0   10    5    0.046897   -0.000001
    0    1    0   11    5   -0.009743   -0.000041
    0    1    0   12    5   -0.056077   -0.000094
    0    1    0   13    5   -0.018629    0.000047
    0    1    0   14    5   -0.036291   -0.000001
    0    1    0   15    5   -0.014252   -0.000030
    0    1    0   16    5   -0.019871   -0.000065
    0    1    0    1    6   -0.004823   -0.000031
    0    1    0    2    6    0.094318   -0.000022
    0    1    0    3    6   -0.032870   -0.000115
    0    1    0    4    6    0.065144   -0.000017
    0    1    0    5    6   -0.023408   -0.000003
    0    1    0    6    6   -0.358622   -0.000019
    0    1    0    7    6   -0.128166    0.000074
    0    1    0    8    6   -0.066274   -0.000001
    0    1    0    9    6   -0.037103    0.000010
    0    1    0   10    6    0.058487   -0.000007
    0    1    0   11    6    0.067124    0.000020
    0    1    0   12    6    0.016871    0.000045
    0    1    0   13    6   -0.120989   -0.000042
    0    1    0   14    6    0.012929    0.000004
    0    1    0   15    6    0.042910    0.000013
    0    1    0   16    6    0.005480    0.000054
    0    1    0    1    7    0.013703   -0.000187
    0    1    0    2    7    0.060834    0.000092
    0    1    0    3    7   -0.172049   -0.000008
    0    1    0    4    7   -0.074519   -0.000051
    0    1    0    5    7    0.201830    0.000013
    0    1    0    6    7   -0.214837   -0.000144
    0    1    0    7    7   -0.406901    0.000004
    0    1    0    8    7   -0.031696   -0.000011
    0    1    0    9    7    0.051655    0.000042
    0    1    0   10    7   -0.082710   -0.000000
    0    1    0   11    7   -0.048184    0.000136
    0    1    0   12    7   -0.063433    0.000188
    0    1    0   13    7   -0.091217    0.000117
    0    1    0   14    7    0.009243   -0.000004
    0    1    0   15    7   -0.017123    0.000086
    0    1    0   16    7   -0.008553    0.000026
    0    1    0    1    8    0.007606   -0.000020
    0    1    0    2    8   -0.036922    0.000014
    0    1    0    3    8   -0.053897   -0.000061
    0    1    0    4    8    0.152473   -0.000013
    0    1    0    5    8    0.405415    0.000007
    0    1    0    6    8    0.029754   -0.000008
    0    1    0    7    8   -0.408271    0.000086
    0    1    0    8    8    0.365535    0.000002
    0    1    0    9    8    0.024362    0.000012
    0    1    0   10    8   -0.006750    0.000001
    0    1    0   11    8    0.005604    0.000017
    0    1    0   12    8    0.011662    0.000042
    0    1    0   13    8    0.000528   -0.000013
    0    1    0   14    8   -0.000107   -0.000001
    0    1    0   15    8   -0.019884    0.000016
    0    1    0   16    8    0.014670    0.000021
    0    1    0    1    9   -0.001364   -0.000019
    0    1    0    2    9   -0.025532    0.000016
    0    1    0    3    9   -0.028942    0.000056
    0    1    0    4    9   -0.016230   -0.000005
    0    1    0    5    9    0.061058    0.000040
    0    1    0    6    9    0.009836   -0.000036
    0    1    0    7    9    0.029927    0.000041
    0    1    0    8    9   -0.009761   -0.000009
    0    1    0    9    9   -0.897064    0.000007
    0    1    0   10    9   -0.024409    0.000001
    0    1    0   11    9    0.355956    0.000002
    0    1    0   12    9   -0.593770    0.000015
    0    1    0   13    9   -0.196730    0.000007
    0    1    0   14    9    0.016917   -0.000002
    0    1    0   15    9    0.082624    0.000005
    0    1    0   16    9    0.271403   -0.000001
    0    1    0    1   10    0.023426   -0.000009
    0    1    0    2   10   -0.017048   -0.000004
    0    1    0    3   10    0.029152    0.000009
    0    1    0    4   10    0.007129   -0.000005
    0    1    0    5   10    0.036307   -0.000007
    0    1    0    6   10    0.050356    0.000001
    0    1    0    7   10    0.041672   -0.000005
    0    1    0    8   10    0.076938    0.000002
    0    1    0    9   10   -0.078110   -0.000003
    0    1    0   10   10   -0.247285   -0.000000
    0    1    0   11   10    0.043763    0.000000
    0    1    0   12   10   -0.103703   -0.000005
    0    1    0   13   10    0.022035   -0.000008
    0    1    0   14   10    0.045878    0.000000
    0    1    0   15   10   -0.023322   -0.000000
    0    1    0   16   10    0.043006    0.000005
    0    1    0    1   11    0.018854   -0.000042
    0    1    0    2   11   -0.033671    0.000026
    0    1    0    3   11    0.041804   -0.000092
    0    1    0    4   11    0.018586   -0.000019
    0    1    0    5   11   -0.011040    0.000019
    0    1    0    6   11    0.003154   -0.000049
    0    1    0    7   11   -0.056543    0.000123
    0    1    0    8   11   -0.020106   -0.000005
    0    1    0    9   11   -0.683523    0.000006
    0    1    0   10   11   -0.000265   -0.000001
    0    1    0   11   11   -0.005025    0.000004
    0    1    0   12   11   -1.026152    0.000015
    0    1    0   13   11   -0.315561    0.000003
    0    1    0   14   11    0.046906   -0.000000
    0    1    0   15   11   -0.371234    0.000005
    0    1    0   16   11    0.024990    0.000001
    0    1    0    1   12   -0.029139   -0.000107
    0    1    0    2   12   -0.083250    0.000059
    0    1    0    3   12   -0.000064    0.000022
    0    1    0    4   12    0.016019   -0.000037
    0    1    0    5   12   -0.027875    0.000079
    0    1    0    6   12    0.077795   -0.000103
    0    1    0    7   12   -0.020625    0.000157
    0    1    0    8   12   -0.010643   -0.000019
    0    1    0    9   12    0.275234    0.000013
    0    1    0   10   12   -0.002531    0.000001
    0    1    0   11   12   -0.317809    0.000005
    0    1    0   12   12    0.331967    0.000009
    0    1    0   13   12    0.077409   -0.000000
    0    1    0   14   12    0.012791   -0.000004
    0    1    0   15   12    0.039222    0.000002
    0    1    0   16   12    0.052244   -0.000006
    0    1    0    1   13   -0.014020   -0.000012
    0    1    0    2   13   -0.048255   -0.000044
    0    1    0    3   13    0.026377    0.000135
    0    1    0    4   13    0.013022    0.000009
    0    1    0    5   13   -0.024172    0.000003
    0    1    0    6   13    0.080643    0.000026
    0    1    0    7   13   -0.017285    0.000102
    0    1    0    8   13    0.018956   -0.000001
    0    1    0    9   13    0.206531   -0.000002
    0    1    0   10   13    0.046949   -0.000008
    0    1    0   11   13   -0.100357   -0.000010
    0    1    0   12   13   -0.016909   -0.000019
    0    1    0   13   13   -0.820079    0.000014
    0    1    0   14   13   -0.044755    0.000003
    0    1    0   15   13    0.728240   -0.000009
    0    1    0   16   13   -0.525434   -0.000020
    0    1    0    1   14   -0.025650   -0.000001
    0    1    0    2   14    0.030151    0.000003
    0    1    0    3   14    0.003906   -0.000006
    0    1    0    4   14    0.005534    0.000000
    0    1    0    5   14    0.076174    0.000007
    0    1    0    6   14    0.172715   -0.000003
    0    1    0    7   14   -0.018665   -0.000001
    0    1    0    8   14   -0.007266   -0.000004
    0    1    0    9   14    0.022254    0.000000
    0    1    0   10   14   -0.078624    0.000000
    0    1    0   11   14   -0.033321    0.000000
    0    1    0   12   14    0.071030   -0.000001
    0    1    0   13   14   -0.061292    0.000003
    0    1    0   14   14   -0.065110   -0.000000
    0    1    0   15   14    0.052427   -0.000001
    0    1    0   16   14    0.016153   -0.000002
    0    1    0    1   15   -0.013006   -0.000043
    0    1    0    2   15   -0.067307    0.000019
    0    1    0    3   15    0.002135   -0.000023
    0    1    0    4   15    0.015564   -0.000019
    0    1    0    5   15   -0.038928    0.000019
    0    1    0    6   15   -0.001130   -0.000031
    0    1    0    7   15   -0.025340    0.000073
    0    1    0    8   15   -0.004519   -0.000002
    0    1    0    9   15    0.101425    0.000003
    0    1    0   10   15    0.023077    0.000001
    0    1    0   11   15    0.423335    0.000002
    0    1    0   12   15   -0.596757   -0.000001
    0    1    0   13   15    0.176840   -0.000005
    0    1    0   14   15    0.016110   -0.000002
    0    1    0   15   15   -0.303125   -0.000002
    0    1    0   16   15   -0.346330    0.000001
    0    1    0    1   16   -0.000983   -0.000042
    0    1    0    2   16   -0.022595    0.000062
    0    1    0    3   16   -0.026421   -0.000143
    0    1    0    4   16   -0.000767   -0.000024
    0    1    0    5   16   -0.015924    0.000025
    0    1    0    6   16    0.052847   -0.000070
    0    1    0    7   16   -0.064327    0.000019
    0    1    0    8   16   -0.044308   -0.000010
    0    1    0    9   16   -0.082871    0.000006
    0    1    0   10   16   -0.071430    0.000007
    0    1    0   11   16   -0.597370    0.000009
    0    1    0   12   16   -0.176391    0.000017
    0    1    0   13   16    0.518901   -0.000007
    0    1    0   14   16    0.048526   -0.000004
    0    1    0   15   16   -0.737916    0.000008
    0    1    0   16   16    0.359476    0.000008
    0    2    0    1    1    0.210173    0.000000
    0    2    0    2    1   -0.079238    0.000032
    0    2    0    3    1   -0.019030   -0.000200
    0    2    0    4    1    0.080104   -0.000020
    0    2    0    5    1   -0.531083   -0.000008
    0    2    0    6    1   -0.092497    0.000009
    0    2    0    7    1    0.935292    0.000317
    0    2    0    8    1   -1.473393    0.000017
    0    2    0    9    1    0.001264    0.000023
    0    2    0   10    1   -0.005035    0.000002
    0    2    0   11    1    0.002652    0.000037
    0    2    0   12    1   -0.006853    0.000095
    0    2    0   13    1    0.005045   -0.000048
    0    2    0   14    1   -0.017239    0.000001
    0    2    0   15    1   -0.002181    0.000033
    0    2    0   16    1   -0.016989    0.000062
    0    2    0    1    2   -0.079238   -0.000032
    0    2    0    2    2   -0.146783    0.000000
    0    2    0    3    2    0.118185    0.000099
    0    2    0    4    2   -0.041837   -0.000006
    0    2    0    5    2   -0.071900    0.000045
    0    2    0    6    2    0.581919    0.000024
    0    2    0    7    2   -0.062121   -0.000105
    0    2    0    8    2    0.078600   -0.000016
    0    2    0    9    2    0.024386   -0.000021
    0    2    0   10    2   -0.130137    0.000010
    0    2    0   11    2    0.011457   -0.000025
    0    2    0   12    2    0.034523   -0.000052
    0    2    0   13    2    0.065022    0.000038
    0    2    0   14    2    0.006492   -0.000006
    0    2    0   15    2    0.033039   -0.000014
    0    2    0   16    2    0.077428   -0.000054
    0    2    0    1    3   -0.019030    0.000200
    0    2    0    2    3    0.118185   -0.000099
    0    2    0    3    3    0.263978    0.000000
    0    2    0    4    3    0.001079    0.000057
    0    2    0    5    3   -0.932329    0.000011
    0    2    0    6    3    0.097588    0.000143
    0    2    0    7    3    0.713411   -0.000007
    0    2    0    8    3   -0.938665    0.000001
    0    2    0    9    3   -0.052810   -0.000045
    0    2    0   10    3    0.059355   -0.000000
    0    2    0   11    3   -0.036526   -0.000131
    0    2    0   12    3    0.028208   -0.000189
    0    2    0   13    3   -0.003301   -0.000123
    0    2    0   14    3   -0.004572    0.000005
    0    2    0   15    3    0.004189   -0.000085
    0    2    0   16    3   -0.007051   -0.000021
    0    2    0    1    4    0.080104    0.000020
    0    2    0    2    4   -0.041837    0.000006
    0    2    0    3    4    0.001079   -0.000057
    0    2    0    4    4    0.038078    0.000000
    0    2    0    5    4    1.476057   -0.000002
    0    2    0    6    4   -0.076258    0.000010
    0    2    0    7    4   -0.959579    0.000095
    0    2    0    8    4    1.390398    0.000004
    0    2    0    9    4   -0.052828    0.000010
    0    2    0   10    4    0.038892    0.000000
    0    2    0   11    4   -0.001531    0.000007
    0    2    0   12    4    0.008573    0.000020
    0    2    0   13    4    0.046753   -0.000019
    0    2    0   14    4   -0.025358   -0.000001
    0    2    0   15    4   -0.000632    0.000004
    0    2    0   16    4    0.005441    0.000015
    0    2    0    1    5   -0.531083    0.000008
    0    2    0    2    5   -0.071900   -0.000045
    0    2    0    3    5   -0.932329   -0.000011
    0    2    0    4    5    1.476057    0.000002
    0    2    0    5    5    0.204551    0.000000
    0    2    0    6    5   -0.022421   -0.000036
    0    2    0    7    5    0.027411   -0.000186
    0    2    0    8    5   -0.074010   -0.000016
    0    2    0    9    5   -0.001038   -0.000023
    0    2    0   10    5   -0.020509   -0.000010
    0    2    0   11    5   -0.000612   -0.000049
    0    2    0   12    5   -0.033822   -0.000110
    0    2    0   13    5   -0.009763   -0.000008
    0    2    0   14    5    0.017400   -0.000000
    0    2    0   15    5   -0.004771   -0.000045
    0    2    0   16    5   -0.019698   -0.000046
    0    2    0    1    6   -0.092497   -0.000009
    0    2    0    2    6    0.581919   -0.000024
    0    2    0    3    6    0.097588   -0.000143
    0    2    0    4    6   -0.076258   -0.000010
    0    2    0    5    6   -0.022421    0.000036
    0    2    0    6    6   -0.016963    0.000000
    0    2    0    7    6   -0.143783    0.000110
    0    2    0    8    6    0.015117   -0.000007
    0    2    0    9    6    0.111072    0.000025
    0    2    0   10    6   -0.071824   -0.000002
    0    2    0   11    6   -0.008229    0.000035
    0    2    0   12    6    0.121698    0.000089
    0    2    0   13    6    0.017048   -0.000022
    0    2    0   14    6    0.014209    0.000001
    0    2    0   15    6    0.041399    0.000026
    0    2    0   16    6   -0.008575    0.000059
    0    2    0    1    7    0.935292   -0.000317
    0    2    0    2    7   -0.062121    0.000105
    0    2    0    3    7    0.713411    0.000007
    0    2    0    4    7   -0.959579   -0.000095
    0    2    0    5    7    0.027411    0.000186
    0    2    0    6    7   -0.143783   -0.000110
    0    2    0    7    7    0.137740    0.000000
    0    2    0    8    7   -0.026429   -0.000056
    0    2    0    9    7    0.029652    0.000065
    0    2    0   10    7    0.006963    0.000009
    0    2    0   11    7   -0.043079   -0.000076
    0    2    0   12    7   -0.026461    0.000046
    0    2    0   13    7    0.008204    0.000147
    0    2    0   14    7   -0.061502   -0.000007
    0    2    0   15    7   -0.016448   -0.000013
    0    2    0   16    7   -0.015783   -0.000139
    0    2    0    1    8   -1.473393   -0.000017
    0    2    0    2    8    0.078600    0.000016
    0    2    0    3    8   -0.938665   -0.000001
    0    2    0    4    8    1.390398   -0.000004
    0    2    0    5    8   -0.074010    0.000016
    0    2    0    6    8    0.015117    0.000007
    0    2    0    7    8   -0.026429    0.000056
    0    2    0    8    8    0.048628    0.000000
    0    2    0    9    8    0.022168    0.000008
    0    2    0   10    8   -0.036259    0.000005
    0    2    0   11    8   -0.009874    0.000017
    0    2    0   12    8   -0.009929    0.000052
    0    2    0   13    8   -0.046109    0.000009
    0    2    0   14    8    0.018919   -0.000000
    0    2    0   15    8   -0.002228    0.000021
    0    2    0   16    8    0.004553    0.000018
    0    2    0    1    9    0.001264   -0.000023
    0    2    0    2    9    0.024386    0.000021
    0    2    0    3    9   -0.052810    0.000045
    0    2    0    4    9   -0.052828   -0.000010
    0    2    0    5    9   -0.001038    0.000023
    0    2    0    6    9    0.111072   -0.000025
    0    2    0    7    9    0.029652   -0.000065
    0    2    0    8    9    0.022168   -0.000008
    0    2    0    9    9    0.262126    0.000000
    0    2    0   10    9   -0.027721    0.000008
    0    2    0   11    9   -0.078899    0.000001
    0    2    0   12    9    0.130387    0.000009
    0    2    0   13    9   -0.071600   -0.000005
    0    2    0   14    9   -0.020535   -0.000005
    0    2    0   15    9   -0.112064    0.000004
    0    2    0   16    9   -0.046689    0.000005
    0    2    0    1   10   -0.005035   -0.000002
    0    2    0    2   10   -0.130137   -0.000010
    0    2    0    3   10    0.059355    0.000000
    0    2    0    4   10    0.038892   -0.000000
    0    2    0    5   10   -0.020509    0.000010
    0    2    0    6   10   -0.071824    0.000002
    0    2    0    7   10    0.006963   -0.000009
    0    2    0    8   10   -0.036259   -0.000005
    0    2    0    9   10   -0.027721   -0.000008
    0    2    0   10   10   -0.223165   -0.000000
    0    2    0   11   10   -0.038973   -0.000008
    0    2    0   12   10    0.031058   -0.000013
    0    2    0   13   10    0.048282   -0.000004
    0    2    0   14   10    0.125423    0.000000
    0    2    0   15   10   -0.030030   -0.000004
    0    2    0   16   10    0.012666   -0.000005
    0    2    0    1   11    0.002652   -0.000037
    0    2    0    2   11    0.011457    0.000025
    0    2    0    3   11   -0.036526    0.000131
    0    2    0    4   11   -0.001531   -0.000007
    0    2    0    5   11   -0.000612    0.000049
    0    2    0    6   11   -0.008229   -0.000035
    0    2    0    7   11   -0.043079    0.000076
    0    2    0    8   11   -0.009874   -0.000017
    0    2    0    9   11   -0.078899   -0.000001
    0    2    0   10   11   -0.038973    0.000008
    0    2    0   11   11    0.115509   -0.000000
    0    2    0   12   11   -0.004539    0.000011
    0    2    0   13   11    0.112567    0.000003
    0    2    0   14   11   -0.028869   -0.000002
    0    2    0   15   11    0.044817    0.000006
    0    2    0   16   11    0.047022   -0.000000
    0    2    0    1   12   -0.006853   -0.000095
    0    2    0    2   12    0.034523    0.000052
    0    2    0    3   12    0.028208    0.000189
    0    2    0    4   12    0.008573   -0.000020
    0    2    0    5   12   -0.033822    0.000110
    0    2    0    6   12    0.121698   -0.000089
    0    2    0    7   12   -0.026461   -0.000046
    0    2    0    8   12   -0.009929   -0.000052
    0    2    0    9   12    0.130387   -0.000009
    0    2    0   10   12    0.031058    0.000013
    0    2    0   11   12   -0.004539   -0.000011
    0    2    0   12   12   -0.018736    0.000000
    0    2    0   13   12    0.025021    0.000000
    0    2    0   14   12   -0.070971   -0.000006
    0    2    0   15   12    0.023015    0.000007
    0    2    0   16   12    0.024979   -0.000013
    0    2    0    1   13    0.005045    0.000048
    0    2    0    2   13    0.065022   -0.000038
    0    2    0    3   13   -0.003301    0.000123
    0    2    0    4   13    0.046753    0.000019
    0    2    0    5   13   -0.009763    0.000008
    0    2    0    6   13    0.017048    0.000022
    0    2    0    7   13    0.008204   -0.000147
    0    2    0    8   13   -0.046109   -0.000009
    0    2    0    9   13   -0.071600    0.000005
    0    2    0   10   13    0.048282    0.000004
    0    2    0   11   13    0.112567   -0.000003
    0    2    0   12   13    0.025021   -0.000000
    0    2    0   13   13    0.154084    0.000000
    0    2    0   14   13   -0.069162   -0.000001
    0    2    0   15   13    0.071982   -0.000001
    0    2    0   16   13   -0.035927   -0.000007
    0    2    0    1   14   -0.017239   -0.000001
    0    2    0    2   14    0.006492    0.000006
    0    2    0    3   14   -0.004572   -0.000005
    0    2    0    4   14   -0.025358    0.000001
    0    2    0    5   14    0.017400    0.000000
    0    2    0    6   14    0.014209   -0.000001
    0    2    0    7   14   -0.061502    0.000007
    0    2    0    8   14    0.018919    0.000000
    0    2    0    9   14   -0.020535    0.000005
    0    2    0   10   14    0.125423   -0.000000
    0    2    0   11   14   -0.028869    0.000002
    0    2    0   12   14   -0.070971    0.000006
    0    2    0   13   14   -0.069162    0.000001
    0    2    0   14   14   -0.143045    0.000000
    0    2    0   15   14   -0.038878    0.000002
    0    2    0   16   14   -0.005817    0.000002
    0    2    0    1   15   -0.002181   -0.000033
    0    2    0    2   15    0.033039    0.000014
    0    2    0    3   15    0.004189    0.000085
    0    2    0    4   15   -0.000632   -0.000004
    0    2    0    5   15   -0.004771    0.000045
    0    2    0    6   15    0.041399   -0.000026
    0    2    0    7   15   -0.016448    0.000013
    0    2    0    8   15   -0.002228   -0.000021
    0    2    0    9   15   -0.112064   -0.000004
    0    2    0   10   15   -0.030030    0.000004
    0    2    0   11   15    0.044817   -0.000006
    0    2    0   12   15    0.023015   -0.000007
    0    2    0   13   15    0.071982    0.000001
    0    2    0   14   15   -0.038878   -0.000002
    0    2    0   15   15    0.043449    0.000000
    0    2    0   16   15    0.062152   -0.000010
    0    2    0    1   16   -0.016989   -0.000062
    0    2    0    2   16    0.077428    0.000054
    0    2    0    3   16   -0.007051    0.000021
    0    2    0    4   16    0.005441   -0.000015
    0    2    0    5   16   -0.019698    0.000046
    0    2    0    6   16   -0.008575   -0.000059
    0    2    0    7   16   -0.015783    0.000139
    0    2    0    8   16    0.004553   -0.000018
    0    2    0    9   16   -0.046689   -0.000005
    0    2    0   10   16    0.012666    0.000005
    0    2    0   11   16    0.047022    0.000000
    0    2    0   12   16    0.024979    0.000013
    0    2    0   13   16   -0.035927    0.000007
    0    2    0   14   16   -0.005817   -0.000002
    0    2    0   15   16    0.062152    0.000010
    0    2    0   16   16    0.103716    0.000000
    1   -1    0    1    1   -0.003565    0.000001
    1   -1    0    2    1   -0.010240   -0.000007
    1   -1    0    3    1   -0.017959    0.000001
    1   -1    0    4    1    0.035034   -0.000003
    1   -1    0    5    1   -0.081010   -0.000025
    1   -1    0    6    1   -0.056475   -0.000048
    1   -1    0    7    1    0.029426    0.000154
    1   -1    0    8    1   -0.043766    0.000006
    1   -1    0    9    1   -0.017741    0.000030
    1   -1    0   10    1    0.027167   -0.000010
    1   -1    0   11    1    0.012574    0.000045
    1   -1    0   12    1   -0.017801    0.000086
    1   -1    0   13    1    0.058982   -0.000020
    1   -1    0   14    1    0.011453    0.000000
    1   -1    0   15    1   -0.009130    0.000024
    1   -1    0   16    1   -0.030971    0.000062
    1   -1    0    1    2   -0.017940   -0.000031
    1   -1    0    2    2    0.042061   -0.000004
    1   -1    0    3    2    0.076039    0.000143
    1   -1    0    4    2   -0.026643   -0.000012
    1   -1    0    5    2   -0.104158    0.000001
    1   -1    0    6    2    0.204064    0.000014
    1   -1    0    7    2   -0.041039   -0.000157
    1   -1    0    8    2    0.018129   -0.000008
    1   -1    0    9    2    0.094573   -0.000030
    1   -1    0   10    2   -0.011302    0.000006
    1   -1    0   11    2   -0.021876   -0.000029
    1   -1    0   12    2    0.103750   -0.000079
    1   -1    0   13    2   -0.023115    0.000006
    1   -1    0   14    2   -0.018976   -0.000006
    1   -1    0   15    2   -0.014821   -0.000023
    1   -1    0   16    2    0.028345   -0.000043
    1   -1    0    1    3    0.007434    0.000305
    1   -1    0    2    3    0.132134   -0.000116
    1   -1    0    3    3    0.014989    0.000012
    1   -1    0    4    3   -0.191528    0.000089
    1   -1    0    5    3   -0.021947   -0.000182
    1   -1    0    6    3    0.114604    0.000075
    1   -1    0    7    3   -0.076785   -0.000031
    1   -1    0    8    3    0.010945    0.000054
    1   -1    0    9    3   -0.043293   -0.000033
    1   -1    0   10    3    0.070676   -0.000008
    1   -1    0   11    3   -0.001768    0.000093
    1   -1    0   12    3   -0.007026    0.000024
    1   -1    0   13    3   -0.005446   -0.000134
    1   -1    0   14    3   -0.030226   -0.000002
    1   -1    0   15    3    0.008003    0.000045
    1   -1    0   16    3    0.032367    0.000133
    1   -1    0    1    4   -0.010757    0.000007
    1   -1    0    2    4   -0.017992   -0.000009
    1   -1    0    3    4   -0.087897   -0.000006
    1   -1    0    4    4    0.009238    0.000003
    1   -1    0    5    4    0.045947   -0.000010
    1   -1    0    6    4   -0.022532   -0.000013
    1   -1    0    7    4    0.014422    0.000046
    1   -1    0    8    4   -0.037006    0.000001
    1   -1    0    9    4    0.009510    0.000010
    1   -1    0   10    4   -0.008709   -0.000005
    1   -1    0   11    4   -0.007630    0.000016
    1   -1    0   12    4   -0.034460    0.000019
    1   -1    0   13    4   -0.011543   -0.000005
    1   -1    0   14    4    0.000164    0.000001
    1   -1    0   15    4   -0.010957    0.000003
    1   -1    0   16    4   -0.017900    0.000016
    1   -1    0    1    5    0.236657    0.000005
    1   -1    0    2    5   -0.059536   -0.000038
    1   -1    0    3    5   -0.284767    0.000120
    1   -1    0    4    5    0.008591    0.000016
    1   -1    0    5    5   -0.003102    0.000001
    1   -1    0    6    5    0.022842   -0.000006
    1   -1    0    7    5   -0.017669    0.000043
    1   -1    0    8    5    0.010543    0.000004
    1   -1    0    9    5    0.000628   -0.000027
    1   -1    0   10    5   -0.032679   -0.000008
    1   -1    0   11    5    0.025693   -0.000006
    1   -1    0   12    5   -0.027154   -0.000052
    1   -1    0   13    5    0.007034    0.000010
    1   -1    0   14    5    0.010828    0.000006
    1   -1    0   15    5    0.002624   -0.000006
    1   -1    0   16    5   -0.020483   -0.000020
    1   -1    0    1    6   -0.046715   -0.000047
    1   -1    0    2    6    0.387728   -0.000019
    1   -1    0    3    6    0.127057   -0.000124
    1   -1    0    4    6   -0.036527   -0.000033
    1   -1    0    5    6   -0.041218    0.000014
    1   -1    0    6    6    0.038564   -0.000018
    1   -1    0    7    6    0.008592    0.000116
    1   -1    0    8    6    0.028150    0.000003
    1   -1    0    9    6    0.001231    0.000024
    1   -1    0   10    6    0.041649   -0.000005
    1   -1    0   11    6    0.042620    0.000033
    1   -1    0   12    6    0.029891    0.000079
    1   -1    0   13    6   -0.115786   -0.000036
    1   -1    0   14    6   -0.034923    0.000003
    1   -1    0   15    6    0.045330    0.000020
    1   -1    0   16    6    0.035984    0.000070
    1   -1    0    1    7    0.274728   -0.000151
    1   -1    0    2    7   -0.098226    0.000146
    1   -1    0    3    7    0.715121   -0.000024
    1   -1    0    4    7    0.362421   -0.000050
    1   -1    0    5    7    0.033328    0.000321
    1   -1    0    6    7   -0.172341   -0.000093
    1   -1    0    7    7    0.029122    0.000036
    1   -1    0    8    7   -0.101400   -0.000096
    1   -1    0    9    7   -0.007199   -0.000031
    1   -1    0   10    7    0.080147   -0.000009
    1   -1    0   11    7    0.012294   -0.000153
    1   -1    0   12    7    0.024634   -0.000245
    1   -1    0   13    7    0.013710   -0.000088
    1   -1    0   14    7    0.004482    0.000003
    1   -1    0   15    7    0.013259   -0.000124
    1   -1    0   16    7    0.006830   -0.000081
    1   -1    0    1    8   -0.007412   -0.000019
    1   -1    0    2    8    0.078340    0.000009
    1   -1    0    3    8    0.379684   -0.000042
    1   -1    0    4    8   -0.151541   -0.000013
    1   -1    0    5    8   -0.034549    0.000016
    1   -1    0    6    8    0.025086   -0.000009
    1   -1    0    7    8   -0.147817   -0.000005
    1   -1    0    8    8    0.013265   -0.000005
    1   -1    0    9    8    0.054368    0.000008
    1   -1    0   10    8   -0.027989    0.000002
    1   -1    0   11    8   -0.005822   -0.000003
    1   -1    0   12    8   -0.002918    0.000020
    1   -1    0   13    8   -0.005874   -0.000005
    1   -1    0   14    8    0.003513   -0.000002
    1   -1    0   15    8   -0.029440    0.000002
    1   -1    0   16    8    0.009461    0.000006
    1   -1    0    1    9   -0.029351   -0.000015
    1   -1    0    2    9    0.002570    0.000007
    1   -1    0    3    9    0.007536   -0.000035
    1   -1    0    4    9   -0.025109   -0.000006
    1   -1    0    5    9   -0.015627    0.000017
    1   -1    0    6    9    0.042771   -0.000033
    1   -1    0    7    9   -0.009283   -0.000045
    1   -1    0    8    9   -0.014415   -0.000005
    1   -1    0    9    9   -0.109723    0.000005
    1   -1    0   10    9    0.008362    0.000003
    1   -1    0   11    9    0.206351    0.000001
    1   -1    0   12    9   -0.015697    0.000007
    1   -1    0   13    9   -0.240918    0.000001
    1   -1    0   14    9   -0.005901   -0.000003
    1   -1    0   15    9    0.033130    0.000000
    1   -1    0   16    9    0.071356    0.000000
    1   -1    0    1   10    0.005808   -0.000003
    1   -1    0    2   10   -0.048138   -0.000006
    1   -1    0    3   10   -0.090542   -0.000004
    1   -1    0    4   10    0.013713   -0.000003
    1   -1    0    5   10    0.015722   -0.000009
    1   -1    0    6   10   -0.059938   -0.000001
    1   -1    0    7   10    0.032824   -0.000022
    1   -1    0    8   10   -0.011969    0.000002
    1   -1    0    9   10    0.005211   -0.000005
    1   -1    0   10   10   -0.090993    0.000000
    1   -1    0   11   10    0.051854   -0.000000
    1   -1    0   12   10   -0.000113   -0.000004
    1   -1    0   13   10    0.060044   -0.000004
    1   -1    0   14   10    0.120374    0.000000
    1   -1    0   15   10   -0.001758   -0.000001
    1   -1    0   16   10    0.047152    0.000003
    1   -1    0    1   11    0.023212   -0.000019
    1   -1    0    2   11    0.107540    0.000012
    1   -1    0    3   11   -0.050358    0.000103
    1   -1    0    4   11    0.012281   -0.000003
    1   -1    0    5   11    0.030130    0.000050
    1   -1    0    6   11   -0.056450   -0.000042
    1   -1    0    7   11    0.009368   -0.000154
    1   -1    0    8   11   -0.018163   -0.000022
    1   -1    0    9   11    0.191318   -0.000000
    1   -1    0   10   11    0.015811    0.000002
    1   -1    0   11   11    0.325180   -0.000003
    1   -1    0   12   11   -0.001406    0.000001
    1   -1    0   13   11   -0.080000   -0.000002
    1   -1    0   14   11   -0.016967   -0.000004
    1   -1    0   15   11   -0.018091    0.000000
    1   -1    0   16   11    0.061186   -0.000002
    1   -1    0    1   12   -0.028864   -0.000082
    1   -1    0    2   12   -0.068420    0.000030
    1   -1    0    3   12    0.003094   -0.000005
    1   -1    0    4   12    0.010525   -0.000020
    1   -1    0    5   12    0.024610    0.000068
    1   -1    0    6   12    0.075734   -0.000103
    1   -1    0    7   12   -0.000723   -0.000215
    1   -1    0    8   12   -0.010810   -0.000034
    1   -1    0    9   12   -0.070469   -0.000003
    1   -1    0   10   12    0.069441   -0.000001
    1   -1    0   11   12   -0.151262   -0.000006
    1   -1    0   12   12    0.215850   -0.000015
    1   -1    0   13   12   -0.052137   -0.000012
    1   -1    0   14   12    0.024641   -0.000005
    1   -1    0   15   12    0.114480   -0.000004
    1   -1    0   16   12    0.014116   -0.000005
    1   -1    0    1   13   -0.008685    0.000028
    1   -1    0    2   13    0.000165   -0.000028
    1   -1    0    3   13   -0.032668   -0.000117
    1   -1    0    4   13    0.038490    0.000008
    1   -1    0    5   13    0.021547   -0.000022
    1   -1    0    6   13   -0.007682    0.000021
    1   -1    0    7   13    0.056952   -0.000072
    1   -1    0    8   13   -0.021535    0.000007
    1   -1    0    9   13   -0.011870    0.000003
    1   -1    0   10   13    0.092115   -0.000010
    1   -1    0   11   13   -0.012492   -0.000005
    1   -1    0   12   13   -0.005915   -0.000017
    1   -1    0   13   13   -0.268058   -0.000005
    1   -1    0   14   13   -0.029196    0.000001
    1   -1    0   15   13   -0.064040   -0.000010
    1   -1    0   16   13    0.068782   -0.000002
    1   -1    0    1   14    0.010472   -0.000003
    1   -1    0    2   14    0.012706    0.000005
    1   -1    0    3   14    0.005328   -0.000005
    1   -1    0    4   14   -0.000462   -0.000001
    1   -1    0    5   14    0.007090    0.000004
    1   -1    0    6   14    0.023950   -0.000002
    1   -1    0    7   14   -0.030267    0.000011
    1   -1    0    8   14    0.031433   -0.000002
    1   -1    0    9   14    0.002151    0.000003
    1   -1    0   10   14    0.192799    0.000000
    1   -1    0   11   14    0.005683    0.000001
    1   -1    0   12   14   -0.017328    0.000002
    1   -1    0   13   14   -0.002030    0.000002
    1   -1    0   14   14   -0.088801   -0.000000
    1   -1    0   15   14    0.004288    0.000000
    1   -1    0   16   14   -0.024436   -0.000001
    1   -1    0    1   15    0.033298   -0.000030
    1   -1    0    2   15   -0.016028    0.000010
    1   -1    0    3   15    0.026382    0.000021
    1   -1    0    4   15    0.013823   -0.000007
    1   -1    0    5   15    0.023496    0.000023
    1   -1    0    6   15    0.048166   -0.000033
    1   -1    0    7   15    0.016261   -0.000116
    1   -1    0    8   15    0.002446   -0.000014
    1   -1    0    9   15    0.146137   -0.000003
    1   -1    0   10   15    0.052496   -0.000001
    1   -1    0   11   15    0.077722   -0.000004
    1   -1    0   12   15   -0.013157   -0.000013
    1   -1    0   13   15    0.017792   -0.000008
    1   -1    0   14   15   -0.013809   -0.000002
    1   -1    0   15   15    0.182987   -0.000004
    1   -1    0   16   15   -0.125396   -0.000003
    1   -1    0    1   16   -0.009425   -0.000061
    1   -1    0    2   16    0.034167    0.000035
    1   -1    0    3   16   -0.041754    0.000125
    1   -1    0    4   16   -0.005793   -0.000014
    1   -1    0    5   16   -0.002293    0.000074
    1   -1    0    6   16    0.057001   -0.000067
    1   -1    0    7   16   -0.013183   -0.000062
    1   -1    0    8   16   -0.002728   -0.000033
    1   -1    0    9   16    0.044490   -0.000004
    1   -1    0   10   16   -0.001289    0.000009
    1   -1    0   11   16   -0.120711   -0.000005
    1   -1    0   12   16    0.154037    0.000005
    1   -1    0   13   16    0.018572   -0.000003
    1   -1    0   14   16   -0.025426   -0.000005
    1   -1    0   15   16   -0.115808    0.000006
    1   -1    0   16   16    0.083792   -0.000003
    1    0    0    1    1   -0.605691    0.000012
    1    0    0    2    1    0.071801    0.000037
    1    0    0    3    1   -0.313329   -0.000140
    1    0    0    4    1   -0.249464   -0.000011
    1    0    0    5    1   -0.022543   -0.000018
    1    0    0    6    1   -0.023046    0.000003
    1    0    0    7    1   -0.075507   -0.000031
    1    0    0    8    1    0.008654    0.000002
    1    0    0    9    1    0.029841    0.000024
    1    0    0   10    1   -0.008033    0.000008
    1    0    0   11    1    0.033318   -0.000000
    1    0    0   12    1   -0.032744    0.000048
    1    0    0   13    1    0.001644   -0.000009
    1    0    0   14    1   -0.023190   -0.000006
    1    0    0   15    1   -0.013112    0.000004
    1    0    0   16    1   -0.019567    0.000017
    1    0    0    1    2    0.076419   -0.000013
    1    0    0    2    2   -0.582655   -0.000005
    1    0    0    3    2   -0.032802    0.000125
    1    0    0    4    2    0.029415    0.000009
    1    0    0    5    2    0.006689    0.000025
    1    0    0    6    2    0.151128    0.000027
    1    0    0    7    2   -0.054851   -0.000141
    1    0    0    8    2   -0.013573   -0.000021
    1    0    0    9    2   -0.064913   -0.000032
    1    0    0   10    2   -0.112209    0.000007
    1    0    0   11    2    0.011143   -0.000036
    1    0    0   12    2   -0.013035   -0.000090
    1    0    0   13    2    0.022122    0.000035
    1    0    0   14    2    0.034065   -0.000004
    1    0    0   15    2    0.057680   -0.000026
    1    0    0   16    2    0.003996   -0.000072
    1    0    0    1    3    0.211881    0.000131
    1    0    0    2    3    0.152529   -0.000157
    1    0    0    3    3    0.030465    0.000010
    1    0    0    4    3   -0.107785    0.000047
    1    0    0    5    3    0.081931   -0.000289
    1    0    0    6    3    0.097901    0.000095
    1    0    0    7    3    0.014021   -0.000028
    1    0    0    8    3    0.080194    0.000082
    1    0    0    9    3   -0.085016    0.000037
    1    0    0   10    3    0.024102    0.000010
    1    0    0   11    3    0.019004    0.000143
    1    0    0   12    3   -0.048042    0.000245
    1    0    0   13    3   -0.009326    0.000108
    1    0    0   14    3   -0.066135   -0.000003
    1    0    0   15    3    0.011089    0.000120
    1    0    0   16    3    0.017663    0.000062
    1    0    0    1    4   -0.263660    0.000013
    1    0    0    2    4    0.034379    0.000005
    1    0    0    3    4    0.104192   -0.000044
    1    0    0    4    4   -0.073731    0.000000
    1    0    0    5    4   -0.003826   -0.000013
    1    0    0    6    4    0.004980    0.000002
    1    0    0    7    4    0.039738   -0.000006
    1    0    0    8    4    0.021880    0.000003
    1    0    0    9    4   -0.008440    0.000014
    1    0    0   10    4   -0.017748    0.000003
    1    0    0   11    4    0.000931    0.000006
    1    0    0   12    4   -0.010826    0.000033
    1    0    0   13    4   -0.013609    0.000001
    1    0    0   14    4   -0.006931   -0.000003
    1    0    0   15    4    0.015385    0.000010
    1    0    0   16    4   -0.008315    0.000007
    1    0    0    1    5    0.213471   -0.000005
    1    0    0    2    5    0.065257   -0.000060
    1    0    0    3    5    0.241683    0.000300
    1    0    0    4    5    0.014830    0.000007
    1    0    0    5    5   -0.606803    0.000016
    1    0    0    6    5    0.065145   -0.000024
    1    0    0    7    5   -0.199863   -0.000130
    1    0    0    8    5    0.264845   -0.000012
    1    0    0    9    5    0.059801   -0.000009
    1    0    0   10    5    0.031671   -0.000005
    1    0    0   11    5    0.022048   -0.000004
    1    0    0   12    5   -0.030960   -0.000027
    1    0    0   13    5   -0.015136    0.000038
    1    0    0   14    5   -0.030098   -0.000002
    1    0    0   15    5   -0.030157   -0.000010
    1    0    0   16    5   -0.011974   -0.000039
    1    0    0    1    6    0.023468   -0.000021
    1    0    0    2    6    0.022674   -0.000019
    1    0    0    3    6    0.043444   -0.000128
    1    0    0    4    6    0.010055   -0.000012
    1    0    0    5    6    0.060520    0.000059
    1    0    0    6    6   -0.403646   -0.000001
    1    0    0    7    6   -0.170135    0.000116
    1    0    0    8    6   -0.033924   -0.000014
    1    0    0    9    6    0.141200    0.000031
    1    0    0   10    6   -0.150214   -0.000003
    1    0    0   11    6    0.019341    0.000036
    1    0    0   12    6    0.007873    0.000096
    1    0    0   13    6   -0.108705   -0.000008
    1    0    0   14    6    0.056438    0.000001
    1    0    0   15    6   -0.048709    0.000028
    1    0    0   16    6    0.003060    0.000048
    1    0    0    1    7   -0.229076    0.000017
    1    0    0    2    7    0.030511    0.000143
    1    0    0    3    7    0.476921   -0.000001
    1    0    0    4    7   -0.106040   -0.000005
    1    0    0    5    7    0.307859    0.000129
    1    0    0    6    7    0.068112   -0.000131
    1    0    0    7    7   -0.068186    0.000024
    1    0    0    8    7    0.120939   -0.000036
    1    0    0    9    7   -0.176919   -0.000032
    1    0    0   10    7   -0.008812   -0.000002
    1    0    0   11    7    0.000477    0.000080
    1    0    0   12    7    0.031113    0.000011
    1    0    0   13    7    0.018955   -0.000143
    1    0    0   14    7   -0.048423   -0.000007
    1    0    0   15    7    0.064149    0.000040
    1    0    0   16    7    0.037850    0.000125
    1    0    0    1    8   -0.014678   -0.000000
    1    0    0    2    8    0.000673    0.000022
    1    0    0    3    8   -0.066747   -0.000094
    1    0    0    4    8    0.159092   -0.000004
    1    0    0    5    8    0.249676    0.000013
    1    0    0    6    8   -0.027363    0.000013
    1    0    0    7    8   -0.134985    0.000044
    1    0    0    8    8   -0.059246    0.000000
    1    0    0    9    8   -0.077066    0.000001
    1    0    0   10    8    0.068253    0.000003
    1    0    0   11    8   -0.000312    0.000006
    1    0    0   12    8    0.016113    0.000012
    1    0    0   13    8    0.012266   -0.000014
    1    0    0   14    8   -0.020403   -0.000000
    1    0    0   15    8    0.026338    0.000005
    1    0    0   16    8    0.026974    0.000019
    1    0    0    1    9    0.030486   -0.000041
    1    0    0    2    9   -0.018199    0.000016
    1    0    0    3    9    0.104820   -0.000049
    1    0    0    4    9    0.023521   -0.000016
    1    0    0    5    9   -0.009625    0.000018
    1    0    0    6    9    0.013630   -0.000015
    1    0    0    7    9    0.008014    0.000037
    1    0    0    8    9   -0.007204   -0.000005
    1    0    0    9    9   -0.680875   -0.000002
    1    0    0   10    9   -0.077857    0.000004
    1    0    0   11    9   -0.548444   -0.000002
    1    0    0   12    9    0.303316   -0.000004
    1    0    0   13    9   -0.247167   -0.000002
    1    0    0   14    9    0.041745   -0.000002
    1    0    0   15    9    0.116221   -0.000001
    1    0    0   16    9    0.001769   -0.000002
    1    0    0    1   10   -0.008458   -0.000009
    1    0    0    2   10   -0.087139   -0.000009
    1    0    0    3   10    0.080730   -0.000015
    1    0    0    4   10   -0.010491   -0.000004
    1    0    0    5   10    0.034008    0.000003
    1    0    0    6   10    0.038192    0.000004
    1    0    0    7   10    0.039934    0.000005
    1    0    0    8   10    0.014904   -0.000003
    1    0    0    9   10   -0.079539   -0.000005
    1    0    0   10   10   -0.278663    0.000001
    1    0    0   11   10   -0.086236   -0.000004
    1    0    0   12   10   -0.076739   -0.000014
    1    0    0   13   10    0.086120   -0.000000
    1    0    0   14   10    0.197180   -0.000000
    1    0    0   15   10    0.032945   -0.000006
    1    0    0   16   10   -0.062429   -0.000006
    1    0    0    1   11    0.005685   -0.000025
    1    0    0    2   11    0.019520    0.000018
    1    0    0    3   11   -0.007351   -0.000128
    1    0    0    4   11    0.030518   -0.000014
    1    0    0    5   11    0.018557    0.000022
    1    0    0    6   11    0.034666   -0.000015
    1    0    0    7   11    0.004659   -0.000096
    1    0    0    8   11   -0.042347   -0.000011
    1    0    0    9   11    0.728669   -0.000006
    1    0    0   10   11    0.073750    0.000005
    1    0    0   11   11    0.739039   -0.000006
    1    0    0   12   11   -0.677372   -0.000013
    1    0    0   13   11    0.395548    0.000000
    1    0    0   14   11   -0.022689   -0.000002
    1    0    0   15   11   -0.158673   -0.000003
    1    0    0   16   11   -0.087727   -0.000009
    1    0    0    1   12   -0.073728   -0.000119
    1    0    0    2   12    0.046985    0.000042
    1    0    0    3   12    0.045074   -0.000201
    1    0    0    4   12   -0.029046   -0.000050
    1    0    0    5   12   -0.023921    0.000084
    1    0    0    6   12    0.000302   -0.000056
    1    0    0    7   12   -0.014054    0.000015
    1    0    0    8   12    0.010242   -0.000031
    1    0    0    9   12   -0.039819   -0.000016
    1    0    0   10   12   -0.126842    0.000009
    1    0    0   11   12    0.299766   -0.000013
    1    0    0   12   12   -0.555872   -0.000021
    1    0    0   13   12   -0.250608   -0.000010
    1    0    0   14   12    0.060019   -0.000003
    1    0    0   15   12   -0.054554   -0.000005
    1    0    0   16   12    0.060149   -0.000005
    1    0    0    1   13   -0.007319    0.000011
    1    0    0    2   13   -0.164731   -0.000031
    1    0    0    3   13   -0.014710   -0.000092
    1    0    0    4   13   -0.031730   -0.000005
    1    0    0    5   13    0.011335   -0.000027
    1    0    0    6   13   -0.044403    0.000012
    1    0    0    7   13   -0.006797    0.000121
    1    0    0    8   13   -0.002264    0.000017
    1    0    0    9   13   -1.654258    0.000007
    1    0    0   10   13    0.092195    0.000001
    1    0    0   11   13   -3.059641    0.000006
    1    0    0   12   13    1.940896    0.000011
    1    0    0   13   13   -0.527184   -0.000016
    1    0    0   14   13   -0.065572   -0.000002
    1    0    0   15   13   -0.389040    0.000001
    1    0    0   16   13   -0.174766    0.000012
    1    0    0    1   14    0.046805    0.000007
    1    0    0    2   14    0.039933    0.000005
    1    0    0    3   14    0.050605    0.000006
    1    0    0    4   14    0.024346    0.000003
    1    0    0    5   14   -0.053161    0.000003
    1    0    0    6   14    0.043216   -0.000003
    1    0    0    7   14    0.038072    0.000004
    1    0    0    8   14   -0.007154    0.000000
    1    0    0    9   14    0.054599    0.000003
    1    0    0   10   14   -1.418713   -0.000000
    1    0    0   11   14    0.025060    0.000001
    1    0    0   12   14    0.049681    0.000008
    1    0    0   13   14   -0.031048    0.000003
    1    0    0   14   14   -0.103344    0.000000
    1    0    0   15   14   -0.003228    0.000004
    1    0    0   16   14    0.041465    0.000001
    1    0    0    1   15   -0.005159   -0.000037
    1    0    0    2   15    0.087305    0.000011
    1    0    0    3   15   -0.024839   -0.000110
    1    0    0    4   15    0.033792   -0.000015
    1    0    0    5   15    0.023614    0.000028
    1    0    0    6   15    0.052341   -0.000019
    1    0    0    7   15    0.035671   -0.000015
    1    0    0    8   15   -0.029233   -0.000014
    1    0    0    9   15    2.338839   -0.000007
    1    0    0   10   15   -0.057548    0.000002
    1    0    0   11   15    2.552566   -0.000008
    1    0    0   12   15   -2.342354   -0.000011
    1    0    0   13   15    0.709607   -0.000002
    1    0    0   14   15    0.030764    0.000000
    1    0    0   15   15    0.746527   -0.000002
    1    0    0   16   15    0.192052   -0.000006
    1    0    0    1   16   -0.023847   -0.000050
    1    0    0    2   16    0.024851    0.000042
    1    0    0    3   16    0.014971   -0.000027
    1    0    0    4   16   -0.031686   -0.000015
    1    0    0    5   16   -0.035075    0.000063
    1    0    0    6   16   -0.002891   -0.000031
    1    0    0    7   16   -0.034179   -0.000124
    1    0    0    8   16    0.019111   -0.000027
    1    0    0    9   16   -1.531123   -0.000012
    1    0    0   10   16   -0.023794    0.000005
    1    0    0   11   16   -2.454819   -0.000010
    1    0    0   12   16    0.154137   -0.000011
    1    0    0   13   16   -0.230979    0.000007
    1    0    0   14   16    0.016132   -0.000000
    1    0    0   15   16   -0.208530   -0.000001
    1    0    0   16   16   -0.585873   -0.000010
    1    1    0    1    1   -0.925684    0.000021
    1    1    0    2    1    0.020170    0.000064
    1    1    0    3    1    0.207273   -0.000311
    1    1    0    4    1   -0.410590   -0.000004
    1    1    0    5    1    0.249146   -0.000033
    1    1    0    6    1   -0.041776    0.000027
    1    1    0    7    1   -0.176511    0.000150
    1    1    0    8    1   -0.010761    0.000020
    1    1    0    9    1    0.051073    0.000007
    1    1    0   10    1    0.012113    0.000004
    1    1    0   11    1   -0.000911    0.000001
    1    1    0   12    1   -0.025751    0.000017
    1    1    0   13    1   -0.014932   -0.000042
    1    1    0   14    1    0.028815    0.000002
    1    1    0   15    1   -0.012747    0.000005
    1    1    0   16    1   -0.035269    0.000039
    1    1    0    1    2   -0.027677    0.000026
    1    1    0    2    2   -0.348842   -0.000004
    1    1    0    3    2   -0.019233    0.000127
    1    1    0    4    2   -0.012426    0.000021
    1    1    0    5    2   -0.049461    0.000001
    1    1    0    6    2    0.364871    0.000024
    1    1    0    7    2    0.072265   -0.000115
    1    1    0    8    2    0.076153   -0.000009
    1    1    0    9    2    0.058970   -0.000025
    1    1    0   10    2    0.019717    0.000004
    1    1    0   11    2    0.004951   -0.000036
    1    1    0   12    2   -0.067856   -0.000084
    1    1    0   13    2    0.021828    0.000038
    1    1    0   14    2    0.012535   -0.000002
    1    1    0   15    2   -0.019835   -0.000025
    1    1    0   16    2   -0.016203   -0.000069
    1    1    0    1    3    0.451786    0.000005
    1    1    0    2    3   -0.142028   -0.000141
    1    1    0    3    3   -0.407425    0.000016
    1    1    0    4    3    0.366096    0.000016
    1    1    0    5    3    0.179839   -0.000110
    1    1    0    6    3   -0.120898    0.000141
    1    1    0    7    3    0.653332   -0.000009
    1    1    0    8    3   -0.363096    0.000033
    1    1    0    9    3   -0.133105    0.000032
    1    1    0   10    3    0.081032    0.000002
    1    1    0   11    3    0.019021   -0.000094
    1    1    0   12    3    0.036974   -0.000028
    1    1    0   13    3    0.121421    0.000136
    1    1    0   14    3   -0.005426    0.000007
    1    1    0   15    3    0.054009   -0.000048
    1    1    0   16    3   -0.008019   -0.000132
    1    1    0    1    4    0.576299    0.000006
    1    1    0    2    4    0.048369    0.000015
    1    1    0    3    4   -0.025342   -0.000085
    1    1    0    4    4    0.368928   -0.000001
    1    1    0    5    4    0.009617   -0.000018
    1    1    0    6    4   -0.031073    0.000015
    1    1    0    7    4   -0.348174    0.000045
    1    1    0    8    4   -0.162900    0.000010
    1    1    0    9    4    0.032213    0.000003
    1    1    0   10    4   -0.038755    0.000003
    1    1    0   11    4    0.010947    0.000002
    1    1    0   12    4   -0.044119    0.000021
    1    1    0   13    4    0.004824   -0.000012
    1    1    0   14    4    0.008553    0.000001
    1    1    0   15    4   -0.019411    0.000008
    1    1    0   16    4   -0.024274    0.000019
    1    1    0    1    5   -0.054346    0.000005
    1    1    0    2    5    0.006160   -0.000019
    1    1    0    3    5   -0.059753    0.000171
    1    1    0    4    5   -0.000945    0.000004
    1    1    0    5    5   -0.925218    0.000023
    1    1    0    6    5   -0.059610    0.000027
    1    1    0    7    5   -0.448510   -0.000325
    1    1    0    8    5   -0.573230   -0.000015
    1    1    0    9    5    0.012945   -0.000009
    1    1    0   10    5   -0.031330    0.000008
    1    1    0   11    5    0.019763   -0.000047
    1    1    0   12    5   -0.018971   -0.000064
    1    1    0   13    5   -0.044578    0.000039
    1    1    0   14    5   -0.001525   -0.000004
    1    1    0   15    5   -0.008319   -0.000027
    1    1    0   16    5    0.007130   -0.000084
    1    1    0    1    6    0.065404    0.000017
    1    1    0    2    6   -0.209778   -0.000004
    1    1    0    3    6    0.059067   -0.000122
    1    1    0    4    6    0.021977    0.000011
    1    1    0    5    6    0.054753    0.000023
    1    1    0    6    6   -0.357217    0.000012
    1    1    0    7    6   -0.001691    0.000130
    1    1    0    8    6   -0.051917    0.000001
    1    1    0    9    6    0.065543    0.000034
    1    1    0   10    6   -0.097481   -0.000001
    1    1    0   11    6    0.016899    0.000037
    1    1    0   12    6   -0.099163    0.000097
    1    1    0   13    6   -0.097327   -0.000000
    1    1    0   14    6    0.014448    0.000003
    1    1    0   15    6   -0.075006    0.000031
    1    1    0   16    6   -0.013030    0.000043
    1    1    0    1    7    0.067551   -0.000163
    1    1    0    2    7    0.022482    0.000111
    1    1    0    3    7   -0.094636    0.000005
    1    1    0    4    7    0.010846   -0.000056
    1    1    0    5    7   -0.214645   -0.000018
    1    1    0    6    7    0.062739   -0.000121
    1    1    0    7    7   -0.429840   -0.000006
    1    1    0    8    7   -0.025759    0.000007
    1    1    0    9    7    0.021988    0.000031
    1    1    0   10    7    0.056766    0.000015
    1    1    0   11    7    0.101266    0.000154
    1    1    0   12    7    0.068430    0.000249
    1    1    0   13    7    0.068064    0.000087
    1    1    0   14    7    0.030541   -0.000010
    1    1    0   15    7   -0.007672    0.000127
    1    1    0   16    7    0.031890    0.000080
    1    1    0    1    8    0.009805   -0.000003
    1    1    0    2    8   -0.055706    0.000016
    1    1    0    3    8    0.010408   -0.000057
    1    1    0    4    8    0.034792   -0.000000
    1    1    0    5    8    0.404790   -0.000006
    1    1    0    6    8    0.005742   -0.000002
    1    1    0    7    8    0.353726    0.000104
    1    1    0    8    8    0.363333    0.000006
    1    1    0    9    8   -0.031856    0.000004
    1    1    0   10    8    0.012790   -0.000002
    1    1    0   11    8   -0.003249    0.000019
    1    1    0   12    8    0.032075    0.000019
    1    1    0   13    8    0.045565   -0.000008
    1    1    0   14    8   -0.001515    0.000001
    1    1    0   15    8    0.008136    0.000010
    1    1    0   16    8   -0.001971    0.000025
    1    1    0    1    9   -0.012579   -0.000041
    1    1    0    2    9    0.012338    0.000032
    1    1    0    3    9    0.030591    0.000038
    1    1    0    4    9   -0.013080   -0.000011
    1    1    0    5    9    0.046135    0.000039
    1    1    0    6    9    0.024560   -0.000005
    1    1    0    7    9    0.003941    0.000046
    1    1    0    8    9    0.042959   -0.000012
    1    1    0    9    9   -0.946298   -0.000006
    1    1    0   10    9    0.039200    0.000003
    1    1    0   11    9   -0.093636   -0.000007
    1    1    0   12    9   -0.788044   -0.000019
    1    1    0   13    9   -0.104711   -0.000004
    1    1    0   14    9   -0.007044   -0.000000
    1    1    0   15    9   -0.090470   -0.000004
    1    1    0   16    9    0.009619   -0.000005
    1    1    0    1   10   -0.028988    0.000009
    1    1    0    2   10    0.037232   -0.000004
    1    1    0    3   10   -0.038480    0.000008
    1    1    0    4   10   -0.035224    0.000006
    1    1    0    5   10   -0.021013    0.000010
    1    1    0    6   10    0.050276    0.000008
    1    1    0    7   10   -0.192050    0.000015
    1    1    0    8   10   -0.023135   -0.000002
    1    1    0    9   10    0.033914    0.000002
    1    1    0   10   10   -0.013387    0.000000
    1    1    0   11   10   -0.101605   -0.000001
    1    1    0   12   10    0.038865   -0.000002
    1    1    0   13   10    0.115849    0.000005
    1    1    0   14   10    0.208840   -0.000000
    1    1    0   15   10   -0.016051   -0.000001
    1    1    0   16   10   -0.023674   -0.000007
    1    1    0    1   11   -0.002771   -0.000053
    1    1    0    2   11   -0.045888    0.000029
    1    1    0    3   11    0.050579   -0.000083
    1    1    0    4   11   -0.013119   -0.000017
    1    1    0    5   11    0.022665    0.000029
    1    1    0    6   11    0.027022   -0.000009
    1    1    0    7   11   -0.031191    0.000137
    1    1    0    8   11   -0.015596   -0.000004
    1    1    0    9   11    0.615854   -0.000004
    1    1    0   10   11   -0.139963   -0.000001
    1    1    0   11   11    0.136855   -0.000005
    1    1    0   12   11    1.160265   -0.000016
    1    1    0   13   11    0.343234    0.000002
    1    1    0   14   11    0.047741    0.000002
    1    1    0   15   11    0.229663   -0.000004
    1    1    0   16   11    0.185020   -0.000007
    1    1    0    1   12   -0.073191   -0.000104
    1    1    0    2   12    0.042560    0.000082
    1    1    0    3   12    0.026428    0.000034
    1    1    0    4   12   -0.003316   -0.000033
    1    1    0    5   12   -0.012159    0.000126
    1    1    0    6   12   -0.085482   -0.000019
    1    1    0    7   12   -0.037642    0.000197
    1    1    0    8   12   -0.003118   -0.000026
    1    1    0    9   12    0.491418   -0.000007
    1    1    0   10   12    0.119051    0.000010
    1    1    0   11   12    0.870539   -0.000004
    1    1    0   12   12    1.150745   -0.000025
    1    1    0   13   12    0.151346   -0.000013
    1    1    0   14   12   -0.033894   -0.000003
    1    1    0   15   12    0.288071   -0.000007
    1    1    0   16   12    0.337739    0.000001
    1    1    0    1   13   -0.024060    0.000005
    1    1    0    2   13   -0.231183   -0.000023
    1    1    0    3   13    0.029430    0.000116
    1    1    0    4   13   -0.042323    0.000005
    1    1    0    5   13   -0.013285   -0.000008
    1    1    0    6   13    0.014670    0.000039
    1    1    0    7   13   -0.062300    0.000076
    1    1    0    8   13    0.022196    0.000006
    1    1    0    9   13   -4.442662   -0.000007
    1    1    0   10   13    0.012102    0.000008
    1    1    0   11   13   -1.005568    0.000004
    1    1    0   12   13   -7.646529   -0.000005
    1    1    0   13   13   -2.136573   -0.000023
    1    1    0   14   13   -0.019952   -0.000001
    1    1    0   15   13   -1.423833    0.000003
    1    1    0   16   13   -0.680671    0.000017
    1    1    0    1   14    0.037412    0.000000
    1    1    0    2   14    0.093880    0.000005
    1    1    0    3   14   -0.024002    0.000001
    1    1    0    4   14    0.063525   -0.000001
    1    1    0    5   14    0.078878   -0.000007
    1    1    0    6   14    0.151428   -0.000005
    1    1    0    7   14    0.043938   -0.000006
    1    1    0    8   14   -0.009751    0.000003
    1    1    0    9   14    0.106852    0.000002
    1    1    0   10   14   -3.292792   -0.000000
    1    1    0   11   14    0.037283    0.000002
    1    1    0   12   14    0.018456    0.000007
    1    1    0   13   14   -0.014095   -0.000001
    1    1    0   14   14    0.126737    0.000000
    1    1    0   15   14   -0.020602    0.000002
    1    1    0   16   14   -0.023311    0.000005
    1    1    0    1   15   -0.015110   -0.000031
    1    1    0    2   15    0.010055    0.000023
    1    1    0    3   15   -0.001917   -0.000012
    1    1    0    4   15   -0.000147   -0.000010
    1    1    0    5   15    0.017446    0.000040
    1    1    0    6   15    0.019882   -0.000005
    1    1    0    7   15   -0.005371    0.000110
    1    1    0    8   15   -0.008552   -0.000005
    1    1    0    9   15    0.511400   -0.000001
    1    1    0   10   15    0.003381    0.000003
    1    1    0   11   15   -2.548498    0.000001
    1    1    0   12   15    1.230266    0.000001
    1    1    0   13   15   -0.350498   -0.000001
    1    1    0   14   15    0.007185   -0.000000
    1    1    0   15   15    0.007767    0.000001
    1    1    0   16   15    0.325734    0.000004
    1    1    0    1   16   -0.005916   -0.000061
    1    1    0    2   16    0.067262    0.000053
    1    1    0    3   16    0.007249   -0.000100
    1    1    0    4   16    0.037055   -0.000021
    1    1    0    5   16   -0.003482    0.000053
    1    1    0    6   16    0.051302   -0.000036
    1    1    0    7   16    0.026276    0.000041
    1    1    0    8   16   -0.047539   -0.000011
    1    1    0    9   16    3.991003    0.000001
    1    1    0   10   16   -0.060037   -0.000003
    1    1    0   11   16    0.788410   -0.000001
    1    1    0   12   16    3.336306   -0.000011
    1    1    0   13   16    1.455876    0.000011
    1    1    0   14   16   -0.010342    0.000000
    1    1    0   15   16    0.536343   -0.000006
    1    1    0   16   16    0.545888   -0.000009
    1    2    0    1    1   -0.063680    0.000011
    1    2    0    2    1    0.119277    0.000027
    1    2    0    3    1   -0.010004   -0.000173
    1    2    0    4    1   -0.041355   -0.000000
    1    2    0    5    1   -0.429014   -0.000039
    1    2    0    6    1   -0.037438   -0.000028
    1    2    0    7    1   -0.859177    0.000335
    1    2    0    8    1   -1.381140    0.000022
    1    2    0    9    1    0.030418    0.000012
    1    2    0   10    1   -0.010504   -0.000008
    1    2    0   11    1    0.003107    0.000045
    1    2    0   12    1   -0.016242    0.000057
    1    2    0   13    1    0.031536   -0.000042
    1    2    0   14    1   -0.019035    0.000003
    1    2    0   15    1   -0.009139    0.000025
    1    2    0   16    1   -0.045637    0.000080
    1    2    0    1    2   -0.003566    0.000001
    1    2    0    2    2    0.085341   -0.000004
    1    2    0    3    2   -0.017076    0.000148
    1    2    0    4    2   -0.027838   -0.000003
    1    2    0    5    2   -0.069976   -0.000030
    1    2    0    6    2    0.408948    0.000011
    1    2    0    7    2   -0.026428   -0.000128
    1    2    0    8    2    0.041788    0.000006
    1    2    0    9    2    0.090223   -0.000023
    1    2    0   10    2    0.058619    0.000003
    1    2    0   11    2    0.016831   -0.000024
    1    2    0   12    2    0.131857   -0.000067
    1    2    0   13    2    0.060664    0.000008
    1    2    0   14    2   -0.022590   -0.000004
    1    2    0   15    2    0.039510   -0.000019
    1    2    0   16    2    0.042334   -0.000035
    1    2    0    1    3   -0.041681    0.000178
    1    2    0    2    3   -0.075939   -0.000102
    1    2    0    3    3   -0.000583    0.000018
    1    2    0    4    3   -0.022672    0.000059
    1    2    0    5    3    0.854672   -0.000005
    1    2    0    6    3    0.052136    0.000120
    1    2    0    7    3    0.620811   -0.000010
    1    2    0    8    3    0.904434    0.000004
    1    2    0    9    3   -0.025648   -0.000036
    1    2    0   10    3   -0.083163   -0.000016
    1    2    0   11    3    0.013127   -0.000141
    1    2    0   12    3   -0.009574   -0.000244
    1    2    0   13    3    0.032727   -0.000106
    1    2    0   14    3   -0.013132    0.000010
    1    2    0   15    3    0.036865   -0.000121
    1    2    0   16    3   -0.012106   -0.000057
    1    2    0    1    4    0.038985    0.000004
    1    2    0    2    4   -0.008354    0.000003
    1    2    0    3    4   -0.014144   -0.000050
    1    2    0    4    4    0.078309    0.000002
    1    2    0    5    4    1.377311   -0.000010
    1    2    0    6    4   -0.053761   -0.000001
    1    2    0    7    4    0.924907    0.000095
    1    2    0    8    4    1.219349    0.000006
    1    2    0    9    4   -0.049307   -0.000002
    1    2    0   10    4    0.082377   -0.000003
    1    2    0   11    4    0.014550    0.000010
    1    2    0   12    4    0.023185    0.000006
    1    2    0   13    4    0.059605   -0.000016
    1    2    0   14    4   -0.036405    0.000003
    1    2    0   15    4    0.004683    0.000001
    1    2    0   16    4    0.019644    0.000027
    1    2    0    1    5   -0.024084    0.000016
    1    2    0    2    5    0.009474    0.000009
    1    2    0    3    5    0.048484   -0.000012
    1    2    0    4    5    0.010719    0.000010
    1    2    0    5    5   -0.057836    0.000008
    1    2    0    6    5   -0.045529    0.000040
    1    2    0    7    5    0.030549   -0.000151
    1    2    0    8    5   -0.048982   -0.000001
    1    2    0    9    5   -0.007893   -0.000029
    1    2    0   10    5    0.077953    0.000011
    1    2    0   11    5    0.036288   -0.000052
    1    2    0   12    5   -0.021660   -0.000087
    1    2    0   13    5   -0.006134    0.000020
    1    2    0   14    5   -0.063111   -0.000001
    1    2    0   15    5   -0.007459   -0.000023
    1    2    0   16    5   -0.002192   -0.000068
    1    2    0    1    6    0.036852   -0.000003
    1    2    0    2    6   -0.217612   -0.000005
    1    2    0    3    6   -0.033960   -0.000119
    1    2    0    4    6    0.049116   -0.000007
    1    2    0    5    6    0.078724   -0.000017
    1    2    0    6    6   -0.023091   -0.000006
    1    2    0    7    6   -0.003372    0.000131
    1    2    0    8    6    0.010035    0.000017
    1    2    0    9    6    0.003128    0.000026
    1    2    0   10    6    0.016782   -0.000004
    1    2    0   11    6    0.032678    0.000034
    1    2    0   12    6   -0.005190    0.000083
    1    2    0   13    6   -0.073432   -0.000027
    1    2    0   14    6   -0.010569    0.000005
    1    2    0   15    6    0.016841    0.000026
    1    2    0   16    6    0.046035    0.000066
    1    2    0    1    7   -0.046458   -0.000336
    1    2    0    2    7   -0.056347    0.000112
    1    2    0    3    7   -0.005390   -0.000018
    1    2    0    4    7    0.111872   -0.000101
    1    2    0    5    7    0.000735    0.000169
    1    2    0    6    7   -0.060762   -0.000084
    1    2    0    7    7    0.122512    0.000007
    1    2    0    8    7   -0.008503   -0.000052
    1    2    0    9    7    0.063684    0.000031
    1    2    0   10    7   -0.035288    0.000009
    1    2    0   11    7    0.034447   -0.000082
    1    2    0   12    7    0.033342   -0.000012
    1    2    0   13    7    0.033976    0.000143
    1    2    0   14    7    0.024305    0.000002
    1    2    0   15    7   -0.018285   -0.000038
    1    2    0   16    7   -0.010113   -0.000130
    1    2    0    1    8   -0.013644   -0.000020
    1    2    0    2    8   -0.044636    0.000002
    1    2    0    3    8    0.054108   -0.000005
    1    2    0    4    8    0.025189   -0.000008
    1    2    0    5    8    0.039645   -0.000002
    1    2    0    6    8    0.047983   -0.000023
    1    2    0    7    8   -0.019720    0.000054
    1    2    0    8    8    0.069816    0.000001
    1    2    0    9    8    0.015929    0.000012
    1    2    0   10    8   -0.028306   -0.000005
    1    2    0   11    8    0.010926    0.000011
    1    2    0   12    8    0.006521    0.000027
    1    2    0   13    8   -0.001969   -0.000000
    1    2    0   14    8    0.035632    0.000000
    1    2    0   15    8    0.019769    0.000007
    1    2    0   16    8   -0.010482    0.000013
    1    2    0    1    9   -0.030736   -0.000014
    1    2    0    2    9    0.005886    0.000020
    1    2    0    3    9   -0.009717    0.000051
    1    2    0    4    9    0.020149   -0.000001
    1    2    0    5    9   -0.015467    0.000038
    1    2    0    6    9    0.138785   -0.000025
    1    2    0    7    9    0.004213   -0.000033
    1    2    0    8    9    0.017866   -0.000013
    1    2    0    9    9    0.015234   -0.000001
    1    2    0   10    9    0.068408   -0.000002
    1    2    0   11    9   -0.031322   -0.000005
    1    2    0   12    9   -0.169295   -0.000007
    1    2    0   13    9   -0.005508   -0.000002
    1    2    0   14    9   -0.025292   -0.000000
    1    2    0   15    9   -0.056832   -0.000002
    1    2    0   16    9    0.034304   -0.000003
    1    2    0    1   10    0.057402    0.000010
    1    2    0    2   10    0.088629   -0.000000
    1    2    0    3   10   -0.009946    0.000022
    1    2    0    4   10    0.009947    0.000004
    1    2    0    5   10    0.014065   -0.000009
    1    2    0    6   10   -0.101443    0.000003
    1    2    0    7   10    0.024834   -0.000009
    1    2    0    8   10   -0.054881    0.000005
    1    2    0    9   10    0.039508    0.000002
    1    2    0   10   10   -0.121811   -0.000001
    1    2    0   11   10   -0.058059    0.000005
    1    2    0   12   10    0.026859    0.000009
    1    2    0   13   10    0.123264   -0.000000
    1    2    0   14   10    0.114665    0.000000
    1    2    0   15   10   -0.042492    0.000006
    1    2    0   16   10   -0.025801    0.000004
    1    2    0    1   11   -0.004664   -0.000047
    1    2    0    2   11    0.017772    0.000021
    1    2    0    3   11    0.074874    0.000147
    1    2    0    4   11   -0.015037   -0.000006
    1    2    0    5   11    0.025870    0.000057
    1    2    0    6   11   -0.031286   -0.000036
    1    2    0    7   11   -0.047379    0.000081
    1    2    0    8   11    0.029807   -0.000014
    1    2    0    9   11   -0.089427    0.000001
    1    2    0   10   11   -0.047664   -0.000006
    1    2    0   11   11    0.080394    0.000002
    1    2    0   12   11   -0.162863   -0.000002
    1    2    0   13   11   -0.027061   -0.000001
    1    2    0   14   11    0.085707    0.000001
    1    2    0   15   11   -0.065827    0.000000
    1    2    0   16   11   -0.016324    0.000001
    1    2    0    1   12   -0.078691   -0.000072
    1    2    0    2   12    0.018901    0.000065
    1    2    0    3   12    0.042263    0.000228
    1    2    0    4   12   -0.020494   -0.000004
    1    2    0    5   12    0.012100    0.000106
    1    2    0    6   12    0.031281   -0.000068
    1    2    0    7   12   -0.011685   -0.000028
    1    2    0    8   12   -0.013740   -0.000028
    1    2    0    9   12    0.197182    0.000005
    1    2    0   10   12    0.008333   -0.000005
    1    2    0   11   12    0.057156    0.000001
    1    2    0   12   12    0.076835   -0.000020
    1    2    0   13   12   -0.003429   -0.000016
    1    2    0   14   12    0.001557   -0.000001
    1    2    0   15   12   -0.060863   -0.000005
    1    2    0   16   12   -0.049838    0.000001
    1    2    0    1   13   -0.006666    0.000014
    1    2    0    2   13   -0.044248   -0.000019
    1    2    0    3   13    0.023719    0.000093
    1    2    0    4   13   -0.013909    0.000016
    1    2    0    5   13    0.003667   -0.000011
    1    2    0    6   13    0.121966    0.000046
    1    2    0    7   13   -0.042474   -0.000117
    1    2    0    8   13   -0.005818   -0.000002
    1    2    0    9   13   -0.220417   -0.000011
    1    2    0   10   13    0.075558   -0.000002
    1    2    0   11   13    0.197944   -0.000006
    1    2    0   12   13   -0.035083   -0.000030
    1    2    0   13   13    0.019890   -0.000013
    1    2    0   14   13   -0.086000    0.000002
    1    2    0   15   13    0.077176   -0.000008
    1    2    0   16   13   -0.059454    0.000003
    1    2    0    1   14   -0.024543   -0.000005
    1    2    0    2   14    0.006461    0.000003
    1    2    0    3   14    0.010381   -0.000011
    1    2    0    4   14   -0.013534   -0.000002
    1    2    0    5   14   -0.031459   -0.000000
    1    2    0    6   14    0.036585   -0.000004
    1    2    0    7   14    0.021168   -0.000000
    1    2    0    8   14    0.010833   -0.000000
    1    2    0    9   14    0.045404   -0.000000
    1    2    0   10   14    0.219517    0.000000
    1    2    0   11   14   -0.042502   -0.000001
    1    2    0   12   14    0.066879   -0.000004
    1    2    0   13   14   -0.080549   -0.000002
    1    2    0   14   14   -0.090959   -0.000000
    1    2    0   15   14    0.029628   -0.000002
    1    2    0   16   14   -0.009248    0.000000
    1    2    0    1   15   -0.018738   -0.000024
    1    2    0    2   15   -0.005960    0.000021
    1    2    0    3   15   -0.003307    0.000118
    1    2    0    4   15   -0.030946   -0.000002
    1    2    0    5   15    0.020105    0.000035
    1    2    0    6   15   -0.027705   -0.000018
    1    2    0    7   15    0.000525    0.000010
    1    2    0    8   15    0.002298   -0.000005
    1    2    0    9   15    0.074888    0.000004
    1    2    0   10   15   -0.044023   -0.000000
    1    2    0   11   15   -0.014773    0.000005
    1    2    0   12   15    0.154867   -0.000002
    1    2    0   13   15    0.024421   -0.000008
    1    2    0   14   15    0.008654   -0.000001
    1    2    0   15   15   -0.006785   -0.000001
    1    2    0   16   15   -0.009389    0.000006
    1    2    0    1   16   -0.016730   -0.000072
    1    2    0    2   16   -0.046221    0.000042
    1    2    0    3   16    0.043374    0.000048
    1    2    0    4   16    0.000474   -0.000021
    1    2    0    5   16    0.019833    0.000066
    1    2    0    6   16   -0.015614   -0.000071
    1    2    0    7   16   -0.013867    0.000104
    1    2    0    8   16    0.002729   -0.000016
    1    2    0    9   16   -0.178602    0.000009
    1    2    0   10   16   -0.026385   -0.000002
    1    2    0   11   16    0.168493    0.000004
    1    2    0   12   16   -0.147396    0.000005
    1    2    0   13   16    0.001296    0.000001
    1    2    0   14   16    0.054575   -0.000002
    1    2    0   15   16   -0.035035    0.000002
    1    2    0   16   16    0.102883   -0.000004
    2    0    0    1    1    0.198398    0.000000
    2    0    0    2    1   -0.024647    0.000003
    2    0    0    3    1   -0.020279   -0.000113
    2    0    0    4    1    0.034957    0.000004
    2    0    0    5    1   -0.004165   -0.000016
    2    0    0    6    1    0.067663   -0.000020
    2    0    0    7    1    0.132524   -0.000011
    2    0    0    8    1    0.018813    0.000003
    2    0    0    9    1   -0.041927    0.000024
    2    0    0   10    1    0.013318   -0.000009
    2    0    0   11    1    0.017979    0.000033
    2    0    0   12    1   -0.062028    0.000089
    2    0    0   13    1    0.009585   -0.000009
    2    0    0   14    1   -0.014187    0.000010
    2    0    0   15    1    0.005076    0.000023
    2    0    0   16    1   -0.024711    0.000056
    2    0    0    1    2   -0.024647   -0.000003
    2    0    0    2    2    0.157544    0.000000
    2    0    0    3    2   -0.033447    0.000174
    2    0    0    4    2   -0.001567    0.000002
    2    0    0    5    2    0.010116   -0.000016
    2    0    0    6    2   -0.032963    0.000011
    2    0    0    7    2   -0.040116   -0.000206
    2    0    0    8    2   -0.040409    0.000001
    2    0    0    9    2    0.079832   -0.000020
    2    0    0   10    2    0.147546    0.000002
    2    0    0   11    2    0.088369   -0.000012
    2    0    0   12    2    0.025996   -0.000057
    2    0    0   13    2   -0.002914    0.000001
    2    0    0   14    2    0.002395   -0.000005
    2    0    0   15    2   -0.035789   -0.000016
    2    0    0   16    2    0.011246   -0.000023
    2    0    0    1    3   -0.020279    0.000113
    2    0    0    2    3   -0.033447   -0.000174
    2    0    0    3    3    0.102117    0.000000
    2    0    0    4    3   -0.024668    0.000046
    2    0    0    5    3   -0.145455   -0.000309
    2    0    0    6    3    0.058858    0.000044
    2    0    0    7    3   -0.103156    0.000009
    2    0    0    8    3   -0.035194    0.000090
    2    0    0    9    3    0.044342    0.000044
    2    0    0   10    3    0.000459   -0.000005
    2    0    0   11    3   -0.026822    0.000125
    2    0    0   12    3    0.003786    0.000221
    2    0    0   13    3   -0.013271    0.000114
    2    0    0   14    3    0.022702   -0.000001
    2    0    0   15    3    0.006026    0.000113
    2    0    0   16    3   -0.032071    0.000029
    2    0    0    1    4    0.034957   -0.000004
    2    0    0    2    4   -0.001567   -0.000002
    2    0    0    3    4   -0.024668   -0.000046
    2    0    0    4    4    0.056121    0.000000
    2    0    0    5    4   -0.020196   -0.000015
    2    0    0    6    4    0.035491    0.000006
    2    0    0    7    4    0.002184    0.000004
    2    0    0    8    4    0.004763    0.000005
    2    0    0    9    4    0.001494    0.000007
    2    0    0   10    4   -0.006469   -0.000003
    2    0    0   11    4    0.025110    0.000012
    2    0    0   12    4   -0.021198    0.000022
    2    0    0   13    4   -0.023352    0.000000
    2    0    0   14    4    0.003308    0.000003
    2    0    0   15    4    0.015926    0.000006
    2    0    0   16    4   -0.008808    0.000015
    2    0    0    1    5   -0.004165    0.000016
    2    0    0    2    5    0.010116    0.000016
    2    0    0    3    5   -0.145455    0.000309
    2    0    0    4    5   -0.020196    0.000015
    2    0    0    5    5    0.201006    0.000000
    2    0    0    6    5   -0.014902    0.000018
    2    0    0    7    5    0.007057   -0.000097
    2    0    0    8    5   -0.036150    0.000002
    2    0    0    9    5   -0.032469   -0.000016
    2    0    0   10    5   -0.010761    0.000005
    2    0    0   11    5    0.030507   -0.000015
    2    0    0   12    5   -0.013688   -0.000025
    2    0    0   13    5   -0.019513    0.000038
    2    0    0   14    5   -0.003969   -0.000001
    2    0    0   15    5    0.016628    0.000011
    2    0    0   16    5    0.015334   -0.000048
    2    0    0    1    6    0.067663    0.000020
    2    0    0    2    6   -0.032963   -0.000011
    2    0    0    3    6    0.058858   -0.000044
    2    0    0    4    6    0.035491   -0.000006
    2    0    0    5    6   -0.014902   -0.000018
    2    0    0    6    6   -0.017233    0.000000
    2    0    0    7    6   -0.020781    0.000105
    2    0    0    8    6   -0.017459    0.000022
    2    0    0    9    6    0.044279    0.000029
    2    0    0   10    6    0.054873   -0.000002
    2    0    0   11    6   -0.010376    0.000047
    2    0    0   12    6    0.078043    0.000101
    2    0    0   13    6   -0.015445   -0.000027
    2    0    0   14    6   -0.030317    0.000004
    2    0    0   15    6    0.047850    0.000031
    2    0    0   16    6    0.023048    0.000077
    2    0    0    1    7    0.132524    0.000011
    2    0    0    2    7   -0.040116    0.000206
    2    0    0    3    7   -0.103156   -0.000009
    2    0    0    4    7    0.002184   -0.000004
    2    0    0    5    7    0.007057    0.000097
    2    0    0    6    7   -0.020781   -0.000105
    2    0    0    7    7    0.161431    0.000000
    2    0    0    8    7   -0.018769   -0.000034
    2    0    0    9    7    0.010262   -0.000053
    2    0    0   10    7   -0.026036   -0.000003
    2    0    0   11    7    0.004536    0.000074
    2    0    0   12    7    0.004284   -0.000083
    2    0    0   13    7   -0.001857   -0.000167
    2    0    0   14    7    0.012513   -0.000001
    2    0    0   15    7    0.008866    0.000004
    2    0    0   16    7   -0.004707    0.000122
    2    0    0    1    8    0.018813   -0.000003
    2    0    0    2    8   -0.040409   -0.000001
    2    0    0    3    8   -0.035194   -0.000090
    2    0    0    4    8    0.004763   -0.000005
    2    0    0    5    8   -0.036150   -0.000002
    2    0    0    6    8   -0.017459   -0.000022
    2    0    0    7    8   -0.018769    0.000034
    2    0    0    8    8    0.033994    0.000000
    2    0    0    9    8    0.009523    0.000002
    2    0    0   10    8   -0.002666   -0.000005
    2    0    0   11    8    0.008504    0.000007
    2    0    0   12    8    0.023504    0.000008
    2    0    0   13    8    0.019345   -0.000018
    2    0    0   14    8    0.004793    0.000001
    2    0    0   15    8   -0.008477   -0.000002
    2    0    0   16    8    0.003919    0.000021
    2    0    0    1    9   -0.041927   -0.000024
    2    0    0    2    9    0.079832    0.000020
    2    0    0    3    9    0.044342   -0.000044
    2    0    0    4    9    0.001494   -0.000007
    2    0    0    5    9   -0.032469    0.000016
    2    0    0    6    9    0.044279   -0.000029
    2    0    0    7    9    0.010262    0.000053
    2    0    0    8    9    0.009523   -0.000002
    2    0    0    9    9    0.009948    0.000000
    2    0    0   10    9    0.042512   -0.000001
    2    0    0   11    9   -0.013988   -0.000000
    2    0    0   12    9   -0.019454    0.000000
    2    0    0   13    9   -0.059316    0.000003
    2    0    0   14    9   -0.014260   -0.000001
    2    0    0   15    9    0.138677   -0.000001
    2    0    0   16    9   -0.063422   -0.000000
    2    0    0    1   10    0.013318    0.000009
    2    0    0    2   10    0.147546   -0.000002
    2    0    0    3   10    0.000459    0.000005
    2    0    0    4   10   -0.006469    0.000003
    2    0    0    5   10   -0.010761   -0.000005
    2    0    0    6   10    0.054873    0.000002
    2    0    0    7   10   -0.026036    0.000003
    2    0    0    8   10   -0.002666    0.000005
    2    0    0    9   10    0.042512    0.000001
    2    0    0   10   10   -0.155418   -0.000000
    2    0    0   11   10    0.058109    0.000001
    2    0    0   12   10    0.036582    0.000006
    2    0    0   13   10    0.070479    0.000001
    2    0    0   14   10    0.169464   -0.000000
    2    0    0   15   10    0.048488    0.000002
    2    0    0   16   10    0.027197    0.000001
    2    0    0    1   11    0.017979   -0.000033
    2    0    0    2   11    0.088369    0.000012
    2    0    0    3   11   -0.026822   -0.000125
    2    0    0    4   11    0.025110   -0.000012
    2    0    0    5   11    0.030507    0.000015
    2    0    0    6   11   -0.010376   -0.000047
    2    0    0    7   11    0.004536   -0.000074
    2    0    0    8   11    0.008504   -0.000007
    2    0    0    9   11   -0.013988    0.000000
    2    0    0   10   11    0.058109   -0.000001
    2    0    0   11   11    0.309554   -0.000000
    2    0    0   12   11   -0.159778   -0.000002
    2    0    0   13   11   -0.032700   -0.000003
    2    0    0   14   11   -0.038520   -0.000001
    2    0    0   15   11    0.010993   -0.000002
    2    0    0   16   11    0.082563    0.000002
    2    0    0    1   12   -0.062028   -0.000089
    2    0    0    2   12    0.025996    0.000057
    2    0    0    3   12    0.003786   -0.000221
    2    0    0    4   12   -0.021198   -0.000022
    2    0    0    5   12   -0.013688    0.000025
    2    0    0    6   12    0.078043   -0.000101
    2    0    0    7   12    0.004284    0.000083
    2    0    0    8   12    0.023504   -0.000008
    2    0    0    9   12   -0.019454   -0.000000
    2    0    0   10   12    0.036582   -0.000006
    2    0    0   11   12   -0.159778    0.000002
    2    0    0   12   12    0.202202    0.000000
    2    0    0   13   12    0.111721   -0.000001
    2    0    0   14   12   -0.036718    0.000002
    2    0    0   15   12   -0.098201    0.000002
    2    0    0   16   12    0.133714    0.000003
    2    0    0    1   13    0.009585    0.000009
    2    0    0    2   13   -0.002914   -0.000001
    2    0    0    3   13   -0.013271   -0.000114
    2    0    0    4   13   -0.023352   -0.000000
    2    0    0    5   13   -0.019513   -0.000038
    2    0    0    6   13   -0.015445    0.000027
    2    0    0    7   13   -0.001857    0.000167
    2    0    0    8   13    0.019345    0.000018
    2    0    0    9   13   -0.059316   -0.000003
    2    0    0   10   13    0.070479   -0.000001
    2    0    0   11   13   -0.032700    0.000003
    2    0    0   12   13    0.111721    0.000001
    2    0    0   13   13   -0.088347    0.000000
    2    0    0   14   13   -0.114957    0.000004
    2    0    0   15   13    0.237607    0.000001
    2    0    0   16   13   -0.158600    0.000007
    2    0    0    1   14   -0.014187   -0.000010
    2    0    0    2   14    0.002395    0.000005
    2    0    0    3   14    0.022702    0.000001
    2    0    0    4   14    0.003308   -0.000003
    2    0    0    5   14   -0.003969    0.000001
    2    0    0    6   14   -0.030317   -0.000004
    2    0    0    7   14    0.012513    0.000001
    2    0    0    8   14    0.004793   -0.000001
    2    0    0    9   14   -0.014260    0.000001
    2    0    0   10   14    0.169464    0.000000
    2    0    0   11   14   -0.038520    0.000001
    2    0    0   12   14   -0.036718   -0.000002
    2    0    0   13   14   -0.114957   -0.000004
    2    0    0   14   14   -0.125908    0.000000
    2    0    0   15   14   -0.020166   -0.000001
    2    0    0   16   14    0.001138    0.000003
    2    0    0    1   15    0.005076   -0.000023
    2    0    0    2   15   -0.035789    0.000016
    2    0    0    3   15    0.006026   -0.000113
    2    0    0    4   15    0.015926   -0.000006
    2    0    0    5   15    0.016628   -0.000011
    2    0    0    6   15    0.047850   -0.000031
    2    0    0    7   15    0.008866   -0.000004
    2    0    0    8   15   -0.008477    0.000002
    2    0    0    9   15    0.138677    0.000001
    2    0    0   10   15    0.048488   -0.000002
    2    0    0   11   15    0.010993    0.000002
    2    0    0   12   15   -0.098201   -0.000002
    2    0    0   13   15    0.237607   -0.000001
    2    0    0   14   15   -0.020166    0.000001
    2    0    0   15   15    0.029251    0.000000
    2    0    0   16   15    0.004069    0.000001
    2    0    0    1   16   -0.024711   -0.000056
    2    0    0    2   16    0.011246    0.000023
    2    0    0    3   16   -0.032071   -0.000029
    2    0    0    4   16   -0.008808   -0.000015
    2    0    0    5   16    0.015334    0.000048
    2    0    0    6   16    0.023048   -0.000077
    2    0    0    7   16   -0.004707   -0.000122
    2    0    0    8   16    0.003919   -0.000021
    2    0    0    9   16   -0.063422    0.000000
    2    0    0   10   16    0.027197   -0.000001
    2    0    0   11   16    0.082563   -0.000002
    2    0    0   12   16    0.133714   -0.000003
    2    0    0   13   16   -0.158600   -0.000007
    2    0    0   14   16    0.001138   -0.000003
    2    0    0   15   16    0.004069   -0.000001
    2    0    0   16   16    0.116044    0.000000
    2    1    0    1    1   -0.035891    0.000001
    2    1    0    2    1   -0.008056   -0.000014
    2    1    0    3    1   -0.034698   -0.000323
    2    1    0    4    1   -0.000571   -0.000010
    2    1    0    5    1   -0.226209   -0.000014
    2    1    0    6    1   -0.004090   -0.000028
    2    1    0    7    1    0.034445    0.000126
    2    1    0    8    1    0.094732    0.000003
    2    1    0    9    1   -0.029375    0.000013
    2    1    0   10    1    0.021978   -0.000006
    2    1    0   11    1    0.049818    0.000011
    2    1    0   12    1   -0.022633    0.000024
    2    1    0   13    1    0.049241   -0.000039
    2    1    0   14    1   -0.034260    0.000002
    2    1    0   15    1    0.008739   -0.000012
    2    1    0   16    1   -0.027639    0.000048
    2    1    0    1    2   -0.012185   -0.000045
    2    1    0    2    2    0.056793    0.000000
    2    1    0    3    2    0.012867    0.000081
    2    1    0    4    2   -0.016906   -0.000009
    2    1    0    5    2    0.035141   -0.000006
    2    1    0    6    2   -0.055509    0.000012
    2    1    0    7    2   -0.001061   -0.000177
    2    1    0    8    2   -0.012624   -0.000014
    2    1    0    9    2    0.037636   -0.000035
    2    1    0   10    2   -0.041041    0.000003
    2    1    0   11    2   -0.043678   -0.000035
    2    1    0   12    2    0.021827   -0.000102
    2    1    0   13    2   -0.111831    0.000006
    2    1    0   14    2    0.008978   -0.000005
    2    1    0   15    2    0.040948   -0.000032
    2    1    0   16    2   -0.030328   -0.000051
    2    1    0    1    3   -0.033407   -0.000034
    2    1    0    2    3    0.014352   -0.000203
    2    1    0    3    3    0.004877    0.000003
    2    1    0    4    3    0.043311   -0.000006
    2    1    0    5    3   -0.020835   -0.000082
    2    1    0    6    3    0.055909    0.000103
    2    1    0    7    3   -0.064547   -0.000010
    2    1    0    8    3    0.009821    0.000029
    2    1    0    9    3   -0.008238    0.000046
    2    1    0   10    3    0.099558    0.000003
    2    1    0   11    3    0.020073   -0.000090
    2    1    0   12    3    0.005325    0.000052
    2    1    0   13    3   -0.004910    0.000161
    2    1    0   14    3   -0.033769    0.000001
    2    1    0   15    3   -0.012598   -0.000018
    2    1    0   16    3    0.042102   -0.000133
    2    1    0    1    4    0.015503   -0.000006
    2    1    0    2    4   -0.009919   -0.000016
    2    1    0    3    4    0.159792   -0.000101
    2    1    0    4    4    0.020233   -0.000003
    2    1    0    5    4   -0.096214   -0.000000
    2    1    0    6    4   -0.024125   -0.000010
    2    1    0    7    4    0.013186    0.000053
    2    1    0    8    4   -0.009698   -0.000000
    2    1    0    9    4    0.006318    0.000007
    2    1    0   10    4    0.006857   -0.000004
    2    1    0   11    4   -0.021414   -0.000003
    2    1    0   12    4   -0.007672    0.000007
    2    1    0   13    4    0.015328   -0.000004
    2    1    0   14    4   -0.007833    0.000001
    2    1    0   15    4   -0.007441   -0.000004
    2    1    0   16    4   -0.013545    0.000004
    2    1    0    1    5   -0.207414    0.000019
    2    1    0    2    5    0.072692   -0.000030
    2    1    0    3    5   -0.021850    0.000179
    2    1    0    4    5   -0.009422    0.000017
    2    1    0    5    5   -0.032282    0.000002
    2    1    0    6    5    0.009382   -0.000014
    2    1    0    7    5    0.025211   -0.000289
    2    1    0    8    5   -0.019697   -0.000008
    2    1    0    9    5   -0.008344   -0.000012
    2    1    0   10    5    0.027104   -0.000004
    2    1    0   11    5    0.041579   -0.000044
    2    1    0   12    5   -0.006936   -0.000068
    2    1    0   13    5    0.014216    0.000068
    2    1    0   14    5   -0.005677    0.000001
    2    1    0   15    5    0.003859   -0.000026
    2    1    0   16    5    0.012044   -0.000076
    2    1    0    1    6    0.010319   -0.000019
    2    1    0    2    6    0.009789   -0.000022
    2    1    0    3    6    0.034752   -0.000147
    2    1    0    4    6    0.077128   -0.000023
    2    1    0    5    6   -0.047627   -0.000008
    2    1    0    6    6    0.062587   -0.000011
    2    1    0    7    6    0.023229    0.000044
    2    1    0    8    6    0.019449    0.000003
    2    1    0    9    6    0.005408    0.000020
    2    1    0   10    6    0.084284   -0.000006
    2    1    0   11    6   -0.046586    0.000026
    2    1    0   12    6    0.071877    0.000064
    2    1    0   13    6   -0.069650   -0.000024
    2    1    0   14    6   -0.000417    0.000003
    2    1    0   15    6   -0.005205    0.000017
    2    1    0   16    6    0.066635    0.000049
    2    1    0    1    7    0.010325   -0.000160
    2    1    0    2    7   -0.102122    0.000109
    2    1    0    3    7   -0.108649   -0.000011
    2    1    0    4    7    0.024065   -0.000045
    2    1    0    5    7    0.050619   -0.000022
    2    1    0    6    7   -0.201298   -0.000202
    2    1    0    7    7    0.027120    0.000014
    2    1    0    8    7    0.118438   -0.000010
    2    1    0    9    7   -0.035822    0.000040
    2    1    0   10    7   -0.056488    0.000001
    2    1    0   11    7   -0.024004    0.000132
    2    1    0   12    7    0.071864    0.000210
    2    1    0   13    7   -0.022519    0.000091
    2    1    0   14    7    0.024413   -0.000004
    2    1    0   15    7    0.044141    0.000111
    2    1    0   16    7    0.007246    0.000040
    2    1    0    1    8    0.002796   -0.000016
    2    1    0    2    8   -0.057234    0.000009
    2    1    0    3    8    0.011445   -0.000062
    2    1    0    4    8    0.134700   -0.000011
    2    1    0    5    8    0.004958   -0.000002
    2    1    0    6    8    0.026936   -0.000007
    2    1    0    7    8    0.055237    0.000079
    2    1    0    8    8    0.023392    0.000001
    2    1    0    9    8    0.004399    0.000006
    2    1    0   10    8   -0.003047    0.000002
    2    1    0   11    8   -0.006566    0.000019
    2    1    0   12    8    0.024330    0.000030
    2    1    0   13    8    0.003455   -0.000014
    2    1    0   14    8    0.016268   -0.000001
    2    1    0   15    8   -0.006701    0.000010
    2    1    0   16    8    0.009874    0.000023
    2    1    0    1    9   -0.044157   -0.000020
    2    1    0    2    9    0.090569    0.000017
    2    1    0    3    9    0.005820    0.000043
    2    1    0    4    9    0.009636   -0.000004
    2    1    0    5    9   -0.011343    0.000024
    2    1    0    6    9    0.077407   -0.000030
    2    1    0    7    9   -0.011707    0.000041
    2    1    0    8    9   -0.030556   -0.000005
    2    1    0    9    9    0.128664    0.000004
    2    1    0   10    9    0.006836   -0.000002
    2    1    0   11    9   -0.270456   -0.000001
    2    1    0   12    9   -0.093496   -0.000005
    2    1    0   13    9   -0.098374   -0.000002
    2    1    0   14    9   -0.018202   -0.000001
    2    1    0   15    9   -0.008201   -0.000006
    2    1    0   16    9   -0.085272   -0.000002
    2    1    0    1   10    0.046328   -0.000010
    2    1    0    2   10   -0.020966   -0.000006
    2    1    0    3   10   -0.053404    0.000011
    2    1    0    4   10    0.040143   -0.000005
    2    1    0    5   10    0.046424   -0.000009
    2    1    0    6   10   -0.092768    0.000000
    2    1    0    7   10    0.005050   -0.000005
    2    1    0    8   10   -0.048793    0.000003
    2    1    0    9   10    0.026889   -0.000004
    2    1    0   10   10   -0.111610    0.000001
    2    1    0   11   10   -0.144039    0.000002
    2    1    0   12   10   -0.035363   -0.000008
    2    1    0   13   10    0.070457   -0.000007
    2    1    0   14   10    0.089849   -0.000000
    2    1    0   15   10   -0.023449   -0.000003
    2    1    0   16   10   -0.044274    0.000004
    2    1    0    1   11    0.007938   -0.000062
    2    1    0    2   11   -0.045267    0.000013
    2    1    0    3   11   -0.038227   -0.000085
    2    1    0    4   11    0.013036   -0.000026
    2    1    0    5   11    0.051654    0.000041
    2    1    0    6   11    0.046769   -0.000028
    2    1    0    7   11    0.033440    0.000131
    2    1    0    8   11   -0.029375   -0.000005
    2    1    0    9   11    0.106872   -0.000002
    2    1    0   10   11   -0.030657    0.000002
    2    1    0   11   11    0.044376   -0.000004
    2    1    0   12   11    0.147703   -0.000013
    2    1    0   13   11    0.122378   -0.000005
    2    1    0   14   11    0.024073   -0.000002
    2    1    0   15   11    0.199988   -0.000006
    2    1    0   16   11   -0.067996   -0.000001
    2    1    0    1   12   -0.048639   -0.000130
    2    1    0    2   12    0.041503    0.000050
    2    1    0    3   12   -0.013335    0.000043
    2    1    0    4   12   -0.024501   -0.000045
    2    1    0    5   12   -0.009769    0.000096
    2    1    0    6   12    0.028813   -0.000094
    2    1    0    7   12   -0.018465    0.000220
    2    1    0    8   12    0.020280   -0.000016
    2    1    0    9   12    0.041712   -0.000001
    2    1    0   10   12   -0.059179   -0.000005
    2    1    0   11   12    0.033890   -0.000000
    2    1    0   12   12   -0.115757   -0.000006
    2    1    0   13   12   -0.102255   -0.000015
    2    1    0   14   12    0.034215   -0.000001
    2    1    0   15   12   -0.052682   -0.000008
    2    1    0   16   12   -0.027115    0.000013
    2    1    0    1   13    0.009661    0.000025
    2    1    0    2   13   -0.007145   -0.000014
    2    1    0    3   13   -0.080396    0.000139
    2    1    0    4   13    0.005603    0.000011
    2    1    0    5   13    0.025496   -0.000005
    2    1    0    6   13    0.033016    0.000003
    2    1    0    7   13    0.013318    0.000107
    2    1    0    8   13    0.016126    0.000013
    2    1    0    9   13    0.149633    0.000007
    2    1    0   10   13    0.125829   -0.000006
    2    1    0   11   13    0.007919    0.000009
    2    1    0   12   13    0.213214    0.000015
    2    1    0   13   13    0.248191    0.000001
    2    1    0   14   13   -0.086853    0.000001
    2    1    0   15   13   -0.073435    0.000003
    2    1    0   16   13    0.012192    0.000011
    2    1    0    1   14   -0.021666    0.000000
    2    1    0    2   14    0.008342    0.000004
    2    1    0    3   14    0.036898   -0.000003
    2    1    0    4   14    0.000784    0.000001
    2    1    0    5   14   -0.024705    0.000010
    2    1    0    6   14   -0.018694   -0.000003
    2    1    0    7   14    0.012542   -0.000001
    2    1    0    8   14    0.012787   -0.000003
    2    1    0    9   14    0.013956    0.000000
    2    1    0   10   14    0.036867   -0.000000
    2    1    0   11   14    0.062524   -0.000002
    2    1    0   12   14    0.044615    0.000002
    2    1    0   13   14   -0.073158   -0.000000
    2    1    0   14   14   -0.095189    0.000000
    2    1    0   15   14   -0.016912    0.000001
    2    1    0   16   14    0.038216   -0.000001
    2    1    0    1   15   -0.000087   -0.000056
    2    1    0    2   15   -0.016646    0.000012
    2    1    0    3   15    0.012745   -0.000023
    2    1    0    4   15   -0.026648   -0.000020
    2    1    0    5   15    0.017665    0.000026
    2    1    0    6   15    0.025606   -0.000031
    2    1    0    7   15   -0.008226    0.000116
    2    1    0    8   15    0.026056   -0.000004
    2    1    0    9   15   -0.265561   -0.000003
    2    1    0   10   15   -0.102585   -0.000003
    2    1    0   11   15    0.004867   -0.000003
    2    1    0   12   15    0.374573   -0.000006
    2    1    0   13   15   -0.017002   -0.000003
    2    1    0   14   15    0.041410    0.000001
    2    1    0   15   15    0.162080   -0.000002
    2    1    0   16   15    0.088459    0.000002
    2    1    0    1   16   -0.019748   -0.000085
    2    1    0    2   16    0.008703    0.000029
    2    1    0    3   16    0.032256   -0.000120
    2    1    0    4   16    0.001400   -0.000036
    2    1    0    5   16   -0.006696    0.000062
    2    1    0    6   16   -0.013915   -0.000044
    2    1    0    7   16    0.017181    0.000036
    2    1    0    8   16   -0.006920   -0.000018
    2    1    0    9   16   -0.156204   -0.000008
    2    1    0   10   16   -0.046882    0.000006
    2    1    0   11   16    0.311803   -0.000006
    2    1    0   12   16   -0.212039   -0.000011
    2    1    0   13   16   -0.071543   -0.000007
    2    1    0   14   16    0.036011   -0.000003
    2    1    0   15   16    0.056481   -0.000004
    2    1    0   16   16    0.015418   -0.000001
    2    2    0    1    1    0.155457   -0.000000
    2    2    0    2    1   -0.101439    0.000037
    2    2    0    3    1   -0.054567   -0.000172
    2    2    0    4    1    0.066451   -0.000012
    2    2    0    5    1   -0.002955   -0.000018
    2    2    0    6    1   -0.017120    0.000011
    2    2    0    7    1    0.079959    0.000298
    2    2    0    8    1   -0.029364    0.000015
    2    2    0    9    1    0.001770    0.000013
    2    2    0   10    1   -0.023503    0.000004
    2    2    0   11    1    0.000660    0.000046
    2    2    0   12    1   -0.031189    0.000068
    2    2    0   13    1    0.021611   -0.000066
    2    2    0   14    1    0.000369   -0.000000
    2    2    0   15    1   -0.009426    0.000024
    2    2    0   16    1   -0.041017    0.000077
    2    2    0    1    2   -0.101439   -0.000037
    2    2    0    2    2   -0.049892   -0.000000
    2    2    0    3    2    0.037569    0.000113
    2    2    0    4    2   -0.047247    0.000003
    2    2    0    5    2   -0.007721    0.000032
    2    2    0    6    2   -0.068066    0.000022
    2    2    0    7    2   -0.094200   -0.000078
    2    2    0    8    2    0.002148   -0.000022
    2    2    0    9    2    0.045518   -0.000033
    2    2    0   10    2   -0.124228    0.000007
    2    2    0   11    2    0.010504   -0.000039
    2    2    0   12    2   -0.034644   -0.000100
    2    2    0   13    2   -0.008404    0.000019
    2    2    0   14    2    0.016178   -0.000004
    2    2    0   15    2    0.010602   -0.000031
    2    2    0   16    2   -0.017363   -0.000062
    2    2    0    1    3   -0.054567    0.000172
    2    2    0    2    3    0.037569   -0.000113
    2    2    0    3    3    0.193645    0.000000
    2    2    0    4    3    0.052489    0.000050
    2    2    0    5    3   -0.087557    0.000043
    2    2    0    6    3    0.229373    0.000202
    2    2    0    7    3    0.115986   -0.000008
    2    2    0    8    3   -0.021745    0.000001
    2    2    0    9    3    0.058707   -0.000044
    2    2    0   10    3    0.082960   -0.000001
    2    2    0   11    3   -0.086149   -0.000131
    2    2    0   12    3   -0.136001   -0.000217
    2    2    0   13    3   -0.067761   -0.000089
    2    2    0   14    3   -0.026383    0.000004
    2    2    0   15    3   -0.072119   -0.000110
    2    2    0   16    3   -0.037874   -0.000044
    2    2    0    1    4    0.066451    0.000012
    2    2    0    2    4   -0.047247   -0.000003
    2    2    0    3    4    0.052489   -0.000050
    2    2    0    4    4    0.038676   -0.000000
    2    2    0    5    4    0.032118    0.000002
    2    2    0    6    4    0.012321    0.000009
    2    2    0    7    4   -0.078403    0.000093
    2    2    0    8    4    0.017172    0.000004
    2    2    0    9    4   -0.052914    0.000006
    2    2    0   10    4    0.023843    0.000001
    2    2    0   11    4   -0.008139    0.000013
    2    2    0   12    4    0.003963    0.000033
    2    2    0   13    4    0.013820   -0.000019
    2    2    0   14    4   -0.013114   -0.000001
    2    2    0   15    4    0.017477    0.000011
    2    2    0   16    4    0.000110    0.000025
    2    2    0    1    5   -0.002955    0.000018
    2    2    0    2    5   -0.007721   -0.000032
    2    2    0    3    5   -0.087557   -0.000043
    2    2    0    4    5    0.032118   -0.000002
    2    2    0    5    5    0.153148    0.000000
    2    2    0    6    5   -0.047167   -0.000023
    2    2    0    7    5    0.074235   -0.000169
    2    2    0    8    5   -0.060448   -0.000010
    2    2    0    9    5    0.001520   -0.000017
    2    2    0   10    5    0.014093   -0.000010
    2    2    0   11    5    0.046031   -0.000065
    2    2    0   12    5    0.014356   -0.000136
    2    2    0   13    5    0.015296    0.000024
    2    2    0   14    5    0.011700    0.000001
    2    2    0   15    5    0.007643   -0.000060
    2    2    0   16    5    0.021863   -0.000090
    2    2    0    1    6   -0.017120   -0.000011
    2    2    0    2    6   -0.068066   -0.000022
    2    2    0    3    6    0.229373   -0.000202
    2    2    0    4    6    0.012321   -0.000009
    2    2    0    5    6   -0.047167    0.000023
    2    2    0    6    6    0.066767    0.000000
    2    2    0    7    6    0.029651    0.000144
    2    2    0    8    6    0.026989   -0.000012
    2    2    0    9    6    0.016305    0.000020
    2    2    0   10    6    0.064292   -0.000004
    2    2    0   11    6    0.047323    0.000008
    2    2    0   12    6   -0.031288    0.000056
    2    2    0   13    6   -0.000143    0.000001
    2    2    0   14    6   -0.012520    0.000002
    2    2    0   15    6   -0.034674    0.000016
    2    2    0   16    6   -0.021502    0.000014
    2    2    0    1    7    0.079959   -0.000298
    2    2    0    2    7   -0.094200    0.000078
    2    2    0    3    7    0.115986    0.000008
    2    2    0    4    7   -0.078403   -0.000093
    2    2    0    5    7    0.074235    0.000169
    2    2    0    6    7    0.029651   -0.000144
    2    2    0    7    7    0.073564   -0.000000
    2    2    0    8    7    0.067382   -0.000056
    2    2    0    9    7   -0.061274    0.000053
    2    2    0   10    7   -0.003600    0.000010
    2    2    0   11    7    0.007972   -0.000070
    2    2    0   12    7    0.004726    0.000077
    2    2    0   13    7    0.033248    0.000151
    2    2    0   14    7    0.028958   -0.000004
    2    2    0   15    7    0.016617   -0.000008
    2    2    0   16    7   -0.002366   -0.000113
    2    2    0    1    8   -0.029364   -0.000015
    2    2    0    2    8    0.002148    0.000022
    2    2    0    3    8   -0.021745   -0.000001
    2    2    0    4    8    0.017172   -0.000004
    2    2    0    5    8   -0.060448    0.000010
    2    2    0    6    8    0.026989    0.000012
    2    2    0    7    8    0.067382    0.000056
    2    2    0    8    8    0.050152   -0.000000
    2    2    0    9    8    0.018575    0.000008
    2    2    0   10    8    0.007484    0.000006
    2    2    0   11    8   -0.008183    0.000016
    2    2    0   12    8   -0.044333    0.000037
    2    2    0   13    8   -0.052056   -0.000005
    2    2    0   14    8    0.013378   -0.000001
    2    2    0   15    8   -0.000785    0.000015
    2    2    0   16    8   -0.008559    0.000020
    2    2    0    1    9    0.001770   -0.000013
    2    2    0    2    9    0.045518    0.000033
    2    2    0    3    9    0.058707    0.000044
    2    2    0    4    9   -0.052914   -0.000006
    2    2    0    5    9    0.001520    0.000017
    2    2    0    6    9    0.016305   -0.000020
    2    2    0    7    9   -0.061274   -0.000053
    2    2    0    8    9    0.018575   -0.000008
    2    2    0    9    9    0.086466    0.000000
    2    2    0   10    9   -0.061730    0.000004
    2    2    0   11    9   -0.037210    0.000001
    2    2    0   12    9    0.066772   -0.000006
    2    2    0   13    9   -0.165357   -0.000012
    2    2    0   14    9   -0.007942   -0.000001
    2    2    0   15    9   -0.059253   -0.000001
    2    2    0   16    9    0.073171    0.000004
    2    2    0    1   10   -0.023503   -0.000004
    2    2    0    2   10   -0.124228   -0.000007
    2    2    0    3   10    0.082960    0.000001
    2    2    0    4   10    0.023843   -0.000001
    2    2    0    5   10    0.014093    0.000010
    2    2    0    6   10    0.064292    0.000004
    2    2    0    7   10   -0.003600   -0.000010
    2    2    0    8   10    0.007484   -0.000006
    2    2    0    9   10   -0.061730   -0.000004
    2    2    0   10   10   -0.319119   -0.000000
    2    2    0   11   10   -0.081956   -0.000001
    2    2    0   12   10    0.053795   -0.000012
    2    2    0   13   10    0.065029    0.000002
    2    2    0   14   10    0.199603    0.000000
    2    2    0   15   10    0.059736   -0.000004
    2    2    0   16   10    0.031457   -0.000007
    2    2    0    1   11    0.000660   -0.000046
    2    2    0    2   11    0.010504    0.000039
    2    2    0    3   11   -0.086149    0.000131
    2    2    0    4   11   -0.008139   -0.000013
    2    2    0    5   11    0.046031    0.000065
    2    2    0    6   11    0.047323   -0.000008
    2    2    0    7   11    0.007972    0.000070
    2    2    0    8   11   -0.008183   -0.000016
    2    2    0    9   11   -0.037210   -0.000001
    2    2    0   10   11   -0.081956    0.000001
    2    2    0   11   11   -0.093589   -0.000000
    2    2    0   12   11    0.089264   -0.000009
    2    2    0   13   11    0.134572   -0.000012
    2    2    0   14   11    0.063617   -0.000001
    2    2    0   15   11    0.047792   -0.000002
    2    2    0   16   11    0.130344    0.000003
    2    2    0    1   12   -0.031189   -0.000068
    2    2    0    2   12   -0.034644    0.000100
    2    2    0    3   12   -0.136001    0.000217
    2    2    0    4   12    0.003963   -0.000033
    2    2    0    5   12    0.014356    0.000136
    2    2    0    6   12   -0.031288   -0.000056
    2    2    0    7   12    0.004726   -0.000077
    2    2    0    8   12   -0.044333   -0.000037
    2    2    0    9   12    0.066772    0.000006
    2    2    0   10   12    0.053795    0.000012
    2    2    0   11   12    0.089264    0.000009
    2    2    0   12   12    0.195611    0.000000
    2    2    0   13   12   -0.351043   -0.000031
    2    2    0   14   12   -0.049980   -0.000006
    2    2    0   15   12   -0.034672   -0.000005
    2    2    0   16   12    0.409714    0.000021
    2    2    0    1   13    0.021611    0.000066
    2    2    0    2   13   -0.008404   -0.000019
    2    2    0    3   13   -0.067761    0.000089
    2    2    0    4   13    0.013820    0.000019
    2    2    0    5   13    0.015296   -0.000024
    2    2    0    6   13   -0.000143   -0.000001
    2    2    0    7   13    0.033248   -0.000151
    2    2    0    8   13   -0.052056    0.000005
    2    2    0    9   13   -0.165357    0.000012
    2    2    0   10   13    0.065029   -0.000002
    2    2    0   11   13    0.134572    0.000012
    2    2    0   12   13   -0.351043    0.000031
    2    2    0   13   13    0.204695    0.000000
    2    2    0   14   13   -0.106410   -0.000002
    2    2    0   15   13   -0.036899    0.000007
    2    2    0   16   13    0.060201    0.000011
    2    2    0    1   14    0.000369    0.000000
    2    2    0    2   14    0.016178    0.000004
    2    2    0    3   14   -0.026383   -0.000004
    2    2    0    4   14   -0.013114    0.000001
    2    2    0    5   14    0.011700   -0.000001
    2    2    0    6   14   -0.012520   -0.000002
    2    2    0    7   14    0.028958    0.000004
    2    2    0    8   14    0.013378    0.000001
    2    2    0    9   14   -0.007942    0.000001
    2    2    0   10   14    0.199603   -0.000000
    2    2    0   11   14    0.063617    0.000001
    2    2    0   12   14   -0.049980    0.000006
    2    2    0   13   14   -0.106410    0.000002
    2    2    0   14   14   -0.165569   -0.000000
    2    2    0   15   14   -0.003522    0.000002
    2    2    0   16   14   -0.001535    0.000002
    2    2    0    1   15   -0.009426   -0.000024
    2    2    0    2   15    0.010602    0.000031
    2    2    0    3   15   -0.072119    0.000110
    2    2    0    4   15    0.017477   -0.000011
    2    2    0    5   15    0.007643    0.000060
    2    2    0    6   15   -0.034674   -0.000016
    2    2    0    7   15    0.016617    0.000008
    2    2    0    8   15   -0.000785   -0.000015
    2    2    0    9   15   -0.059253    0.000001
    2    2    0   10   15    0.059736    0.000004
    2    2    0   11   15    0.047792    0.000002
    2    2    0   12   15   -0.034672    0.000005
    2    2    0   13   15   -0.036899   -0.000007
    2    2    0   14   15   -0.003522   -0.000002
    2    2    0   15   15    0.008823   -0.000000
    2    2    0   16   15    0.103434    0.000007
    2    2    0    1   16   -0.041017   -0.000077
    2    2    0    2   16   -0.017363    0.000062
    2    2    0    3   16   -0.037874    0.000044
    2    2    0    4   16    0.000110   -0.000025
    2    2    0    5   16    0.021863    0.000090
    2    2    0    6   16   -0.021502   -0.000014
    2    2    0    7   16   -0.002366    0.000113
    2    2    0    8   16   -0.008559   -0.000020
    2    2    0    9   16    0.073171   -0.000004
    2    2    0   10   16    0.031457    0.000007
    2    2    0   11   16    0.130344   -0.000003
    2    2    0   12   16    0.409714   -0.000021
    2    2    0   13   16    0.060201   -0.000011
    2    2    0   14   16   -0.001535   -0.000002
    2    2    0   15   16    0.103434   -0.000007
    2    2    0   16   16    0.206780    0.000000
