{"Te2W (1-Layer 001)": {"@module": "pymatgen.core.structure", "@class": "Structure", "charge": 0.0, "lattice": {"matrix": [[3.56154665, 0.0, 2.1808183524682393e-16], [-1.780773324999999, 3.084389875663365, 2.1808183524682393e-16], [0.0, 0.0, 25.0]], "pbc": [true, true, true], "a": 3.56154665, "b": 3.56154665, "c": 25.0, "alpha": 90.0, "beta": 90.0, "gamma": 119.99999999999999, "volume": 274.6299607240694}, "properties": {}, "sites": [{"species": [{"element": "Te", "oxidation_state": -2.0, "spin": null, "occu": 1}], "abc": [0.6766666666666667, 0.3433333333333334, 0.4282492376932771], "properties": {}, "label": "Te2-", "xyz": [1.7985810582500004, 1.058973857311089, 10.706230942331928]}, {"species": [{"element": "W", "oxidation_state": 4.0, "spin": null, "occu": 1}], "abc": [0.34333333333333327, 0.6766666666666665, 0.4999999999999999], "properties": {}, "label": "W4+", "xyz": [0.017807733250000624, 2.0871038158655435, 12.499999999999996]}, {"species": [{"element": "Te", "oxidation_state": -2.0, "spin": null, "occu": 1}], "abc": [0.6766666666666667, 0.3433333333333333, 0.5717507623067227], "properties": {}, "label": "Te2-", "xyz": [1.7985810582500004, 1.0589738573110887, 14.293769057668069]}]}}