 written on 16Sep2026 at 19:46:15 
          16
          19
    2    1    2    1    1    1    1    2    1    1    1    2    1    1    1
    1    2    1    2
   -2   -2    0    1    1   -0.288128    0.000000
   -2   -2    0    2    1   -0.042819    0.010474
   -2   -2    0    3    1   -0.257915   -0.000850
   -2   -2    0    4    1    0.142021   -0.002667
   -2   -2    0    5    1   -0.170403    0.003096
   -2   -2    0    6    1    0.010976   -0.010850
   -2   -2    0    7    1   -0.037387   -0.000705
   -2   -2    0    8    1    0.113561   -0.002263
   -2   -2    0    9    1    0.031733   -0.000332
   -2   -2    0   10    1   -0.003049    0.000868
   -2   -2    0   11    1   -0.147660    0.000318
   -2   -2    0   12    1   -0.035824   -0.002060
   -2   -2    0   13    1   -0.004059    0.000149
   -2   -2    0   14    1    0.026700   -0.000612
   -2   -2    0   15    1   -0.093055    0.000275
   -2   -2    0   16    1    0.004953    0.000991
   -2   -2    0    1    2   -0.042819   -0.010474
   -2   -2    0    2    2   -0.194874    0.000000
   -2   -2    0    3    2   -0.047455    0.000045
   -2   -2    0    4    2    0.007586   -0.002502
   -2   -2    0    5    2   -0.060193    0.010891
   -2   -2    0    6    2    0.151513   -0.000056
   -2   -2    0    7    2   -0.050645    0.000314
   -2   -2    0    8    2    0.055140   -0.002026
   -2   -2    0    9    2   -0.021192   -0.000116
   -2   -2    0   10    2   -0.002136    0.000057
   -2   -2    0   11    2    0.022601    0.000134
   -2   -2    0   12    2   -0.088318   -0.004358
   -2   -2    0   13    2   -0.014655    0.000119
   -2   -2    0   14    2    0.012752   -0.000023
   -2   -2    0   15    2    0.000224    0.000107
   -2   -2    0   16    2    0.013306    0.002139
   -2   -2    0    1    3   -0.257915    0.000850
   -2   -2    0    2    3   -0.047455   -0.000045
   -2   -2    0    3    3    0.302952   -0.000000
   -2   -2    0    4    3   -0.226245    0.000981
   -2   -2    0    5    3    0.108324    0.000514
   -2   -2    0    6    3    0.054322    0.000142
   -2   -2    0    7    3    0.085673   -0.000139
   -2   -2    0    8    3   -0.220696    0.001356
   -2   -2    0    9    3   -0.033742   -0.000259
   -2   -2    0   10    3   -0.059356    0.000366
   -2   -2    0   11    3   -0.028882    0.000691
   -2   -2    0   12    3    0.043138   -0.001624
   -2   -2    0   13    3   -0.044120    0.000342
   -2   -2    0   14    3   -0.045999   -0.000472
   -2   -2    0   15    3   -0.045057    0.000540
   -2   -2    0   16    3   -0.009247    0.000778
   -2   -2    0    1    4    0.142021    0.002667
   -2   -2    0    2    4    0.007586    0.002502
   -2   -2    0    3    4   -0.226245   -0.000981
   -2   -2    0    4    4    0.205493   -0.000000
   -2   -2    0    5    4   -0.024963   -0.000751
   -2   -2    0    6    4   -0.060568   -0.002044
   -2   -2    0    7    4   -0.199951   -0.001153
   -2   -2    0    8    4   -0.133778    0.000214
   -2   -2    0    9    4    0.034148   -0.000424
   -2   -2    0   10    4    0.020404    0.001189
   -2   -2    0   11    4   -0.039793    0.000232
   -2   -2    0   12    4   -0.018759   -0.001883
   -2   -2    0   13    4   -0.017451   -0.000208
   -2   -2    0   14    4   -0.002344   -0.000443
   -2   -2    0   15    4    0.007646    0.000181
   -2   -2    0   16    4    0.005536    0.000925
   -2   -2    0    1    5   -0.170403   -0.003096
   -2   -2    0    2    5   -0.060193   -0.010891
   -2   -2    0    3    5    0.108324   -0.000514
   -2   -2    0    4    5   -0.024963    0.000751
   -2   -2    0    5    5   -0.339435    0.000000
   -2   -2    0    6    5    0.059124    0.011291
   -2   -2    0    7    5    0.233741   -0.000360
   -2   -2    0    8    5   -0.100078    0.000915
   -2   -2    0    9    5    0.065135    0.000554
   -2   -2    0   10    5    0.069500   -0.000864
   -2   -2    0   11    5    0.001198   -0.000646
   -2   -2    0   12    5   -0.013414    0.001400
   -2   -2    0   13    5    0.008957   -0.000365
   -2   -2    0   14    5    0.082749    0.000610
   -2   -2    0   15    5    0.010321   -0.000530
   -2   -2    0   16    5    0.011132   -0.000662
   -2   -2    0    1    6    0.010976    0.010850
   -2   -2    0    2    6    0.151513    0.000056
   -2   -2    0    3    6    0.054322   -0.000142
   -2   -2    0    4    6   -0.060568    0.002044
   -2   -2    0    5    6    0.059124   -0.011291
   -2   -2    0    6    6   -0.207113    0.000000
   -2   -2    0    7    6    0.090203    0.000121
   -2   -2    0    8    6   -0.027720    0.002520
   -2   -2    0    9    6   -0.013950    0.000102
   -2   -2    0   10    6   -0.001631   -0.000057
   -2   -2    0   11    6   -0.014389   -0.000111
   -2   -2    0   12    6    0.007761    0.004496
   -2   -2    0   13    6    0.011566   -0.000088
   -2   -2    0   14    6   -0.002044    0.000023
   -2   -2    0   15    6   -0.019732   -0.000080
   -2   -2    0   16    6   -0.022639   -0.002207
   -2   -2    0    1    7   -0.037387    0.000705
   -2   -2    0    2    7   -0.050645   -0.000314
   -2   -2    0    3    7    0.085673    0.000139
   -2   -2    0    4    7   -0.199951    0.001153
   -2   -2    0    5    7    0.233741    0.000360
   -2   -2    0    6    7    0.090203   -0.000121
   -2   -2    0    7    7    0.293090   -0.000000
   -2   -2    0    8    7   -0.129768    0.000603
   -2   -2    0    9    7    0.011423   -0.000398
   -2   -2    0   10    7    0.030435    0.000342
   -2   -2    0   11    7   -0.001638    0.000914
   -2   -2    0   12    7    0.046206   -0.001632
   -2   -2    0   13    7   -0.038975    0.000466
   -2   -2    0   14    7   -0.005371   -0.000573
   -2   -2    0   15    7   -0.025391    0.000695
   -2   -2    0   16    7   -0.025535    0.000794
   -2   -2    0    1    8    0.113561    0.002263
   -2   -2    0    2    8    0.055140    0.002026
   -2   -2    0    3    8   -0.220696   -0.001356
   -2   -2    0    4    8   -0.133778   -0.000214
   -2   -2    0    5    8   -0.100078   -0.000915
   -2   -2    0    6    8   -0.027720   -0.002520
   -2   -2    0    7    8   -0.129768   -0.000603
   -2   -2    0    8    8    0.284654   -0.000000
   -2   -2    0    9    8   -0.003219   -0.000319
   -2   -2    0   10    8    0.060561    0.001145
   -2   -2    0   11    8   -0.009869    0.000093
   -2   -2    0   12    8    0.000590   -0.001893
   -2   -2    0   13    8    0.038212   -0.000119
   -2   -2    0   14    8   -0.032845   -0.000610
   -2   -2    0   15    8    0.028586    0.000145
   -2   -2    0   16    8    0.016049    0.000935
   -2   -2    0    1    9    0.031733    0.000332
   -2   -2    0    2    9   -0.021192    0.000116
   -2   -2    0    3    9   -0.033742    0.000259
   -2   -2    0    4    9    0.034148    0.000424
   -2   -2    0    5    9    0.065135   -0.000554
   -2   -2    0    6    9   -0.013950   -0.000102
   -2   -2    0    7    9    0.011423    0.000398
   -2   -2    0    8    9   -0.003219    0.000319
   -2   -2    0    9    9    0.118538   -0.000000
   -2   -2    0   10    9    0.034149   -0.000110
   -2   -2    0   11    9    0.045944    0.000008
   -2   -2    0   12    9    0.075873    0.001519
   -2   -2    0   13    9    0.034266    0.000006
   -2   -2    0   14    9   -0.042218    0.000084
   -2   -2    0   15    9    0.065067   -0.000002
   -2   -2    0   16    9   -0.032714   -0.000736
   -2   -2    0    1   10   -0.003049   -0.000868
   -2   -2    0    2   10   -0.002136   -0.000057
   -2   -2    0    3   10   -0.059356   -0.000366
   -2   -2    0    4   10    0.020404   -0.001189
   -2   -2    0    5   10    0.069500    0.000864
   -2   -2    0    6   10   -0.001631    0.000057
   -2   -2    0    7   10    0.030435   -0.000342
   -2   -2    0    8   10    0.060561   -0.001145
   -2   -2    0    9   10    0.034149    0.000110
   -2   -2    0   10   10    0.113969   -0.000000
   -2   -2    0   11   10   -0.021874   -0.000168
   -2   -2    0   12   10    0.005671    0.000481
   -2   -2    0   13   10   -0.000950   -0.000108
   -2   -2    0   14   10   -0.072285    0.000000
   -2   -2    0   15   10   -0.004703   -0.000132
   -2   -2    0   16   10    0.010019   -0.000237
   -2   -2    0    1   11   -0.147660   -0.000318
   -2   -2    0    2   11    0.022601   -0.000134
   -2   -2    0    3   11   -0.028882   -0.000691
   -2   -2    0    4   11   -0.039793   -0.000232
   -2   -2    0    5   11    0.001198    0.000646
   -2   -2    0    6   11   -0.014389    0.000111
   -2   -2    0    7   11   -0.001638   -0.000914
   -2   -2    0    8   11   -0.009869   -0.000093
   -2   -2    0    9   11    0.045944   -0.000008
   -2   -2    0   10   11   -0.021874    0.000168
   -2   -2    0   11   11    0.007691   -0.000000
   -2   -2    0   12   11    0.069950   -0.002037
   -2   -2    0   13   11   -0.009773   -0.000013
   -2   -2    0   14   11    0.006009   -0.000128
   -2   -2    0   15   11    0.047433    0.000007
   -2   -2    0   16   11    0.015096    0.000982
   -2   -2    0    1   12   -0.035824    0.002060
   -2   -2    0    2   12   -0.088318    0.004358
   -2   -2    0    3   12    0.043138    0.001624
   -2   -2    0    4   12   -0.018759    0.001883
   -2   -2    0    5   12   -0.013414   -0.001400
   -2   -2    0    6   12    0.007761   -0.004496
   -2   -2    0    7   12    0.046206    0.001632
   -2   -2    0    8   12    0.000590    0.001893
   -2   -2    0    9   12    0.075873   -0.001519
   -2   -2    0   10   12    0.005671   -0.000481
   -2   -2    0   11   12    0.069950    0.002037
   -2   -2    0   12   12    0.035981   -0.000000
   -2   -2    0   13   12    0.056727    0.001598
   -2   -2    0   14   12    0.012826    0.000426
   -2   -2    0   15   12    0.081434    0.001614
   -2   -2    0   16   12   -0.055108   -0.000015
   -2   -2    0    1   13   -0.004059   -0.000149
   -2   -2    0    2   13   -0.014655   -0.000119
   -2   -2    0    3   13   -0.044120   -0.000342
   -2   -2    0    4   13   -0.017451    0.000208
   -2   -2    0    5   13    0.008957    0.000365
   -2   -2    0    6   13    0.011566    0.000088
   -2   -2    0    7   13   -0.038975   -0.000466
   -2   -2    0    8   13    0.038212    0.000119
   -2   -2    0    9   13    0.034266   -0.000006
   -2   -2    0   10   13   -0.000950    0.000108
   -2   -2    0   11   13   -0.009773    0.000013
   -2   -2    0   12   13    0.056727   -0.001598
   -2   -2    0   13   13    0.137895   -0.000000
   -2   -2    0   14   13   -0.006001   -0.000084
   -2   -2    0   15   13    0.057102    0.000018
   -2   -2    0   16   13   -0.039279    0.000775
   -2   -2    0    1   14    0.026700    0.000612
   -2   -2    0    2   14    0.012752    0.000023
   -2   -2    0    3   14   -0.045999    0.000472
   -2   -2    0    4   14   -0.002344    0.000443
   -2   -2    0    5   14    0.082749   -0.000610
   -2   -2    0    6   14   -0.002044   -0.000023
   -2   -2    0    7   14   -0.005371    0.000573
   -2   -2    0    8   14   -0.032845    0.000610
   -2   -2    0    9   14   -0.042218   -0.000084
   -2   -2    0   10   14   -0.072285   -0.000000
   -2   -2    0   11   14    0.006009    0.000128
   -2   -2    0   12   14    0.012826   -0.000426
   -2   -2    0   13   14   -0.006001    0.000084
   -2   -2    0   14   14    0.022879   -0.000000
   -2   -2    0   15   14   -0.010833    0.000101
   -2   -2    0   16   14    0.005911    0.000210
   -2   -2    0    1   15   -0.093055   -0.000275
   -2   -2    0    2   15    0.000224   -0.000107
   -2   -2    0    3   15   -0.045057   -0.000540
   -2   -2    0    4   15    0.007646   -0.000181
   -2   -2    0    5   15    0.010321    0.000530
   -2   -2    0    6   15   -0.019732    0.000080
   -2   -2    0    7   15   -0.025391   -0.000695
   -2   -2    0    8   15    0.028586   -0.000145
   -2   -2    0    9   15    0.065067    0.000002
   -2   -2    0   10   15   -0.004703    0.000132
   -2   -2    0   11   15    0.047433   -0.000007
   -2   -2    0   12   15    0.081434   -0.001614
   -2   -2    0   13   15    0.057102   -0.000018
   -2   -2    0   14   15   -0.010833   -0.000101
   -2   -2    0   15   15    0.096975   -0.000000
   -2   -2    0   16   15    0.033886    0.000778
   -2   -2    0    1   16    0.004953   -0.000991
   -2   -2    0    2   16    0.013306   -0.002139
   -2   -2    0    3   16   -0.009247   -0.000778
   -2   -2    0    4   16    0.005536   -0.000925
   -2   -2    0    5   16    0.011132    0.000662
   -2   -2    0    6   16   -0.022639    0.002207
   -2   -2    0    7   16   -0.025535   -0.000794
   -2   -2    0    8   16    0.016049   -0.000935
   -2   -2    0    9   16   -0.032714    0.000736
   -2   -2    0   10   16    0.010019    0.000237
   -2   -2    0   11   16    0.015096   -0.000982
   -2   -2    0   12   16   -0.055108    0.000015
   -2   -2    0   13   16   -0.039279   -0.000775
   -2   -2    0   14   16    0.005911   -0.000210
   -2   -2    0   15   16    0.033886   -0.000778
   -2   -2    0   16   16    0.036232    0.000000
   -2   -1    0    1    1    0.223825   -0.000039
   -2   -1    0    2    1    0.029342    0.010489
   -2   -1    0    3    1    0.089585   -0.000152
   -2   -1    0    4    1    0.086182   -0.002265
   -2   -1    0    5    1   -0.296462    0.003058
   -2   -1    0    6    1    0.090423   -0.010859
   -2   -1    0    7    1    0.007091   -0.000575
   -2   -1    0    8    1   -0.029506   -0.002673
   -2   -1    0    9    1    0.047644   -0.000353
   -2   -1    0   10    1   -0.121430    0.000882
   -2   -1    0   11    1    0.035248    0.000341
   -2   -1    0   12    1   -0.114800   -0.002043
   -2   -1    0   13    1   -0.105271    0.000142
   -2   -1    0   14    1    0.023189   -0.000622
   -2   -1    0   15    1   -0.011614    0.000279
   -2   -1    0   16    1    0.055327    0.000976
   -2   -1    0    1    2    0.015612   -0.010470
   -2   -1    0    2    2   -0.127118    0.000000
   -2   -1    0    3    2   -0.023344    0.000382
   -2   -1    0    4    2    0.064560   -0.002022
   -2   -1    0    5    2    0.020218    0.010906
   -2   -1    0    6    2    0.162968   -0.000056
   -2   -1    0    7    2   -0.005471    0.000115
   -2   -1    0    8    2    0.031000   -0.002501
   -2   -1    0    9    2    0.036752   -0.000113
   -2   -1    0   10    2    0.008051    0.000059
   -2   -1    0   11    2   -0.068719    0.000130
   -2   -1    0   12    2   -0.000626   -0.004359
   -2   -1    0   13    2   -0.025314    0.000108
   -2   -1    0   14    2    0.001304   -0.000024
   -2   -1    0   15    2   -0.045533    0.000099
   -2   -1    0   16    2    0.030232    0.002140
   -2   -1    0    1    3   -0.166423    0.000532
   -2   -1    0    2    3    0.042674   -0.000389
   -2   -1    0    3    3    0.097545    0.000227
   -2   -1    0    4    3   -0.048481    0.001402
   -2   -1    0    5    3    0.034822    0.000617
   -2   -1    0    6    3    0.005066   -0.000031
   -2   -1    0    7    3   -0.125244   -0.000005
   -2   -1    0    8    3   -0.040499    0.000644
   -2   -1    0    9    3    0.035465   -0.000717
   -2   -1    0   10    3    0.030468    0.000414
   -2   -1    0   11    3    0.013720    0.001430
   -2   -1    0   12    3   -0.017187   -0.001699
   -2   -1    0   13    3    0.011389    0.000721
   -2   -1    0   14    3    0.014687   -0.000634
   -2   -1    0   15    3    0.036723    0.001082
   -2   -1    0   16    3    0.015962    0.000843
   -2   -1    0    1    4   -0.028247    0.002412
   -2   -1    0    2    4    0.072177    0.001993
   -2   -1    0    3    4    0.021194   -0.001106
   -2   -1    0    4    4   -0.060295    0.000015
   -2   -1    0    5    4    0.018780   -0.001062
   -2   -1    0    6    4   -0.023164   -0.002517
   -2   -1    0    7    4   -0.045892   -0.000448
   -2   -1    0    8    4    0.177609    0.000156
   -2   -1    0    9    4    0.033057   -0.000345
   -2   -1    0   10    4    0.104963    0.001119
   -2   -1    0   11    4    0.052255    0.000116
   -2   -1    0   12    4    0.017925   -0.001880
   -2   -1    0   13    4   -0.009460   -0.000104
   -2   -1    0   14    4   -0.005942   -0.000622
   -2   -1    0   15    4    0.030126    0.000160
   -2   -1    0   16    4    0.009032    0.000920
   -2   -1    0    1    5    0.205793   -0.003088
   -2   -1    0    2    5   -0.040800   -0.010897
   -2   -1    0    3    5    0.295218   -0.000633
   -2   -1    0    4    5   -0.037017    0.001033
   -2   -1    0    5    5    0.250541    0.000006
   -2   -1    0    6    5    0.000346    0.011271
   -2   -1    0    7    5    0.196465   -0.000698
   -2   -1    0    8    5    0.091866    0.000589
   -2   -1    0    9    5    0.021781    0.000594
   -2   -1    0   10    5   -0.035303   -0.000867
   -2   -1    0   11    5    0.080690   -0.000707
   -2   -1    0   12    5   -0.078108    0.001386
   -2   -1    0   13    5   -0.058167   -0.000392
   -2   -1    0   14    5   -0.101034    0.000610
   -2   -1    0   15    5    0.001727   -0.000574
   -2   -1    0   16    5    0.042309   -0.000651
   -2   -1    0    1    6   -0.031736    0.010867
   -2   -1    0    2    6    0.203983    0.000056
   -2   -1    0    3    6   -0.020935    0.000057
   -2   -1    0    4    6   -0.020131    0.002519
   -2   -1    0    5    6    0.014729   -0.011290
   -2   -1    0    6    6   -0.141545    0.000000
   -2   -1    0    7    6   -0.080614   -0.000226
   -2   -1    0    8    6   -0.088905    0.002025
   -2   -1    0    9    6   -0.001143    0.000094
   -2   -1    0   10    6   -0.030552   -0.000058
   -2   -1    0   11    6    0.093088   -0.000105
   -2   -1    0   12    6   -0.019940    0.004498
   -2   -1    0   13    6    0.012432   -0.000100
   -2   -1    0   14    6    0.001043    0.000024
   -2   -1    0   15    6    0.075950   -0.000085
   -2   -1    0   16    6    0.036776   -0.002209
   -2   -1    0    1    7   -0.203028    0.000559
   -2   -1    0    2    7    0.022042   -0.000083
   -2   -1    0    3    7    0.285391    0.000315
   -2   -1    0    4    7   -0.118012    0.000859
   -2   -1    0    5    7    0.036488    0.000838
   -2   -1    0    6    7   -0.002740    0.000232
   -2   -1    0    7    7    0.074048   -0.000007
   -2   -1    0    8    7   -0.049162    0.000717
   -2   -1    0    9    7    0.053860   -0.000712
   -2   -1    0   10    7   -0.110260    0.000466
   -2   -1    0   11    7    0.059180    0.001450
   -2   -1    0   12    7   -0.000675   -0.001705
   -2   -1    0   13    7   -0.014168    0.000584
   -2   -1    0   14    7    0.000566   -0.000541
   -2   -1    0   15    7    0.046745    0.001046
   -2   -1    0   16    7    0.009787    0.000852
   -2   -1    0    1    8    0.142489    0.002588
   -2   -1    0    2    8   -0.014410    0.002503
   -2   -1    0    3    8   -0.218431   -0.001053
   -2   -1    0    4    8    0.124757   -0.000152
   -2   -1    0    5    8   -0.011430   -0.000610
   -2   -1    0    6    8   -0.082425   -0.002046
   -2   -1    0    7    8   -0.044020   -0.001055
   -2   -1    0    8    8   -0.028462    0.000115
   -2   -1    0    9    8    0.056623   -0.000374
   -2   -1    0   10    8    0.010728    0.001193
   -2   -1    0   11    8   -0.018531    0.000167
   -2   -1    0   12    8   -0.005363   -0.001895
   -2   -1    0   13    8   -0.018493   -0.000153
   -2   -1    0   14    8   -0.022146   -0.000441
   -2   -1    0   15    8    0.011209    0.000185
   -2   -1    0   16    8   -0.007622    0.000934
   -2   -1    0    1    9   -0.045307    0.000290
   -2   -1    0    2    9   -0.011591    0.000106
   -2   -1    0    3    9   -0.033945   -0.000353
   -2   -1    0    4    9   -0.061043    0.000335
   -2   -1    0    5    9    0.009807   -0.000530
   -2   -1    0    6    9   -0.070050   -0.000093
   -2   -1    0    7    9   -0.018998   -0.000272
   -2   -1    0    8    9   -0.028129    0.000343
   -2   -1    0    9    9    0.062414   -0.000034
   -2   -1    0   10    9    0.034361   -0.000099
   -2   -1    0   11    9    0.092994    0.000083
   -2   -1    0   12    9    0.150668    0.001508
   -2   -1    0   13    9   -0.005225    0.000050
   -2   -1    0   14    9   -0.021185    0.000072
   -2   -1    0   15    9    0.020207    0.000067
   -2   -1    0   16    9   -0.042707   -0.000731
   -2   -1    0    1   10    0.091250   -0.000862
   -2   -1    0    2   10   -0.022694   -0.000058
   -2   -1    0    3   10    0.075697   -0.000369
   -2   -1    0    4   10    0.015926   -0.001137
   -2   -1    0    5   10   -0.057310    0.000875
   -2   -1    0    6   10    0.011358    0.000059
   -2   -1    0    7   10    0.034989   -0.000368
   -2   -1    0    8   10    0.025640   -0.001188
   -2   -1    0    9   10   -0.005415    0.000130
   -2   -1    0   10   10   -0.093030    0.000006
   -2   -1    0   11   10    0.022952   -0.000202
   -2   -1    0   12   10   -0.028190    0.000469
   -2   -1    0   13   10    0.007734   -0.000128
   -2   -1    0   14   10    0.083839   -0.000005
   -2   -1    0   15   10    0.010860   -0.000159
   -2   -1    0   16   10    0.007561   -0.000227
   -2   -1    0    1   11   -0.121598   -0.000244
   -2   -1    0    2   11   -0.081850   -0.000124
   -2   -1    0    3   11    0.036225    0.000100
   -2   -1    0    4   11   -0.018597   -0.000130
   -2   -1    0    5   11    0.014834    0.000607
   -2   -1    0    6   11    0.051867    0.000100
   -2   -1    0    7   11    0.025244    0.000031
   -2   -1    0    8   11    0.023924   -0.000083
   -2   -1    0    9   11   -0.074807    0.000067
   -2   -1    0   10   11    0.026846    0.000148
   -2   -1    0   11   11    0.207598   -0.000148
   -2   -1    0   12   11    0.045608   -0.002035
   -2   -1    0   13   11   -0.004591   -0.000087
   -2   -1    0   14   11   -0.008965   -0.000108
   -2   -1    0   15   11    0.095512   -0.000120
   -2   -1    0   16   11    0.035434    0.000986
   -2   -1    0    1   12    0.001392    0.002076
   -2   -1    0    2   12    0.051703    0.004359
   -2   -1    0    3   12    0.009842    0.001593
   -2   -1    0    4   12    0.008473    0.001890
   -2   -1    0    5   12    0.037083   -0.001387
   -2   -1    0    6   12    0.057362   -0.004495
   -2   -1    0    7   12    0.010496    0.001587
   -2   -1    0    8   12    0.011398    0.001891
   -2   -1    0    9   12   -0.091557   -0.001558
   -2   -1    0   10   12    0.019696   -0.000461
   -2   -1    0   11   12    0.089929    0.002103
   -2   -1    0   12   12   -0.193342   -0.000025
   -2   -1    0   13   12   -0.076980    0.001629
   -2   -1    0   14   12   -0.011780    0.000409
   -2   -1    0   15   12   -0.002516    0.001667
   -2   -1    0   16   12    0.119164    0.000005
   -2   -1    0    1   13    0.029009   -0.000074
   -2   -1    0    2   13   -0.007953   -0.000125
   -2   -1    0    3   13    0.045373    0.000343
   -2   -1    0    4   13    0.005841    0.000117
   -2   -1    0    5   13   -0.151897    0.000293
   -2   -1    0    6   13    0.061408    0.000098
   -2   -1    0    7   13    0.046650    0.000394
   -2   -1    0    8   13   -0.037989    0.000152
   -2   -1    0    9   13    0.241940    0.000018
   -2   -1    0   10   13   -0.014988    0.000082
   -2   -1    0   11   13   -0.230613   -0.000043
   -2   -1    0   12   13    0.018460   -0.001585
   -2   -1    0   13   13   -0.014227   -0.000012
   -2   -1    0   14   13   -0.024851   -0.000073
   -2   -1    0   15   13   -0.027613   -0.000026
   -2   -1    0   16   13    0.022721    0.000771
   -2   -1    0    1   14    0.041351    0.000614
   -2   -1    0    2   14    0.025651    0.000024
   -2   -1    0    3   14   -0.094648    0.000583
   -2   -1    0    4   14   -0.068120    0.000606
   -2   -1    0    5   14    0.062412   -0.000618
   -2   -1    0    6   14   -0.020026   -0.000024
   -2   -1    0    7   14   -0.064563    0.000475
   -2   -1    0    8   14   -0.041185    0.000445
   -2   -1    0    9   14    0.036826   -0.000103
   -2   -1    0   10   14    0.281222   -0.000005
   -2   -1    0   11   14    0.004016    0.000162
   -2   -1    0   12   14    0.009805   -0.000416
   -2   -1    0   13   14   -0.004288    0.000100
   -2   -1    0   14   14   -0.125846    0.000004
   -2   -1    0   15   14    0.015535    0.000127
   -2   -1    0   16   14    0.000814    0.000202
   -2   -1    0    1   15   -0.093458   -0.000198
   -2   -1    0    2   15   -0.067904   -0.000107
   -2   -1    0    3   15    0.048603    0.000136
   -2   -1    0    4   15   -0.010665   -0.000166
   -2   -1    0    5   15   -0.042266    0.000472
   -2   -1    0    6   15    0.039326    0.000080
   -2   -1    0    7   15    0.048854    0.000138
   -2   -1    0    8   15   -0.018171   -0.000134
   -2   -1    0    9   15    0.086520    0.000059
   -2   -1    0   10   15    0.025672    0.000108
   -2   -1    0   11   15    0.120168   -0.000120
   -2   -1    0   12   15    0.119445   -0.001614
   -2   -1    0   13   15    0.030938   -0.000061
   -2   -1    0   14   15   -0.023019   -0.000086
   -2   -1    0   15   15    0.102590   -0.000092
   -2   -1    0   16   15    0.029186    0.000783
   -2   -1    0    1   16   -0.023262   -0.000997
   -2   -1    0    2   16   -0.045941   -0.002140
   -2   -1    0    3   16    0.016786   -0.000742
   -2   -1    0    4   16    0.015619   -0.000937
   -2   -1    0    5   16   -0.027798    0.000651
   -2   -1    0    6   16   -0.031620    0.002207
   -2   -1    0    7   16    0.010542   -0.000736
   -2   -1    0    8   16   -0.008630   -0.000925
   -2   -1    0    9   16    0.252416    0.000768
   -2   -1    0   10   16    0.001453    0.000221
   -2   -1    0   11   16    0.153157   -0.001037
   -2   -1    0   12   16   -0.099311    0.000036
   -2   -1    0   13   16   -0.040420   -0.000802
   -2   -1    0   14   16    0.000877   -0.000197
   -2   -1    0   15   16    0.105835   -0.000822
   -2   -1    0   16   16    0.013035   -0.000016
   -2    0    0    1    1   -0.219946   -0.000000
   -2    0    0    2    1   -0.009175    0.010478
   -2    0    0    3    1   -0.017958   -0.000424
   -2    0    0    4    1   -0.193125   -0.002692
   -2    0    0    5    1    0.208720    0.003072
   -2    0    0    6    1   -0.051340   -0.010871
   -2    0    0    7    1   -0.043841   -0.000218
   -2    0    0    8    1   -0.184635   -0.002313
   -2    0    0    9    1    0.038679   -0.000301
   -2    0    0   10    1    0.084961    0.000881
   -2    0    0   11    1   -0.004326    0.000249
   -2    0    0   12    1   -0.019532   -0.002057
   -2    0    0   13    1   -0.064643    0.000076
   -2    0    0   14    1    0.055466   -0.000625
   -2    0    0   15    1   -0.040097    0.000199
   -2    0    0   16    1   -0.005394    0.000984
   -2    0    0    1    2   -0.009175   -0.010478
   -2    0    0    2    2   -0.197265   -0.000000
   -2    0    0    3    2   -0.066016    0.000009
   -2    0    0    4    2   -0.003429   -0.002503
   -2    0    0    5    2   -0.067279    0.010907
   -2    0    0    6    2    0.188234   -0.000056
   -2    0    0    7    2   -0.042862    0.000304
   -2    0    0    8    2    0.079320   -0.001998
   -2    0    0    9    2    0.006728   -0.000115
   -2    0    0   10    2    0.009845    0.000056
   -2    0    0   11    2    0.034668    0.000135
   -2    0    0   12    2   -0.011588   -0.004361
   -2    0    0   13    2   -0.029516    0.000116
   -2    0    0   14    2    0.019918   -0.000022
   -2    0    0   15    2    0.014293    0.000107
   -2    0    0   16    2    0.005887    0.002141
   -2    0    0    1    3   -0.017958    0.000424
   -2    0    0    2    3   -0.066016   -0.000009
   -2    0    0    3    3    0.194945   -0.000000
   -2    0    0    4    3   -0.094552    0.000901
   -2    0    0    5    3    0.018376    0.001023
   -2    0    0    6    3    0.012597    0.000154
   -2    0    0    7    3    0.096880   -0.000129
   -2    0    0    8    3   -0.048186    0.001108
   -2    0    0    9    3    0.028187   -0.000216
   -2    0    0   10    3    0.036890    0.000485
   -2    0    0   11    3   -0.001056    0.000730
   -2    0    0   12    3    0.021142   -0.001692
   -2    0    0   13    3    0.008984    0.000087
   -2    0    0   14    3   -0.090159   -0.000554
   -2    0    0   15    3    0.018250    0.000482
   -2    0    0   16    3   -0.001357    0.000837
   -2    0    0    1    4   -0.193125    0.002692
   -2    0    0    2    4   -0.003429    0.002503
   -2    0    0    3    4   -0.094552   -0.000901
   -2    0    0    4    4    0.502783   -0.000000
   -2    0    0    5    4    0.239812   -0.000645
   -2    0    0    6    4   -0.058402   -0.002023
   -2    0    0    7    4   -0.119137   -0.001027
   -2    0    0    8    4    0.292988    0.000080
   -2    0    0    9    4   -0.022576   -0.000364
   -2    0    0   10    4    0.006319    0.001175
   -2    0    0   11    4   -0.036536    0.000131
   -2    0    0   12    4    0.056875   -0.001901
   -2    0    0   13    4    0.001105   -0.000216
   -2    0    0   14    4   -0.081476   -0.000439
   -2    0    0   15    4   -0.028290    0.000124
   -2    0    0   16    4   -0.032558    0.000933
   -2    0    0    1    5    0.208720   -0.003072
   -2    0    0    2    5   -0.067279   -0.010907
   -2    0    0    3    5    0.018376   -0.001023
   -2    0    0    4    5    0.239812    0.000645
   -2    0    0    5    5   -0.247554   -0.000000
   -2    0    0    6    5    0.078793    0.011283
   -2    0    0    7    5    0.054310   -0.000684
   -2    0    0    8    5    0.270383    0.000994
   -2    0    0    9    5    0.049120    0.000560
   -2    0    0   10    5   -0.065694   -0.000876
   -2    0    0   11    5   -0.060553   -0.000646
   -2    0    0   12    5   -0.049524    0.001367
   -2    0    0   13    5   -0.053267   -0.000341
   -2    0    0   14    5   -0.008753    0.000622
   -2    0    0   15    5   -0.017484   -0.000516
   -2    0    0   16    5    0.032733   -0.000638
   -2    0    0    1    6   -0.051340    0.010871
   -2    0    0    2    6    0.188234    0.000056
   -2    0    0    3    6    0.012597   -0.000154
   -2    0    0    4    6   -0.058402    0.002023
   -2    0    0    5    6    0.078793   -0.011283
   -2    0    0    6    6   -0.209309   -0.000000
   -2    0    0    7    6    0.069976    0.000139
   -2    0    0    8    6    0.051693    0.002517
   -2    0    0    9    6    0.097166    0.000091
   -2    0    0   10    6   -0.016959   -0.000056
   -2    0    0   11    6    0.062926   -0.000100
   -2    0    0   12    6    0.023838    0.004494
   -2    0    0   13    6   -0.058203   -0.000107
   -2    0    0   14    6   -0.000960    0.000022
   -2    0    0   15    6    0.042525   -0.000087
   -2    0    0   16    6    0.002995   -0.002206
   -2    0    0    1    7   -0.043841    0.000218
   -2    0    0    2    7   -0.042862   -0.000304
   -2    0    0    3    7    0.096880    0.000129
   -2    0    0    4    7   -0.119137    0.001027
   -2    0    0    5    7    0.054310    0.000684
   -2    0    0    6    7    0.069976   -0.000139
   -2    0    0    7    7    0.211764   -0.000000
   -2    0    0    8    7   -0.097669    0.000468
   -2    0    0    9    7    0.061888   -0.000040
   -2    0    0   10    7   -0.008504    0.000439
   -2    0    0   11    7    0.107096    0.000486
   -2    0    0   12    7   -0.020289   -0.001667
   -2    0    0   13    7   -0.064416   -0.000013
   -2    0    0   14    7    0.008669   -0.000646
   -2    0    0   15    7    0.050288    0.000315
   -2    0    0   16    7    0.002630    0.000819
   -2    0    0    1    8   -0.184635    0.002313
   -2    0    0    2    8    0.079320    0.001998
   -2    0    0    3    8   -0.048186   -0.001108
   -2    0    0    4    8    0.292988   -0.000080
   -2    0    0    5    8    0.270383   -0.000994
   -2    0    0    6    8    0.051693   -0.002517
   -2    0    0    7    8   -0.097669   -0.000468
   -2    0    0    8    8    0.404563   -0.000000
   -2    0    0    9    8    0.027455   -0.000323
   -2    0    0   10    8   -0.023983    0.001126
   -2    0    0   11    8    0.054973    0.000093
   -2    0    0   12    8    0.044289   -0.001881
   -2    0    0   13    8   -0.046306   -0.000008
   -2    0    0   14    8    0.025940   -0.000619
   -2    0    0   15    8    0.015959    0.000206
   -2    0    0   16    8   -0.017175    0.000919
   -2    0    0    1    9    0.038679    0.000301
   -2    0    0    2    9    0.006728    0.000115
   -2    0    0    3    9    0.028187    0.000216
   -2    0    0    4    9   -0.022576    0.000364
   -2    0    0    5    9    0.049120   -0.000560
   -2    0    0    6    9    0.097166   -0.000091
   -2    0    0    7    9    0.061888    0.000040
   -2    0    0    8    9    0.027455    0.000323
   -2    0    0    9    9    0.101612   -0.000000
   -2    0    0   10    9   -0.021155   -0.000119
   -2    0    0   11    9    0.064830    0.000008
   -2    0    0   12    9    0.004696    0.001546
   -2    0    0   13    9   -0.219846    0.000010
   -2    0    0   14    9    0.010005    0.000091
   -2    0    0   15    9   -0.003643    0.000003
   -2    0    0   16    9   -0.005544   -0.000764
   -2    0    0    1   10    0.084961   -0.000881
   -2    0    0    2   10    0.009845   -0.000056
   -2    0    0    3   10    0.036890   -0.000485
   -2    0    0    4   10    0.006319   -0.001175
   -2    0    0    5   10   -0.065694    0.000876
   -2    0    0    6   10   -0.016959    0.000056
   -2    0    0    7   10   -0.008504   -0.000439
   -2    0    0    8   10   -0.023983   -0.001126
   -2    0    0    9   10   -0.021155    0.000119
   -2    0    0   10   10   -0.223853    0.000000
   -2    0    0   11   10   -0.024956   -0.000181
   -2    0    0   12   10   -0.018163    0.000446
   -2    0    0   13   10    0.077378   -0.000109
   -2    0    0   14   10    0.115608   -0.000000
   -2    0    0   15   10    0.000708   -0.000138
   -2    0    0   16   10    0.001978   -0.000213
   -2    0    0    1   11   -0.004326   -0.000249
   -2    0    0    2   11    0.034668   -0.000135
   -2    0    0    3   11   -0.001056   -0.000730
   -2    0    0    4   11   -0.036536   -0.000131
   -2    0    0    5   11   -0.060553    0.000646
   -2    0    0    6   11    0.062926    0.000100
   -2    0    0    7   11    0.107096   -0.000486
   -2    0    0    8   11    0.054973   -0.000093
   -2    0    0    9   11    0.064830   -0.000008
   -2    0    0   10   11   -0.024956    0.000181
   -2    0    0   11   11    0.274353   -0.000000
   -2    0    0   12   11    0.001059   -0.002102
   -2    0    0   13   11    0.373893   -0.000006
   -2    0    0   14   11    0.050176   -0.000141
   -2    0    0   15   11    0.442536    0.000005
   -2    0    0   16   11    0.000161    0.001043
   -2    0    0    1   12   -0.019532    0.002057
   -2    0    0    2   12   -0.011588    0.004361
   -2    0    0    3   12    0.021142    0.001692
   -2    0    0    4   12    0.056875    0.001901
   -2    0    0    5   12   -0.049524   -0.001367
   -2    0    0    6   12    0.023838   -0.004494
   -2    0    0    7   12   -0.020289    0.001667
   -2    0    0    8   12    0.044289    0.001881
   -2    0    0    9   12    0.004696   -0.001546
   -2    0    0   10   12   -0.018163   -0.000446
   -2    0    0   11   12    0.001059    0.002102
   -2    0    0   12   12   -0.673872    0.000000
   -2    0    0   13   12    0.002682    0.001607
   -2    0    0   14   12    0.013652    0.000397
   -2    0    0   15   12   -0.001767    0.001664
   -2    0    0   16   12    0.275501   -0.000015
   -2    0    0    1   13   -0.064643   -0.000076
   -2    0    0    2   13   -0.029516   -0.000116
   -2    0    0    3   13    0.008984   -0.000087
   -2    0    0    4   13    0.001105    0.000216
   -2    0    0    5   13   -0.053267    0.000341
   -2    0    0    6   13   -0.058203    0.000107
   -2    0    0    7   13   -0.064416    0.000013
   -2    0    0    8   13   -0.046306    0.000008
   -2    0    0    9   13   -0.219846   -0.000010
   -2    0    0   10   13    0.077378    0.000109
   -2    0    0   11   13    0.373893    0.000006
   -2    0    0   12   13    0.002682   -0.001607
   -2    0    0   13   13   -0.093599   -0.000000
   -2    0    0   14   13   -0.087000   -0.000089
   -2    0    0   15   13    0.070588    0.000006
   -2    0    0   16   13    0.002495    0.000792
   -2    0    0    1   14    0.055466    0.000625
   -2    0    0    2   14    0.019918    0.000022
   -2    0    0    3   14   -0.090159    0.000554
   -2    0    0    4   14   -0.081476    0.000439
   -2    0    0    5   14   -0.008753   -0.000622
   -2    0    0    6   14   -0.000960   -0.000022
   -2    0    0    7   14    0.008669    0.000646
   -2    0    0    8   14    0.025940    0.000619
   -2    0    0    9   14    0.010005   -0.000091
   -2    0    0   10   14    0.115608    0.000000
   -2    0    0   11   14    0.050176    0.000141
   -2    0    0   12   14    0.013652   -0.000397
   -2    0    0   13   14   -0.087000    0.000089
   -2    0    0   14   14   -0.142136   -0.000000
   -2    0    0   15   14    0.010599    0.000111
   -2    0    0   16   14   -0.004031    0.000190
   -2    0    0    1   15   -0.040097   -0.000199
   -2    0    0    2   15    0.014293   -0.000107
   -2    0    0    3   15    0.018250   -0.000482
   -2    0    0    4   15   -0.028290   -0.000124
   -2    0    0    5   15   -0.017484    0.000516
   -2    0    0    6   15    0.042525    0.000087
   -2    0    0    7   15    0.050288   -0.000315
   -2    0    0    8   15    0.015959   -0.000206
   -2    0    0    9   15   -0.003643   -0.000003
   -2    0    0   10   15    0.000708    0.000138
   -2    0    0   11   15    0.442536   -0.000005
   -2    0    0   12   15   -0.001767   -0.001664
   -2    0    0   13   15    0.070588   -0.000006
   -2    0    0   14   15    0.010599   -0.000111
   -2    0    0   15   15    0.280338   -0.000000
   -2    0    0   16   15    0.002771    0.000827
   -2    0    0    1   16   -0.005394   -0.000984
   -2    0    0    2   16    0.005887   -0.002141
   -2    0    0    3   16   -0.001357   -0.000837
   -2    0    0    4   16   -0.032558   -0.000933
   -2    0    0    5   16    0.032733    0.000638
   -2    0    0    6   16    0.002995    0.002206
   -2    0    0    7   16    0.002630   -0.000819
   -2    0    0    8   16   -0.017175   -0.000919
   -2    0    0    9   16   -0.005544    0.000764
   -2    0    0   10   16    0.001978    0.000213
   -2    0    0   11   16    0.000161   -0.001043
   -2    0    0   12   16    0.275501    0.000015
   -2    0    0   13   16    0.002495   -0.000792
   -2    0    0   14   16   -0.004031   -0.000190
   -2    0    0   15   16    0.002771   -0.000827
   -2    0    0   16   16   -0.127841   -0.000000
   -1   -2    0    1    1    0.216694    0.000014
   -1   -2    0    2    1    0.072995    0.010478
   -1   -2    0    3    1    0.028660   -0.001764
   -1   -2    0    4    1    0.211821   -0.000236
   -1   -2    0    5    1    0.196183    0.003033
   -1   -2    0    6    1    0.008330   -0.010872
   -1   -2    0    7    1   -0.220024   -0.002092
   -1   -2    0    8    1    0.094798   -0.000562
   -1   -2    0    9    1   -0.043279   -0.000368
   -1   -2    0   10    1   -0.074739    0.000868
   -1   -2    0   11    1   -0.108152    0.000347
   -1   -2    0   12    1   -0.001347   -0.002059
   -1   -2    0   13    1    0.028536    0.000123
   -1   -2    0   14    1   -0.006508   -0.000614
   -1   -2    0   15    1   -0.116751    0.000267
   -1   -2    0   16    1    0.047612    0.000986
   -1   -2    0    1    2   -0.043906   -0.010480
   -1   -2    0    2    2   -0.128109   -0.000000
   -1   -2    0    3    2   -0.001657   -0.001457
   -1   -2    0    4    2    0.010537    0.000996
   -1   -2    0    5    2    0.015478    0.010908
   -1   -2    0    6    2    0.198186   -0.000056
   -1   -2    0    7    2   -0.020401   -0.001719
   -1   -2    0    8    2   -0.038973    0.000538
   -1   -2    0    9    2    0.041816   -0.000122
   -1   -2    0   10    2   -0.025537    0.000057
   -1   -2    0   11    2    0.015303    0.000141
   -1   -2    0   12    2   -0.096398   -0.004358
   -1   -2    0   13    2   -0.005285    0.000104
   -1   -2    0   14    2    0.003270   -0.000022
   -1   -2    0   15    2    0.031514    0.000101
   -1   -2    0   16    2    0.082049    0.002139
   -1   -2    0    1    3   -0.005726    0.001670
   -1   -2    0    2    3    0.009797    0.001450
   -1   -2    0    3    3    0.027303   -0.000159
   -1   -2    0    4    3   -0.067062   -0.000545
   -1   -2    0    5    3    0.172816   -0.000452
   -1   -2    0    6    3    0.055810   -0.001770
   -1   -2    0    7    3    0.190234    0.000003
   -1   -2    0    8    3   -0.159528   -0.000862
   -1   -2    0    9    3    0.030204   -0.000361
   -1   -2    0   10    3    0.026073    0.000827
   -1   -2    0   11    3    0.008103    0.000270
   -1   -2    0   12    3    0.024888   -0.001584
   -1   -2    0   13    3    0.006289    0.000199
   -1   -2    0   14    3    0.012563   -0.000463
   -1   -2    0   15    3    0.015437    0.000317
   -1   -2    0   16    3   -0.022828    0.000768
   -1   -2    0    1    4    0.029824    0.000581
   -1   -2    0    2    4    0.005209   -0.001019
   -1   -2    0    3    4   -0.083078    0.000786
   -1   -2    0    4    4    0.051562    0.000178
   -1   -2    0    5    4   -0.088869    0.000420
   -1   -2    0    6    4    0.040255    0.000333
   -1   -2    0    7    4   -0.281284    0.000775
   -1   -2    0    8    4    0.147105   -0.000172
   -1   -2    0    9    4    0.063644   -0.000218
   -1   -2    0   10    4    0.002054    0.000292
   -1   -2    0   11    4   -0.009669    0.000946
   -1   -2    0   12    4   -0.021177   -0.001938
   -1   -2    0   13    4    0.015307    0.000087
   -1   -2    0   14    4    0.033776   -0.000787
   -1   -2    0   15    4   -0.007841    0.000544
   -1   -2    0   16    4    0.038490    0.000944
   -1   -2    0    1    5   -0.199459   -0.003011
   -1   -2    0    2    5   -0.072503   -0.010913
   -1   -2    0    3    5    0.013394    0.000833
   -1   -2    0    4    5    0.055980   -0.001080
   -1   -2    0    5    5    0.226409   -0.000000
   -1   -2    0    6    5   -0.037505    0.011283
   -1   -2    0    7    5    0.034861    0.000755
   -1   -2    0    8    5    0.076644   -0.001429
   -1   -2    0    9    5    0.016159    0.000566
   -1   -2    0   10    5    0.067204   -0.000866
   -1   -2    0   11    5   -0.148449   -0.000659
   -1   -2    0   12    5    0.009572    0.001401
   -1   -2    0   13    5   -0.063471   -0.000349
   -1   -2    0   14    5    0.018334    0.000608
   -1   -2    0   15    5   -0.096096   -0.000526
   -1   -2    0   16    5    0.012864   -0.000661
   -1   -2    0    1    6    0.027204    0.010868
   -1   -2    0    2    6    0.160316    0.000056
   -1   -2    0    3    6   -0.018229    0.001757
   -1   -2    0    4    6    0.047345   -0.000331
   -1   -2    0    5    6    0.076751   -0.011281
   -1   -2    0    6    6   -0.135547   -0.000000
   -1   -2    0    7    6   -0.010014    0.001501
   -1   -2    0    8    6    0.000913   -0.000789
   -1   -2    0    9    6   -0.003403    0.000105
   -1   -2    0   10    6    0.000088   -0.000057
   -1   -2    0   11    6   -0.021921   -0.000114
   -1   -2    0   12    6    0.046803    0.004496
   -1   -2    0   13    6    0.013639   -0.000091
   -1   -2    0   14    6   -0.004754    0.000023
   -1   -2    0   15    6   -0.010829   -0.000082
   -1   -2    0   16    6    0.000352   -0.002207
   -1   -2    0    1    7   -0.020485    0.001810
   -1   -2    0    2    7   -0.008229    0.001726
   -1   -2    0    3    7    0.106862    0.000089
   -1   -2    0    4    7    0.059393   -0.001143
   -1   -2    0    5    7    0.042240   -0.000279
   -1   -2    0    6    7    0.002598   -0.001512
   -1   -2    0    7    7    0.009510    0.000139
   -1   -2    0    8    7   -0.061754   -0.000747
   -1   -2    0    9    7    0.029006   -0.000543
   -1   -2    0   10    7    0.007148    0.000870
   -1   -2    0   11    7   -0.063748    0.000527
   -1   -2    0   12    7    0.030474   -0.001600
   -1   -2    0   13    7   -0.000604    0.000299
   -1   -2    0   14    7   -0.024713   -0.000373
   -1   -2    0   15    7   -0.025232    0.000494
   -1   -2    0   16    7   -0.029887    0.000781
   -1   -2    0    1    8    0.015293    0.000902
   -1   -2    0    2    8   -0.071748   -0.000526
   -1   -2    0    3    8    0.060729    0.001020
   -1   -2    0    4    8    0.006635   -0.000071
   -1   -2    0    5    8   -0.152253    0.000661
   -1   -2    0    6    8    0.023789    0.000794
   -1   -2    0    7    8   -0.086481    0.000411
   -1   -2    0    8    8   -0.016190   -0.000116
   -1   -2    0    9    8    0.008582   -0.000166
   -1   -2    0   10    8    0.051642    0.000357
   -1   -2    0   11    8    0.029038    0.000868
   -1   -2    0   12    8    0.020466   -0.001953
   -1   -2    0   13    8    0.007936   -0.000075
   -1   -2    0   14    8   -0.025037   -0.000626
   -1   -2    0   15    8    0.017526    0.000445
   -1   -2    0   16    8   -0.013637    0.000954
   -1   -2    0    1    9    0.041062    0.000348
   -1   -2    0    2    9    0.008916    0.000127
   -1   -2    0    3    9    0.031354    0.000503
   -1   -2    0    4    9   -0.038486    0.000003
   -1   -2    0    5    9   -0.041805   -0.000566
   -1   -2    0    6    9    0.026965   -0.000101
   -1   -2    0    7    9    0.045618    0.000632
   -1   -2    0    8    9   -0.044248    0.000019
   -1   -2    0    9    9   -0.162162   -0.000007
   -1   -2    0   10    9    0.046971   -0.000110
   -1   -2    0   11    9   -0.065410    0.000011
   -1   -2    0   12    9    0.098552    0.001519
   -1   -2    0   13    9   -0.149902    0.000024
   -1   -2    0   14    9   -0.017163    0.000084
   -1   -2    0   15    9   -0.045340    0.000006
   -1   -2    0   16    9    0.019076   -0.000735
   -1   -2    0    1   10    0.015778   -0.000867
   -1   -2    0    2   10   -0.020836   -0.000057
   -1   -2    0    3   10    0.032729   -0.000794
   -1   -2    0    4   10   -0.061517   -0.000361
   -1   -2    0    5   10   -0.156205    0.000863
   -1   -2    0    6   10    0.011150    0.000057
   -1   -2    0    7   10    0.028841   -0.000830
   -1   -2    0    8   10    0.057166   -0.000403
   -1   -2    0    9   10    0.047085    0.000107
   -1   -2    0   10   10    0.194304    0.000000
   -1   -2    0   11   10    0.008030   -0.000165
   -1   -2    0   12   10   -0.009709    0.000481
   -1   -2    0   13   10   -0.021518   -0.000110
   -1   -2    0   14   10   -0.048791    0.000000
   -1   -2    0   15   10    0.003571   -0.000131
   -1   -2    0   16   10   -0.014481   -0.000237
   -1   -2    0    1   11   -0.089784   -0.000334
   -1   -2    0    2   11   -0.015561   -0.000146
   -1   -2    0    3   11   -0.029575   -0.000510
   -1   -2    0    4   11   -0.017238   -0.000635
   -1   -2    0    5   11   -0.095560    0.000659
   -1   -2    0    6   11   -0.000705    0.000107
   -1   -2    0    7   11   -0.045096   -0.000673
   -1   -2    0    8   11    0.078872   -0.000603
   -1   -2    0    9   11   -0.054262    0.000014
   -1   -2    0   10   11    0.015864    0.000169
   -1   -2    0   11   11    0.137697   -0.000020
   -1   -2    0   12   11   -0.007662   -0.002037
   -1   -2    0   13   11   -0.032258   -0.000023
   -1   -2    0   14   11   -0.011222   -0.000130
   -1   -2    0   15   11    0.067266   -0.000003
   -1   -2    0   16   11    0.021922    0.000982
   -1   -2    0    1   12   -0.041320    0.002063
   -1   -2    0    2   12    0.003661    0.004357
   -1   -2    0    3   12    0.010136    0.001577
   -1   -2    0    4   12    0.004190    0.001964
   -1   -2    0    5   12   -0.027726   -0.001400
   -1   -2    0    6   12    0.066353   -0.004495
   -1   -2    0    7   12    0.023243    0.001594
   -1   -2    0    8   12   -0.026268    0.001973
   -1   -2    0    9   12   -0.093674   -0.001520
   -1   -2    0   10   12   -0.017787   -0.000482
   -1   -2    0   11   12    0.001747    0.002037
   -1   -2    0   12   12    0.310814   -0.000000
   -1   -2    0   13   12    0.018919    0.001597
   -1   -2    0   14   12   -0.008588    0.000426
   -1   -2    0   15   12    0.051490    0.001614
   -1   -2    0   16   12    0.032965   -0.000015
   -1   -2    0    1   13   -0.072793   -0.000132
   -1   -2    0    2   13    0.042351   -0.000101
   -1   -2    0    3   13   -0.028307    0.000029
   -1   -2    0    4   13   -0.018183   -0.000445
   -1   -2    0    5   13   -0.018668    0.000340
   -1   -2    0    6   13   -0.026980    0.000091
   -1   -2    0    7   13   -0.035837   -0.000096
   -1   -2    0    8   13   -0.005165   -0.000402
   -1   -2    0    9   13   -0.152921   -0.000031
   -1   -2    0   10   13   -0.025122    0.000102
   -1   -2    0   11   13   -0.015925    0.000037
   -1   -2    0   12   13   -0.019318   -0.001598
   -1   -2    0   13   13   -0.262208   -0.000022
   -1   -2    0   14   13    0.025151   -0.000083
   -1   -2    0   15   13   -0.071207    0.000013
   -1   -2    0   16   13    0.092971    0.000777
   -1   -2    0    1   14    0.024355    0.000610
   -1   -2    0    2   14    0.008836    0.000022
   -1   -2    0    3   14   -0.022197    0.000453
   -1   -2    0    4   14   -0.035435    0.000802
   -1   -2    0    5   14    0.019836   -0.000605
   -1   -2    0    6   14   -0.006693   -0.000023
   -1   -2    0    7   14   -0.018766    0.000372
   -1   -2    0    8   14   -0.093499    0.000629
   -1   -2    0    9   14   -0.016513   -0.000083
   -1   -2    0   10   14   -0.047904   -0.000000
   -1   -2    0   11   14   -0.005860    0.000128
   -1   -2    0   12   14    0.025214   -0.000426
   -1   -2    0   13   14    0.016162    0.000082
   -1   -2    0   14   14    0.059719    0.000000
   -1   -2    0   15   14    0.003611    0.000101
   -1   -2    0   16   14   -0.003113    0.000210
   -1   -2    0    1   15   -0.059956   -0.000268
   -1   -2    0    2   15    0.005139   -0.000101
   -1   -2    0    3   15   -0.029577   -0.000312
   -1   -2    0    4   15   -0.051291   -0.000596
   -1   -2    0    5   15   -0.085417    0.000520
   -1   -2    0    6   15    0.004687    0.000078
   -1   -2    0    7   15   -0.011082   -0.000457
   -1   -2    0    8   15    0.038600   -0.000565
   -1   -2    0    9   15   -0.046047    0.000001
   -1   -2    0   10   15    0.005110    0.000129
   -1   -2    0   11   15    0.066410   -0.000007
   -1   -2    0   12   15   -0.055472   -0.001615
   -1   -2    0   13   15   -0.073313   -0.000029
   -1   -2    0   14   15    0.000503   -0.000101
   -1   -2    0   15   15   -0.007740   -0.000006
   -1   -2    0   16   15   -0.053794    0.000779
   -1   -2    0    1   16   -0.029274   -0.000990
   -1   -2    0    2   16   -0.008585   -0.002138
   -1   -2    0    3   16   -0.013558   -0.000767
   -1   -2    0    4   16   -0.008034   -0.000948
   -1   -2    0    5   16   -0.017815    0.000664
   -1   -2    0    6   16   -0.085732    0.002207
   -1   -2    0    7   16    0.004814   -0.000781
   -1   -2    0    8   16    0.048756   -0.000947
   -1   -2    0    9   16   -0.024198    0.000737
   -1   -2    0   10   16    0.022423    0.000238
   -1   -2    0   11   16   -0.010021   -0.000983
   -1   -2    0   12   16    0.046313    0.000015
   -1   -2    0   13   16   -0.098682   -0.000775
   -1   -2    0   14   16   -0.004476   -0.000209
   -1   -2    0   15   16    0.060707   -0.000778
   -1   -2    0   16   16    0.253789    0.000000
   -1   -1    0    1    1   -1.134437    0.000067
   -1   -1    0    2    1   -0.081867    0.010466
   -1   -1    0    3    1    0.874540   -0.001677
   -1   -1    0    4    1    0.552985   -0.000704
   -1   -1    0    5    1   -0.453939    0.003068
   -1   -1    0    6    1   -0.013228   -0.010862
   -1   -1    0    7    1   -0.252760   -0.001418
   -1   -1    0    8    1   -0.140158   -0.000078
   -1   -1    0    9    1    0.166212   -0.000363
   -1   -1    0   10    1   -0.094100    0.000873
   -1   -1    0   11    1   -0.061263    0.000347
   -1   -1    0   12    1   -0.113612   -0.002049
   -1   -1    0   13    1   -0.111119    0.000151
   -1   -1    0   14    1    0.079283   -0.000624
   -1   -1    0   15    1    0.001070    0.000283
   -1   -1    0   16    1    0.091778    0.000975
   -1   -1    0    1    2   -0.024920   -0.010482
   -1   -1    0    2    2    0.003018    0.000000
   -1   -1    0    3    2    0.054408   -0.001634
   -1   -1    0    4    2   -0.059582    0.000537
   -1   -1    0    5    2   -0.052075    0.010899
   -1   -1    0    6    2   -0.039763   -0.000056
   -1   -1    0    7    2    0.034848   -0.001370
   -1   -1    0    8    2   -0.034772    0.001003
   -1   -1    0    9    2    0.040541   -0.000121
   -1   -1    0   10    2    0.016525    0.000059
   -1   -1    0   11    2   -0.052105    0.000138
   -1   -1    0   12    2    0.101588   -0.004359
   -1   -1    0   13    2   -0.043418    0.000102
   -1   -1    0   14    2    0.010063   -0.000023
   -1   -1    0   15    2   -0.042697    0.000097
   -1   -1    0   16    2   -0.029929    0.002140
   -1   -1    0    1    3   -0.021388    0.001699
   -1   -1    0    2    3    0.049786    0.001646
   -1   -1    0    3    3   -0.121881   -0.000062
   -1   -1    0    4    3    0.288148   -0.000916
   -1   -1    0    5    3    0.354484   -0.000018
   -1   -1    0    6    3   -0.090795   -0.001412
   -1   -1    0    7    3    0.021872    0.000229
   -1   -1    0    8    3    0.339644   -0.000557
   -1   -1    0    9    3    0.036780   -0.000814
   -1   -1    0   10    3    0.012777    0.000934
   -1   -1    0   11    3   -0.011180    0.001015
   -1   -1    0   12    3    0.019831   -0.001667
   -1   -1    0   13    3    0.065686    0.000576
   -1   -1    0   14    3    0.016590   -0.000437
   -1   -1    0   15    3    0.002095    0.000899
   -1   -1    0   16    3    0.028067    0.000836
   -1   -1    0    1    4   -0.993063    0.000765
   -1   -1    0    2    4   -0.089630   -0.000504
   -1   -1    0    3    4    1.249914    0.001203
   -1   -1    0    4    4    0.787686    0.000148
   -1   -1    0    5    4    0.221459    0.000812
   -1   -1    0    6    4    0.007584    0.000785
   -1   -1    0    7    4    0.356357    0.000473
   -1   -1    0    8    4   -0.380673   -0.000066
   -1   -1    0    9    4    0.078404   -0.000233
   -1   -1    0   10    4   -0.124351    0.000362
   -1   -1    0   11    4    0.105314    0.000958
   -1   -1    0   12    4    0.023442   -0.001949
   -1   -1    0   13    4   -0.143822   -0.000065
   -1   -1    0   14    4   -0.034305   -0.000610
   -1   -1    0   15    4    0.063901    0.000483
   -1   -1    0   16    4   -0.012545    0.000948
   -1   -1    0    1    5   -0.486844   -0.003095
   -1   -1    0    2    5   -0.050810   -0.010899
   -1   -1    0    3    5   -0.015027    0.000393
   -1   -1    0    4    5   -0.362273   -0.001367
   -1   -1    0    5    5   -1.143804    0.000037
   -1   -1    0    6    5    0.065253    0.011293
   -1   -1    0    7    5    0.164299    0.000660
   -1   -1    0    8    5    1.062617   -0.001098
   -1   -1    0    9    5    0.139377    0.000605
   -1   -1    0   10    5   -0.237359   -0.000865
   -1   -1    0   11    5    0.018775   -0.000720
   -1   -1    0   12    5   -0.051517    0.001387
   -1   -1    0   13    5   -0.147925   -0.000387
   -1   -1    0   14    5    0.015164    0.000613
   -1   -1    0   15    5    0.068620   -0.000574
   -1   -1    0   16    5    0.054722   -0.000652
   -1   -1    0    1    6   -0.041805    0.010862
   -1   -1    0    2    6   -0.045507    0.000056
   -1   -1    0    3    6   -0.080462    0.001394
   -1   -1    0    4    6   -0.005252   -0.000792
   -1   -1    0    5    6    0.003294   -0.011278
   -1   -1    0    6    6   -0.006541    0.000000
   -1   -1    0    7    6   -0.070895    0.001682
   -1   -1    0    8    6    0.098874   -0.000306
   -1   -1    0    9    6   -0.017325    0.000105
   -1   -1    0   10    6    0.019929   -0.000058
   -1   -1    0   11    6    0.098779   -0.000112
   -1   -1    0   12    6   -0.005508    0.004497
   -1   -1    0   13    6    0.027550   -0.000084
   -1   -1    0   14    6    0.008407    0.000023
   -1   -1    0   15    6    0.075939   -0.000076
   -1   -1    0   16    6    0.014804   -0.002208
   -1   -1    0    1    7    0.058536    0.001520
   -1   -1    0    2    7    0.087783    0.001344
   -1   -1    0    3    7   -0.494457    0.000259
   -1   -1    0    4    7   -0.003426   -0.000920
   -1   -1    0    5    7   -0.863274   -0.000145
   -1   -1    0    6    7   -0.078174   -0.001669
   -1   -1    0    7    7   -0.102469    0.000556
   -1   -1    0    8    7    1.282089   -0.001259
   -1   -1    0    9    7   -0.042023   -0.000784
   -1   -1    0   10    7    0.037319    0.000907
   -1   -1    0   11    7   -0.072534    0.000976
   -1   -1    0   12    7    0.003242   -0.001667
   -1   -1    0   13    7    0.035467    0.000608
   -1   -1    0   14    7    0.034765   -0.000548
   -1   -1    0   15    7   -0.045453    0.000893
   -1   -1    0   16    7    0.019220    0.000838
   -1   -1    0    1    8    0.363041    0.000672
   -1   -1    0    2    8    0.054376   -0.001017
   -1   -1    0    3    8   -0.007828    0.000862
   -1   -1    0    4    8    0.165258   -0.000001
   -1   -1    0    5    8   -0.523230    0.000349
   -1   -1    0    6    8    0.052906    0.000330
   -1   -1    0    7    8    0.164725    0.000834
   -1   -1    0    8    8    0.774321   -0.000379
   -1   -1    0    9    8    0.083733   -0.000189
   -1   -1    0   10    8   -0.085918    0.000295
   -1   -1    0   11    8    0.030000    0.000888
   -1   -1    0   12    8   -0.042024   -0.001947
   -1   -1    0   13    8   -0.023014    0.000039
   -1   -1    0   14    8    0.018272   -0.000791
   -1   -1    0   15    8    0.021537    0.000490
   -1   -1    0   16    8    0.036680    0.000951
   -1   -1    0    1    9    0.093787    0.000281
   -1   -1    0    2    9    0.135242    0.000130
   -1   -1    0    3    9   -0.096995   -0.000128
   -1   -1    0    4    9   -0.038344    0.000031
   -1   -1    0    5    9    0.092501   -0.000509
   -1   -1    0    6    9   -0.046132   -0.000103
   -1   -1    0    7    9   -0.079209   -0.000155
   -1   -1    0    8    9   -0.005419   -0.000006
   -1   -1    0    9    9   -0.610831   -0.000047
   -1   -1    0   10    9   -0.049380   -0.000090
   -1   -1    0   11    9    0.064428    0.000088
   -1   -1    0   12    9    0.443386    0.001510
   -1   -1    0   13    9   -0.094198    0.000043
   -1   -1    0   14    9    0.006772    0.000075
   -1   -1    0   15    9   -0.144123    0.000065
   -1   -1    0   16    9   -0.142282   -0.000733
   -1   -1    0    1   10   -0.095121   -0.000865
   -1   -1    0    2   10   -0.062952   -0.000058
   -1   -1    0    3   10    0.174747   -0.000839
   -1   -1    0    4   10    0.121077   -0.000406
   -1   -1    0    5   10   -0.165844    0.000867
   -1   -1    0    6   10    0.034252    0.000059
   -1   -1    0    7   10    0.096948   -0.000805
   -1   -1    0    8   10    0.034364   -0.000362
   -1   -1    0    9   10   -0.068032    0.000128
   -1   -1    0   10   10   -0.538346    0.000006
   -1   -1    0   11   10   -0.010561   -0.000201
   -1   -1    0   12   10   -0.041238    0.000470
   -1   -1    0   13   10    0.004829   -0.000127
   -1   -1    0   14   10    0.187609   -0.000005
   -1   -1    0   15   10   -0.027169   -0.000160
   -1   -1    0   16   10   -0.000451   -0.000228
   -1   -1    0    1   11    0.000449   -0.000226
   -1   -1    0    2   11    0.017793   -0.000148
   -1   -1    0    3   11    0.028423    0.000391
   -1   -1    0    4   11    0.048637   -0.000621
   -1   -1    0    5   11   -0.056042    0.000569
   -1   -1    0    6   11    0.067000    0.000113
   -1   -1    0    7   11    0.063297    0.000401
   -1   -1    0    8   11   -0.030279   -0.000624
   -1   -1    0    9   11   -0.099797    0.000079
   -1   -1    0   10   11   -0.019895    0.000137
   -1   -1    0   11   11   -0.309719   -0.000158
   -1   -1    0   12   11    0.444502   -0.002036
   -1   -1    0   13   11    0.121466   -0.000076
   -1   -1    0   14   11   -0.037265   -0.000113
   -1   -1    0   15   11   -0.022603   -0.000118
   -1   -1    0   16   11    0.017691    0.000989
   -1   -1    0    1   12    0.006091    0.002071
   -1   -1    0    2   12    0.042340    0.004359
   -1   -1    0    3   12   -0.000249    0.001545
   -1   -1    0    4   12   -0.023479    0.001979
   -1   -1    0    5   12    0.039652   -0.001384
   -1   -1    0    6   12    0.021203   -0.004495
   -1   -1    0    7   12   -0.004695    0.001534
   -1   -1    0    8   12    0.020128    0.001957
   -1   -1    0    9   12   -0.712140   -0.001557
   -1   -1    0   10   12    0.026635   -0.000461
   -1   -1    0   11   12    0.437631    0.002101
   -1   -1    0   12   12    0.166718   -0.000025
   -1   -1    0   13   12   -0.058981    0.001629
   -1   -1    0   14   12   -0.015336    0.000409
   -1   -1    0   15   12    0.018337    0.001666
   -1   -1    0   16   12   -0.033011    0.000005
   -1   -1    0    1   13   -0.093863   -0.000084
   -1   -1    0    2   13   -0.078395   -0.000091
   -1   -1    0    3   13    0.104133    0.000682
   -1   -1    0    4   13    0.040883   -0.000360
   -1   -1    0    5   13   -0.103889    0.000305
   -1   -1    0    6   13    0.044934    0.000084
   -1   -1    0    7   13   -0.018366    0.000596
   -1   -1    0    8   13    0.060670   -0.000428
   -1   -1    0    9   13   -0.065418    0.000001
   -1   -1    0   10   13    0.023149    0.000094
   -1   -1    0   11   13   -0.109608   -0.000023
   -1   -1    0   12   13    1.164339   -0.001579
   -1   -1    0   13   13   -0.475032   -0.000036
   -1   -1    0   14   13    0.005719   -0.000065
   -1   -1    0   15   13    0.094777   -0.000030
   -1   -1    0   16   13    0.451811    0.000770
   -1   -1    0    1   14    0.084389    0.000612
   -1   -1    0    2   14    0.028875    0.000023
   -1   -1    0    3   14    0.026525    0.000372
   -1   -1    0    4   14   -0.097676    0.000632
   -1   -1    0    5   14    0.095946   -0.000620
   -1   -1    0    6   14   -0.010169   -0.000024
   -1   -1    0    7   14   -0.047935    0.000463
   -1   -1    0    8   14   -0.080436    0.000803
   -1   -1    0    9   14    0.053694   -0.000102
   -1   -1    0   10   14   -0.261308   -0.000005
   -1   -1    0   11   14    0.002118    0.000161
   -1   -1    0   12   14    0.018343   -0.000415
   -1   -1    0   13   14    0.000851    0.000102
   -1   -1    0   14   14   -0.257108    0.000004
   -1   -1    0   15   14    0.016082    0.000127
   -1   -1    0   16   14    0.016938    0.000202
   -1   -1    0    1   15    0.010115   -0.000191
   -1   -1    0    2   15    0.010882   -0.000096
   -1   -1    0    3   15    0.008930    0.000390
   -1   -1    0    4   15    0.033248   -0.000553
   -1   -1    0    5   15   -0.066536    0.000462
   -1   -1    0    6   15    0.052325    0.000078
   -1   -1    0    7   15    0.031198    0.000360
   -1   -1    0    8   15    0.018159   -0.000582
   -1   -1    0    9   15    0.161411    0.000053
   -1   -1    0   10   15   -0.013787    0.000110
   -1   -1    0   11   15   -0.564463   -0.000114
   -1   -1    0   12   15   -0.257973   -0.001612
   -1   -1    0   13   15   -0.297588   -0.000070
   -1   -1    0   14   15   -0.025832   -0.000084
   -1   -1    0   15   15   -0.133413   -0.000094
   -1   -1    0   16   15    0.449418    0.000784
   -1   -1    0    1   16   -0.008912   -0.000995
   -1   -1    0    2   16    0.001860   -0.002140
   -1   -1    0    3   16    0.006953   -0.000738
   -1   -1    0    4   16    0.031746   -0.000951
   -1   -1    0    5   16   -0.048055    0.000649
   -1   -1    0    6   16    0.037576    0.002207
   -1   -1    0    7   16    0.034245   -0.000730
   -1   -1    0    8   16   -0.016503   -0.000934
   -1   -1    0    9   16   -0.883787    0.000768
   -1   -1    0   10   16    0.011753    0.000222
   -1   -1    0   11   16   -0.222336   -0.001036
   -1   -1    0   12   16    2.124538    0.000035
   -1   -1    0   13   16   -0.158105   -0.000802
   -1   -1    0   14   16   -0.013637   -0.000197
   -1   -1    0   15   16    0.432755   -0.000822
   -1   -1    0   16   16    0.215922   -0.000016
   -1    0    0    1    1   -1.127037    0.000022
   -1    0    0    2    1   -0.085990    0.010473
   -1    0    0    3    1    0.928171   -0.001458
   -1    0    0    4    1    0.448859   -0.000193
   -1    0    0    5    1    0.183439    0.003145
   -1    0    0    6    1   -0.048990   -0.010853
   -1    0    0    7    1    0.057289   -0.001676
   -1    0    0    8    1   -0.265440   -0.000522
   -1    0    0    9    1    0.229981   -0.000295
   -1    0    0   10    1   -0.115638    0.000874
   -1    0    0   11    1   -0.069746    0.000243
   -1    0    0   12    1    0.014573   -0.002061
   -1    0    0   13    1   -0.173877    0.000104
   -1    0    0   14    1   -0.016777   -0.000623
   -1    0    0   15    1    0.032464    0.000209
   -1    0    0   16    1   -0.012535    0.000986
   -1    0    0    1    2   -0.057752   -0.010476
   -1    0    0    2    2    0.018718    0.000000
   -1    0    0    3    2    0.062908   -0.001425
   -1    0    0    4    2    0.014063    0.001003
   -1    0    0    5    2   -0.038822    0.010888
   -1    0    0    6    2    0.199726   -0.000056
   -1    0    0    7    2   -0.013867   -0.001721
   -1    0    0    8    2   -0.055364    0.000507
   -1    0    0    9    2    0.006569   -0.000128
   -1    0    0   10    2   -0.025882    0.000056
   -1    0    0   11    2   -0.003595    0.000145
   -1    0    0   12    2   -0.051881   -0.004361
   -1    0    0   13    2    0.021591    0.000104
   -1    0    0   14    2   -0.003760   -0.000021
   -1    0    0   15    2    0.016697    0.000101
   -1    0    0   16    2    0.021748    0.002141
   -1    0    0    1    3   -0.882845    0.001296
   -1    0    0    2    3   -0.041299    0.001428
   -1    0    0    3    3    1.192934   -0.000132
   -1    0    0    4    3    0.486685   -0.000498
   -1    0    0    5    3    0.047279   -0.000056
   -1    0    0    6    3    0.043512   -0.001763
   -1    0    0    7    3   -0.013775    0.000118
   -1    0    0    8    3   -0.083507   -0.000966
   -1    0    0    9    3    0.115759   -0.000218
   -1    0    0   10    3   -0.074287    0.000920
   -1    0    0   11    3    0.056371    0.000171
   -1    0    0   12    3    0.006192   -0.001652
   -1    0    0   13    3   -0.136741    0.000133
   -1    0    0   14    3    0.023876   -0.000560
   -1    0    0   15    3    0.044572    0.000307
   -1    0    0   16    3   -0.002939    0.000817
   -1    0    0    1    4    0.459780    0.000500
   -1    0    0    2    4    0.011781   -0.001017
   -1    0    0    3    4   -0.522269    0.000722
   -1    0    0    4    4   -0.592611    0.000122
   -1    0    0    5    4    0.316329    0.000409
   -1    0    0    6    4    0.063021    0.000310
   -1    0    0    7    4    0.000052    0.000833
   -1    0    0    8    4    0.352006   -0.000108
   -1    0    0    9    4   -0.003893   -0.000171
   -1    0    0   10    4    0.072303    0.000307
   -1    0    0   11    4    0.010164    0.000890
   -1    0    0   12    4    0.058107   -0.001950
   -1    0    0   13    4    0.045448    0.000001
   -1    0    0   14    4   -0.005295   -0.000784
   -1    0    0   15    4    0.012325    0.000477
   -1    0    0   16    4   -0.043006    0.000960
   -1    0    0    1    5   -3.602367   -0.003123
   -1    0    0    2    5   -0.004613   -0.010895
   -1    0    0    3    5    4.540903    0.000470
   -1    0    0    4    5    2.634165   -0.001013
   -1    0    0    5    5   -1.153398   -0.000002
   -1    0    0    6    5    0.019599    0.011288
   -1    0    0    7    5    0.902587    0.000215
   -1    0    0    8    5   -0.395200   -0.001476
   -1    0    0    9    5    0.280730    0.000555
   -1    0    0   10    5   -0.053774   -0.000870
   -1    0    0   11    5    0.075860   -0.000641
   -1    0    0   12    5   -0.021431    0.001371
   -1    0    0   13    5   -0.045599   -0.000352
   -1    0    0   14    5    0.071230    0.000622
   -1    0    0   15    5    0.116664   -0.000521
   -1    0    0   16    5    0.031760   -0.000639
   -1    0    0    1    6    0.098544    0.010849
   -1    0    0    2    6   -2.599337    0.000056
   -1    0    0    3    6    0.042238    0.001759
   -1    0    0    4    6    0.057511   -0.000302
   -1    0    0    5    6   -0.006913   -0.011286
   -1    0    0    6    6    0.008849    0.000000
   -1    0    0    7    6    0.036832    0.001468
   -1    0    0    8    6   -0.048939   -0.000792
   -1    0    0    9    6   -0.254774    0.000113
   -1    0    0   10    6    0.249485   -0.000056
   -1    0    0   11    6   -0.136972   -0.000122
   -1    0    0   12    6    0.110280    0.004495
   -1    0    0   13    6    0.093401   -0.000077
   -1    0    0   14    6   -0.012933    0.000022
   -1    0    0   15    6   -0.087415   -0.000077
   -1    0    0   16    6   -0.032178   -0.002206
   -1    0    0    1    7   -4.410017    0.001402
   -1    0    0    2    7   -0.088043    0.001724
   -1    0    0    3    7    2.964925   -0.000007
   -1    0    0    4    7    2.647722   -0.001210
   -1    0    0    5    7   -0.881171    0.000247
   -1    0    0    6    7   -0.058592   -0.001481
   -1    0    0    7    7    1.212795    0.000184
   -1    0    0    8    7   -0.547530   -0.000778
   -1    0    0    9    7    0.081866   -0.000130
   -1    0    0   10    7   -0.003119    0.000941
   -1    0    0   11    7   -0.062787    0.000032
   -1    0    0   12    7    0.020029   -0.001638
   -1    0    0   13    7   -0.091124   -0.000080
   -1    0    0   14    7    0.029452   -0.000444
   -1    0    0   15    7    0.015988    0.000137
   -1    0    0   16    7    0.009350    0.000798
   -1    0    0    1    8   -2.537436    0.000906
   -1    0    0    2    8   -0.088224   -0.000506
   -1    0    0    3    8    2.636987    0.001156
   -1    0    0    4    8   -0.094410   -0.000168
   -1    0    0    5    8   -0.448339    0.000746
   -1    0    0    6    8   -0.028237    0.000787
   -1    0    0    7    8    0.528898    0.000558
   -1    0    0    8    8   -0.526052   -0.000152
   -1    0    0    9    8    0.026937   -0.000241
   -1    0    0   10    8   -0.014735    0.000364
   -1    0    0   11    8    0.016439    0.000970
   -1    0    0   12    8    0.067672   -0.001951
   -1    0    0   13    8   -0.074557   -0.000096
   -1    0    0   14    8    0.001495   -0.000616
   -1    0    0   15    8    0.009257    0.000474
   -1    0    0   16    8   -0.046950    0.000948
   -1    0    0    1    9    0.103254    0.000279
   -1    0    0    2    9    0.039297    0.000127
   -1    0    0    3    9   -0.078276    0.000350
   -1    0    0    4    9   -0.004711   -0.000029
   -1    0    0    5    9    0.034703   -0.000548
   -1    0    0    6    9   -0.011377   -0.000113
   -1    0    0    7    9   -0.008968    0.000222
   -1    0    0    8    9    0.027962    0.000096
   -1    0    0    9    9   -1.189054   -0.000007
   -1    0    0   10    9   -0.029105   -0.000112
   -1    0    0   11    9    0.783599    0.000017
   -1    0    0   12    9    0.001861    0.001544
   -1    0    0   13    9   -0.301780    0.000012
   -1    0    0   14    9    0.023898    0.000092
   -1    0    0   15    9    0.093110    0.000010
   -1    0    0   16    9   -0.002460   -0.000764
   -1    0    0    1   10   -0.130242   -0.000879
   -1    0    0    2   10   -0.038086   -0.000056
   -1    0    0    3   10    0.099310   -0.000879
   -1    0    0    4   10    0.102298   -0.000358
   -1    0    0    5   10   -0.000134    0.000879
   -1    0    0    6   10    0.019923    0.000056
   -1    0    0    7   10    0.011607   -0.000909
   -1    0    0    8   10   -0.022344   -0.000424
   -1    0    0    9   10   -0.050451    0.000112
   -1    0    0   10   10    0.103524    0.000000
   -1    0    0   11   10   -0.113543   -0.000175
   -1    0    0   12   10   -0.021070    0.000445
   -1    0    0   13   10    0.095431   -0.000116
   -1    0    0   14   10    0.164279    0.000000
   -1    0    0   15   10   -0.065563   -0.000141
   -1    0    0   16   10    0.011125   -0.000213
   -1    0    0    1   11   -0.025281   -0.000237
   -1    0    0    2   11    0.010572   -0.000143
   -1    0    0    3   11   -0.023978   -0.000399
   -1    0    0    4   11   -0.030107   -0.000570
   -1    0    0    5   11   -0.009322    0.000636
   -1    0    0    6   11   -0.021595    0.000122
   -1    0    0    7   11   -0.024434   -0.000195
   -1    0    0    8   11   -0.038569   -0.000721
   -1    0    0    9   11   -0.939747    0.000000
   -1    0    0   10   11   -0.005289    0.000175
   -1    0    0   11   11    1.612288   -0.000013
   -1    0    0   12   11   -0.004846   -0.002100
   -1    0    0   13   11   -0.339892   -0.000012
   -1    0    0   14   11   -0.012077   -0.000142
   -1    0    0   15   11    0.464642   -0.000005
   -1    0    0   16   11    0.004049    0.001044
   -1    0    0    1   12   -0.010778    0.002056
   -1    0    0    2   12   -0.011121    0.004360
   -1    0    0    3   12   -0.003060    0.001653
   -1    0    0    4   12    0.049047    0.001968
   -1    0    0    5   12   -0.040784   -0.001367
   -1    0    0    6   12   -0.010727   -0.004494
   -1    0    0    7   12    0.013279    0.001637
   -1    0    0    8   12    0.038544    0.001956
   -1    0    0    9   12    0.004981   -0.001546
   -1    0    0   10   12   -0.001616   -0.000446
   -1    0    0   11   12   -0.000220    0.002101
   -1    0    0   12   12   -0.271368   -0.000000
   -1    0    0   13   12   -0.002410    0.001609
   -1    0    0   14   12    0.006482    0.000397
   -1    0    0   15   12   -0.001890    0.001665
   -1    0    0   16   12    0.305545   -0.000015
   -1    0    0    1   13   -0.066787   -0.000103
   -1    0    0    2   13   -0.017886   -0.000099
   -1    0    0    3   13    0.009595    0.000085
   -1    0    0    4   13    0.066341   -0.000380
   -1    0    0    5   13   -0.061773    0.000346
   -1    0    0    6   13   -0.010168    0.000076
   -1    0    0    7   13    0.021845    0.000308
   -1    0    0    8   13   -0.023653   -0.000323
   -1    0    0    9   13   -5.814239   -0.000016
   -1    0    0   10   13    0.169675    0.000118
   -1    0    0   11   13    8.363774    0.000021
   -1    0    0   12   13    0.001065   -0.001607
   -1    0    0   13   13   -2.686304   -0.000017
   -1    0    0   14   13   -0.056002   -0.000088
   -1    0    0   15   13    1.686163    0.000009
   -1    0    0   16   13   -0.003728    0.000790
   -1    0    0    1   14    0.163825    0.000622
   -1    0    0    2   14   -0.034659    0.000022
   -1    0    0    3   14   -0.047924    0.000550
   -1    0    0    4   14   -0.018375    0.000809
   -1    0    0    5   14    0.077414   -0.000621
   -1    0    0    6   14   -0.012888   -0.000022
   -1    0    0    7   14   -0.108315    0.000440
   -1    0    0    8   14   -0.014356    0.000624
   -1    0    0    9   14    0.172900   -0.000092
   -1    0    0   10   14   -4.474119   -0.000000
   -1    0    0   11   14   -0.009669    0.000142
   -1    0    0   12   14    0.010119   -0.000397
   -1    0    0   13   14   -0.022667    0.000089
   -1    0    0   14   14    0.231554    0.000000
   -1    0    0   15   14    0.063310    0.000110
   -1    0    0   16   14   -0.007213    0.000190
   -1    0    0    1   15   -0.025438   -0.000212
   -1    0    0    2   15    0.010552   -0.000097
   -1    0    0    3   15   -0.054462   -0.000293
   -1    0    0    4   15   -0.000605   -0.000527
   -1    0    0    5   15   -0.032765    0.000517
   -1    0    0    6   15   -0.022133    0.000076
   -1    0    0    7   15    0.003197   -0.000096
   -1    0    0    8   15   -0.015955   -0.000582
   -1    0    0    9   15   -3.748695   -0.000005
   -1    0    0   10   15    0.066286    0.000142
   -1    0    0   11   15    3.031636    0.000000
   -1    0    0   12   15   -0.000854   -0.001664
   -1    0    0   13   15   -1.213910   -0.000022
   -1    0    0   14   15   -0.022175   -0.000110
   -1    0    0   15   15    0.650258   -0.000004
   -1    0    0   16   15    0.003325    0.000826
   -1    0    0    1   16   -0.000079   -0.000985
   -1    0    0    2   16    0.025328   -0.002140
   -1    0    0    3   16   -0.000903   -0.000824
   -1    0    0    4   16   -0.059305   -0.000941
   -1    0    0    5   16    0.050916    0.000640
   -1    0    0    6   16   -0.019775    0.002206
   -1    0    0    7   16   -0.003609   -0.000815
   -1    0    0    8   16   -0.035859   -0.000944
   -1    0    0    9   16   -0.001592    0.000763
   -1    0    0   10   16   -0.005103    0.000212
   -1    0    0   11   16    0.007954   -0.001043
   -1    0    0   12   16   -4.460871    0.000015
   -1    0    0   13   16   -0.001632   -0.000792
   -1    0    0   14   16    0.001287   -0.000190
   -1    0    0   15   16    0.003344   -0.000827
   -1    0    0   16   16    0.096014    0.000000
   -1    1    0    1    1    0.233692   -0.000088
   -1    1    0    2    1   -0.016339    0.010489
   -1    1    0    3    1    0.218280   -0.001865
   -1    1    0    4    1   -0.100373   -0.000574
   -1    1    0    5    1    0.128095    0.003056
   -1    1    0    6    1    0.132486   -0.010855
   -1    1    0    7    1    0.066165   -0.001793
   -1    1    0    8    1    0.022667   -0.000155
   -1    1    0    9    1    0.010928   -0.000290
   -1    1    0   10    1    0.099555    0.000871
   -1    1    0   11    1    0.015892    0.000251
   -1    1    0   12    1    0.016705   -0.002075
   -1    1    0   13    1    0.064144    0.000092
   -1    1    0   14    1   -0.063238   -0.000609
   -1    1    0   15    1    0.009617    0.000209
   -1    1    0   16    1   -0.030068    0.000998
   -1    1    0    1    2    0.023595   -0.010468
   -1    1    0    2    2   -0.136919   -0.000000
   -1    1    0    3    2    0.023251   -0.001632
   -1    1    0    4    2   -0.058553    0.000509
   -1    1    0    5    2   -0.019907    0.010909
   -1    1    0    6    2    0.166436   -0.000056
   -1    1    0    7    2    0.065932   -0.001338
   -1    1    0    8    2   -0.006084    0.000999
   -1    1    0    9    2    0.077292   -0.000129
   -1    1    0   10    2   -0.015306    0.000058
   -1    1    0   11    2   -0.047282    0.000148
   -1    1    0   12    2    0.027175   -0.004359
   -1    1    0   13    2   -0.060457    0.000091
   -1    1    0   14    2    0.016902   -0.000023
   -1    1    0   15    2   -0.029836    0.000096
   -1    1    0   16    2   -0.038191    0.002140
   -1    1    0    1    3    0.009516    0.001516
   -1    1    0    2    3    0.071531    0.001637
   -1    1    0    3    3    0.010428   -0.000131
   -1    1    0    4    3   -0.099653   -0.001159
   -1    1    0    5    3    0.000285   -0.000068
   -1    1    0    6    3   -0.078663   -0.001390
   -1    1    0    7    3   -0.111056    0.000036
   -1    1    0    8    3   -0.040495   -0.000518
   -1    1    0    9    3    0.015636    0.000250
   -1    1    0   10    3   -0.008664    0.000867
   -1    1    0   11    3    0.105802   -0.000569
   -1    1    0   12    3    0.006688   -0.001566
   -1    1    0   13    3   -0.000333   -0.000429
   -1    1    0   14    3   -0.040269   -0.000384
   -1    1    0   15    3    0.073741   -0.000337
   -1    1    0   16    3   -0.008091    0.000734
   -1    1    0    1    4   -0.043064    0.000851
   -1    1    0    2    4   -0.050765   -0.000527
   -1    1    0    3    4    0.000442    0.000950
   -1    1    0    4    4    0.065228    0.000090
   -1    1    0    5    4   -0.010832    0.000734
   -1    1    0    6    4    0.004010    0.000792
   -1    1    0    7    4   -0.046486    0.000347
   -1    1    0    8    4   -0.205807    0.000001
   -1    1    0    9    4   -0.023971   -0.000221
   -1    1    0   10    4    0.022254    0.000349
   -1    1    0   11    4    0.045417    0.000939
   -1    1    0   12    4    0.005158   -0.001949
   -1    1    0   13    4    0.022291   -0.000069
   -1    1    0   14    4   -0.035833   -0.000616
   -1    1    0   15    4    0.022381    0.000478
   -1    1    0   16    4    0.001626    0.000951
   -1    1    0    1    5   -0.441609   -0.003093
   -1    1    0    2    5   -0.047771   -0.010897
   -1    1    0    3    5   -0.387851    0.000335
   -1    1    0    4    5    0.286422   -0.001400
   -1    1    0    5    5    0.223933   -0.000030
   -1    1    0    6    5    0.043498    0.011273
   -1    1    0    7    5   -0.050736    0.000524
   -1    1    0    8    5    0.090096   -0.001071
   -1    1    0    9    5    0.161037    0.000517
   -1    1    0   10    5   -0.213171   -0.000879
   -1    1    0   11    5   -0.010245   -0.000583
   -1    1    0   12    5    0.085511    0.001385
   -1    1    0   13    5   -0.136640   -0.000337
   -1    1    0   14    5    0.027742    0.000617
   -1    1    0   15    5    0.024806   -0.000484
   -1    1    0   16    5   -0.032105   -0.000652
   -1    1    0    1    6   -0.055546    0.010863
   -1    1    0    2    6   -0.041675    0.000056
   -1    1    0    3    6   -0.052806    0.001425
   -1    1    0    4    6   -0.007604   -0.000794
   -1    1    0    5    6   -0.000341   -0.011294
   -1    1    0    6    6   -0.149585   -0.000000
   -1    1    0    7    6   -0.064071    0.001685
   -1    1    0    8    6    0.041267   -0.000332
   -1    1    0    9    6   -0.056060    0.000103
   -1    1    0   10    6    0.028274   -0.000059
   -1    1    0   11    6    0.077696   -0.000110
   -1    1    0   12    6   -0.047621    0.004495
   -1    1    0   13    6    0.050590   -0.000080
   -1    1    0   14    6   -0.010087    0.000024
   -1    1    0   15    6    0.060361   -0.000074
   -1    1    0   16    6   -0.020579   -0.002206
   -1    1    0    1    7    0.391517    0.001220
   -1    1    0    2    7    0.100987    0.001364
   -1    1    0    3    7   -0.034344   -0.000011
   -1    1    0    4    7   -0.304373   -0.000991
   -1    1    0    5    7   -0.115845   -0.000282
   -1    1    0    6    7   -0.000205   -0.001675
   -1    1    0    7    7   -0.015430   -0.000002
   -1    1    0    8    7   -0.018137   -0.001064
   -1    1    0    9    7    0.031876    0.000225
   -1    1    0   10    7   -0.022887    0.000823
   -1    1    0   11    7    0.086160   -0.000516
   -1    1    0   12    7    0.024202   -0.001553
   -1    1    0   13    7   -0.000722   -0.000324
   -1    1    0   14    7   -0.002891   -0.000464
   -1    1    0   15    7    0.071132   -0.000274
   -1    1    0   16    7   -0.028487    0.000730
   -1    1    0    1    8   -0.148385    0.000604
   -1    1    0    2    8   -0.016182   -0.001017
   -1    1    0    3    8   -0.315778    0.000808
   -1    1    0    4    8   -0.314534   -0.000048
   -1    1    0    5    8    0.171526    0.000404
   -1    1    0    6    8    0.029405    0.000306
   -1    1    0    7    8   -0.015919    0.001013
   -1    1    0    8    8    0.076656   -0.000177
   -1    1    0    9    8   -0.059457   -0.000143
   -1    1    0   10    8    0.057083    0.000310
   -1    1    0   11    8   -0.087132    0.000853
   -1    1    0   12    8    0.017418   -0.001942
   -1    1    0   13    8    0.031795   -0.000027
   -1    1    0   14    8   -0.027055   -0.000796
   -1    1    0   15    8   -0.033171    0.000447
   -1    1    0   16    8   -0.006253    0.000953
   -1    1    0    1    9    0.016617    0.000352
   -1    1    0    2    9    0.009967    0.000117
   -1    1    0    3    9   -0.034693    0.000926
   -1    1    0    4    9    0.008807    0.000030
   -1    1    0    5    9    0.012162   -0.000594
   -1    1    0    6    9   -0.095764   -0.000109
   -1    1    0    7    9   -0.007211    0.000861
   -1    1    0    8    9    0.019462    0.000031
   -1    1    0    9    9    0.070762    0.000041
   -1    1    0   10    9    0.032304   -0.000129
   -1    1    0   11    9    0.109556   -0.000076
   -1    1    0   12    9   -0.137667    0.001558
   -1    1    0   13    9   -0.007325   -0.000003
   -1    1    0   14    9   -0.012063    0.000103
   -1    1    0   15    9    0.028632   -0.000053
   -1    1    0   16    9    0.044623   -0.000768
   -1    1    0    1   10   -0.111964   -0.000878
   -1    1    0    2   10   -0.014929   -0.000058
   -1    1    0    3   10   -0.010063   -0.000898
   -1    1    0    4   10    0.021303   -0.000433
   -1    1    0    5   10    0.277264    0.000868
   -1    1    0    6   10    0.002411    0.000058
   -1    1    0    7   10    0.042991   -0.000866
   -1    1    0    8   10    0.047826   -0.000350
   -1    1    0    9   10    0.000402    0.000094
   -1    1    0   10   10   -0.101651   -0.000006
   -1    1    0   11   10    0.025576   -0.000143
   -1    1    0   12   10    0.020983    0.000460
   -1    1    0   13   10   -0.005957   -0.000097
   -1    1    0   14   10    0.081570    0.000005
   -1    1    0   15   10    0.007110   -0.000114
   -1    1    0   16   10   -0.000287   -0.000221
   -1    1    0    1   11   -0.110956   -0.000331
   -1    1    0    2   11   -0.068671   -0.000134
   -1    1    0    3   11    0.000746   -0.001160
   -1    1    0    4   11   -0.008599   -0.000632
   -1    1    0    5   11   -0.073334    0.000713
   -1    1    0    6   11    0.031491    0.000117
   -1    1    0    7   11   -0.003128   -0.001083
   -1    1    0    8   11    0.000104   -0.000666
   -1    1    0    9   11   -0.069732   -0.000082
   -1    1    0   10   11    0.041901    0.000203
   -1    1    0   11   11    0.170460    0.000150
   -1    1    0   12   11   -0.036371   -0.002103
   -1    1    0   13   11    0.017333    0.000033
   -1    1    0   14   11   -0.023558   -0.000161
   -1    1    0   15   11    0.094948    0.000116
   -1    1    0   16   11   -0.038832    0.001038
   -1    1    0    1   12   -0.062809    0.002045
   -1    1    0    2   12   -0.049462    0.004360
   -1    1    0    3   12   -0.011324    0.001647
   -1    1    0    4   12   -0.010394    0.001959
   -1    1    0    5   12   -0.045340   -0.001384
   -1    1    0    6   12   -0.043064   -0.004498
   -1    1    0    7   12    0.011669    0.001657
   -1    1    0    8   12    0.017035    0.001975
   -1    1    0    9   12    0.092630   -0.001506
   -1    1    0   10   12   -0.042157   -0.000468
   -1    1    0   11   12   -0.093561    0.002032
   -1    1    0   12   12   -0.179918    0.000025
   -1    1    0   13   12    0.064391    0.001585
   -1    1    0   14   12    0.022638    0.000416
   -1    1    0   15   12    0.003115    0.001613
   -1    1    0   16   12    0.121165   -0.000035
   -1    1    0    1   13   -0.130545   -0.000124
   -1    1    0    2   13   -0.016600   -0.000110
   -1    1    0    3   13    0.010641   -0.000352
   -1    1    0    4   13    0.007763   -0.000317
   -1    1    0    5   13    0.088705    0.000356
   -1    1    0    6   13    0.073736    0.000081
   -1    1    0    7   13    0.002717   -0.000349
   -1    1    0    8   13   -0.002122   -0.000469
   -1    1    0    9   13    0.242216   -0.000043
   -1    1    0   10   13   -0.016235    0.000127
   -1    1    0   11   13   -0.227169    0.000076
   -1    1    0   12   13   -0.042247   -0.001628
   -1    1    0   13   13   -0.003720    0.000024
   -1    1    0   14   13   -0.018943   -0.000101
   -1    1    0   15   13   -0.030554    0.000063
   -1    1    0   16   13   -0.014643    0.000802
   -1    1    0    1   14    0.072970    0.000623
   -1    1    0    2   14    0.012851    0.000024
   -1    1    0    3   14   -0.054396    0.000430
   -1    1    0    4   14    0.037983    0.000636
   -1    1    0    5   14    0.021407   -0.000608
   -1    1    0    6   14   -0.002012   -0.000023
   -1    1    0    7   14   -0.048075    0.000545
   -1    1    0    8   14    0.004197    0.000790
   -1    1    0    9   14    0.030897   -0.000073
   -1    1    0   10   14    0.288837    0.000005
   -1    1    0   11   14   -0.013715    0.000110
   -1    1    0   12   14   -0.005739   -0.000409
   -1    1    0   13   14    0.006801    0.000069
   -1    1    0   14   14   -0.128349   -0.000003
   -1    1    0   15   14    0.012685    0.000084
   -1    1    0   16   14   -0.004006    0.000197
   -1    1    0    1   15   -0.120914   -0.000264
   -1    1    0    2   15   -0.063387   -0.000101
   -1    1    0    3   15   -0.006619   -0.000836
   -1    1    0    4   15   -0.004917   -0.000542
   -1    1    0    5   15   -0.006403    0.000559
   -1    1    0    6   15    0.030758    0.000077
   -1    1    0    7   15    0.005456   -0.000796
   -1    1    0    8   15    0.006865   -0.000617
   -1    1    0    9   15    0.094710   -0.000061
   -1    1    0   10   15    0.026618    0.000160
   -1    1    0   11   15    0.119470    0.000113
   -1    1    0   12   15   -0.115517   -0.001666
   -1    1    0   13   15    0.031399    0.000030
   -1    1    0   14   15   -0.024039   -0.000127
   -1    1    0   15   15    0.105968    0.000092
   -1    1    0   16   15   -0.034024    0.000822
   -1    1    0    1   16    0.059071   -0.000980
   -1    1    0    2   16    0.020881   -0.002140
   -1    1    0    3   16   -0.024600   -0.000830
   -1    1    0    4   16    0.004070   -0.000945
   -1    1    0    5   16    0.028280    0.000652
   -1    1    0    6   16    0.023966    0.002208
   -1    1    0    7   16   -0.005679   -0.000837
   -1    1    0    8   16    0.006010   -0.000954
   -1    1    0    9   16   -0.255692    0.000731
   -1    1    0   10   16    0.022812    0.000227
   -1    1    0   11   16   -0.165770   -0.000986
   -1    1    0   12   16   -0.110663   -0.000006
   -1    1    0   13   16    0.051043   -0.000768
   -1    1    0   14   16   -0.011966   -0.000201
   -1    1    0   15   16   -0.113991   -0.000782
   -1    1    0   16   16    0.019300    0.000016
    0   -2    0    1    1   -0.296735   -0.000000
    0   -2    0    2    1   -0.017306    0.010473
    0   -2    0    3    1    0.161885   -0.001216
    0   -2    0    4    1    0.094262   -0.001920
    0   -2    0    5    1    0.169763    0.003089
    0   -2    0    6    1    0.004516   -0.010855
    0   -2    0    7    1    0.204127   -0.001007
    0   -2    0    8    1    0.206999   -0.001619
    0   -2    0    9    1    0.028900   -0.000335
    0   -2    0   10    1   -0.005787    0.000859
    0   -2    0   11    1   -0.061665    0.000316
    0   -2    0   12    1    0.006380   -0.002062
    0   -2    0   13    1   -0.002292    0.000177
    0   -2    0   14    1    0.021576   -0.000612
    0   -2    0   15    1   -0.036491    0.000285
    0   -2    0   16    1    0.019563    0.000987
    0   -2    0    1    2   -0.017306   -0.010473
    0   -2    0    2    2   -0.199200   -0.000000
    0   -2    0    3    2   -0.069015    0.000029
    0   -2    0    4    2    0.016329   -0.002493
    0   -2    0    5    2   -0.005534    0.010888
    0   -2    0    6    2    0.192367   -0.000056
    0   -2    0    7    2   -0.029754    0.000294
    0   -2    0    8    2    0.066337   -0.002021
    0   -2    0    9    2   -0.016986   -0.000116
    0   -2    0   10    2   -0.017589    0.000057
    0   -2    0   11    2    0.010206    0.000132
    0   -2    0   12    2   -0.015346   -0.004358
    0   -2    0   13    2   -0.006087    0.000114
    0   -2    0   14    2    0.019604   -0.000023
    0   -2    0   15    2   -0.005082    0.000103
    0   -2    0   16    2    0.046292    0.002139
    0   -2    0    1    3    0.161885    0.001216
    0   -2    0    2    3   -0.069015   -0.000029
    0   -2    0    3    3    0.312435   -0.000000
    0   -2    0    4    3    0.087532    0.000523
    0   -2    0    5    3   -0.048173    0.000250
    0   -2    0    6    3    0.000349    0.000141
    0   -2    0    7    3    0.245273    0.000071
    0   -2    0    8    3    0.065941    0.000978
    0   -2    0    9    3    0.036072   -0.000162
    0   -2    0   10    3    0.080078    0.000384
    0   -2    0   11    3   -0.039057    0.000571
    0   -2    0   12    3    0.009013   -0.001631
    0   -2    0   13    3   -0.022049    0.000150
    0   -2    0   14    3   -0.008258   -0.000500
    0   -2    0   15    3   -0.016455    0.000395
    0   -2    0   16    3   -0.016271    0.000784
    0   -2    0    1    4    0.094262    0.001920
    0   -2    0    2    4    0.016329    0.002493
    0   -2    0    3    4    0.087532   -0.000523
    0   -2    0    4    4    0.143276   -0.000000
    0   -2    0    5    4   -0.148222   -0.000233
    0   -2    0    6    4   -0.064933   -0.002060
    0   -2    0    7    4    0.124424   -0.001083
    0   -2    0    8    4    0.046268   -0.000114
    0   -2    0    9    4    0.019475   -0.000595
    0   -2    0   10    4    0.031763    0.001170
    0   -2    0   11    4   -0.058339    0.000465
    0   -2    0   12    4    0.009197   -0.001877
    0   -2    0   13    4   -0.031658    0.000042
    0   -2    0   14    4    0.009871   -0.000390
    0   -2    0   15    4   -0.034476    0.000401
    0   -2    0   16    4    0.019204    0.000917
    0   -2    0    1    5    0.169763   -0.003089
    0   -2    0    2    5   -0.005534   -0.010888
    0   -2    0    3    5   -0.048173   -0.000250
    0   -2    0    4    5   -0.148222    0.000233
    0   -2    0    5    5   -0.290805   -0.000000
    0   -2    0    6    5    0.041536    0.011286
    0   -2    0    7    5   -0.075461   -0.000202
    0   -2    0    8    5   -0.068114    0.000603
    0   -2    0    9    5    0.009607    0.000545
    0   -2    0   10    5   -0.089398   -0.000854
    0   -2    0   11    5   -0.089315   -0.000636
    0   -2    0   12    5   -0.017795    0.001403
    0   -2    0   13    5    0.011313   -0.000372
    0   -2    0   14    5   -0.025729    0.000611
    0   -2    0   15    5   -0.079837   -0.000529
    0   -2    0   16    5   -0.021219   -0.000663
    0   -2    0    1    6    0.004516    0.010855
    0   -2    0    2    6    0.192367    0.000056
    0   -2    0    3    6    0.000349   -0.000141
    0   -2    0    4    6   -0.064933    0.002060
    0   -2    0    5    6    0.041536   -0.011286
    0   -2    0    6    6   -0.206865   -0.000000
    0   -2    0    7    6    0.008874    0.000114
    0   -2    0    8    6   -0.039908    0.002509
    0   -2    0    9    6    0.043669    0.000098
    0   -2    0   10    6   -0.012136   -0.000057
    0   -2    0   11    6    0.030029   -0.000109
    0   -2    0   12    6    0.117308    0.004495
    0   -2    0   13    6   -0.045263   -0.000096
    0   -2    0   14    6    0.003048    0.000023
    0   -2    0   15    6    0.017590   -0.000083
    0   -2    0   16    6   -0.053613   -0.002208
    0   -2    0    1    7    0.204127    0.001007
    0   -2    0    2    7   -0.029754   -0.000294
    0   -2    0    3    7    0.245273   -0.000071
    0   -2    0    4    7    0.124424    0.001083
    0   -2    0    5    7   -0.075461    0.000202
    0   -2    0    6    7    0.008874   -0.000114
    0   -2    0    7    7    0.357988   -0.000000
    0   -2    0    8    7    0.036293    0.000879
    0   -2    0    9    7   -0.004030   -0.000291
    0   -2    0   10    7    0.003805    0.000367
    0   -2    0   11    7   -0.010907    0.000779
    0   -2    0   12    7   -0.015090   -0.001644
    0   -2    0   13    7   -0.023009    0.000362
    0   -2    0   14    7   -0.006329   -0.000606
    0   -2    0   15    7   -0.038652    0.000592
    0   -2    0   16    7   -0.009331    0.000796
    0   -2    0    1    8    0.206999    0.001619
    0   -2    0    2    8    0.066337    0.002021
    0   -2    0    3    8    0.065941   -0.000978
    0   -2    0    4    8    0.046268    0.000114
    0   -2    0    5    8   -0.068114   -0.000603
    0   -2    0    6    8   -0.039908   -0.002509
    0   -2    0    7    8    0.036293   -0.000879
    0   -2    0    8    8    0.203295   -0.000000
    0   -2    0    9    8   -0.084499   -0.000570
    0   -2    0   10    8    0.072627    0.001104
    0   -2    0   11    8   -0.012785    0.000457
    0   -2    0   12    8   -0.010467   -0.001873
    0   -2    0   13    8    0.005560    0.000002
    0   -2    0   14    8   -0.037153   -0.000556
    0   -2    0   15    8   -0.034729    0.000363
    0   -2    0   16    8    0.005844    0.000917
    0   -2    0    1    9    0.028900    0.000335
    0   -2    0    2    9   -0.016986    0.000116
    0   -2    0    3    9    0.036072    0.000162
    0   -2    0    4    9    0.019475    0.000595
    0   -2    0    5    9    0.009607   -0.000545
    0   -2    0    6    9    0.043669   -0.000098
    0   -2    0    7    9   -0.004030    0.000291
    0   -2    0    8    9   -0.084499    0.000570
    0   -2    0    9    9    0.129333   -0.000000
    0   -2    0   10    9    0.023534   -0.000105
    0   -2    0   11    9    0.051908    0.000007
    0   -2    0   12    9   -0.068426    0.001520
    0   -2    0   13    9    0.026557    0.000030
    0   -2    0   14    9   -0.039886    0.000084
    0   -2    0   15    9    0.069794    0.000010
    0   -2    0   16    9    0.026492   -0.000736
    0   -2    0    1   10   -0.005787   -0.000859
    0   -2    0    2   10   -0.017589   -0.000057
    0   -2    0    3   10    0.080078   -0.000384
    0   -2    0    4   10    0.031763   -0.001170
    0   -2    0    5   10   -0.089398    0.000854
    0   -2    0    6   10   -0.012136    0.000057
    0   -2    0    7   10    0.003805   -0.000367
    0   -2    0    8   10    0.072627   -0.001104
    0   -2    0    9   10    0.023534    0.000105
    0   -2    0   10   10    0.117148    0.000000
    0   -2    0   11   10   -0.036647   -0.000163
    0   -2    0   12   10   -0.027727    0.000482
    0   -2    0   13   10    0.023517   -0.000106
    0   -2    0   14   10   -0.070317   -0.000000
    0   -2    0   15   10   -0.014953   -0.000129
    0   -2    0   16   10    0.001113   -0.000237
    0   -2    0    1   11   -0.061665   -0.000316
    0   -2    0    2   11    0.010206   -0.000132
    0   -2    0    3   11   -0.039057   -0.000571
    0   -2    0    4   11   -0.058339   -0.000465
    0   -2    0    5   11   -0.089315    0.000636
    0   -2    0    6   11    0.030029    0.000109
    0   -2    0    7   11   -0.010907   -0.000779
    0   -2    0    8   11   -0.012785   -0.000457
    0   -2    0    9   11    0.051908   -0.000007
    0   -2    0   10   11   -0.036647    0.000163
    0   -2    0   11   11    0.034787   -0.000000
    0   -2    0   12   11   -0.081883   -0.002037
    0   -2    0   13   11   -0.015786   -0.000053
    0   -2    0   14   11    0.003957   -0.000129
    0   -2    0   15   11    0.059251   -0.000013
    0   -2    0   16   11   -0.004697    0.000983
    0   -2    0    1   12    0.006380    0.002062
    0   -2    0    2   12   -0.015346    0.004358
    0   -2    0    3   12    0.009013    0.001631
    0   -2    0    4   12    0.009197    0.001877
    0   -2    0    5   12   -0.017795   -0.001403
    0   -2    0    6   12    0.117308   -0.004495
    0   -2    0    7   12   -0.015090    0.001644
    0   -2    0    8   12   -0.010467    0.001873
    0   -2    0    9   12   -0.068426   -0.001520
    0   -2    0   10   12   -0.027727   -0.000482
    0   -2    0   11   12   -0.081883    0.002037
    0   -2    0   12   12    0.010649    0.000000
    0   -2    0   13   12   -0.047739    0.001597
    0   -2    0   14   12    0.006155    0.000426
    0   -2    0   15   12   -0.085536    0.001614
    0   -2    0   16   12   -0.045155   -0.000015
    0   -2    0    1   13   -0.002292   -0.000177
    0   -2    0    2   13   -0.006087   -0.000114
    0   -2    0    3   13   -0.022049   -0.000150
    0   -2    0    4   13   -0.031658   -0.000042
    0   -2    0    5   13    0.011313    0.000372
    0   -2    0    6   13   -0.045263    0.000096
    0   -2    0    7   13   -0.023009   -0.000362
    0   -2    0    8   13    0.005560   -0.000002
    0   -2    0    9   13    0.026557   -0.000030
    0   -2    0   10   13    0.023517    0.000106
    0   -2    0   11   13   -0.015786    0.000053
    0   -2    0   12   13   -0.047739   -0.001597
    0   -2    0   13   13    0.142988   -0.000000
    0   -2    0   14   13   -0.013503   -0.000081
    0   -2    0   15   13    0.054804    0.000036
    0   -2    0   16   13    0.038088    0.000776
    0   -2    0    1   14    0.021576    0.000612
    0   -2    0    2   14    0.019604    0.000023
    0   -2    0    3   14   -0.008258    0.000500
    0   -2    0    4   14    0.009871    0.000390
    0   -2    0    5   14   -0.025729   -0.000611
    0   -2    0    6   14    0.003048   -0.000023
    0   -2    0    7   14   -0.006329    0.000606
    0   -2    0    8   14   -0.037153    0.000556
    0   -2    0    9   14   -0.039886   -0.000084
    0   -2    0   10   14   -0.070317    0.000000
    0   -2    0   11   14    0.003957    0.000129
    0   -2    0   12   14    0.006155   -0.000426
    0   -2    0   13   14   -0.013503    0.000081
    0   -2    0   14   14    0.019627   -0.000000
    0   -2    0   15   14   -0.010416    0.000100
    0   -2    0   16   14   -0.012605    0.000210
    0   -2    0    1   15   -0.036491   -0.000285
    0   -2    0    2   15   -0.005082   -0.000103
    0   -2    0    3   15   -0.016455   -0.000395
    0   -2    0    4   15   -0.034476   -0.000401
    0   -2    0    5   15   -0.079837    0.000529
    0   -2    0    6   15    0.017590    0.000083
    0   -2    0    7   15   -0.038652   -0.000592
    0   -2    0    8   15   -0.034729   -0.000363
    0   -2    0    9   15    0.069794   -0.000010
    0   -2    0   10   15   -0.014953    0.000129
    0   -2    0   11   15    0.059251    0.000013
    0   -2    0   12   15   -0.085536   -0.001614
    0   -2    0   13   15    0.054804   -0.000036
    0   -2    0   14   15   -0.010416   -0.000100
    0   -2    0   15   15    0.103792   -0.000000
    0   -2    0   16   15   -0.028501    0.000779
    0   -2    0    1   16    0.019563   -0.000987
    0   -2    0    2   16    0.046292   -0.002139
    0   -2    0    3   16   -0.016271   -0.000784
    0   -2    0    4   16    0.019204   -0.000917
    0   -2    0    5   16   -0.021219    0.000663
    0   -2    0    6   16   -0.053613    0.002208
    0   -2    0    7   16   -0.009331   -0.000796
    0   -2    0    8   16    0.005844   -0.000917
    0   -2    0    9   16    0.026492    0.000736
    0   -2    0   10   16    0.001113    0.000237
    0   -2    0   11   16   -0.004697   -0.000983
    0   -2    0   12   16   -0.045155    0.000015
    0   -2    0   13   16    0.038088   -0.000776
    0   -2    0   14   16   -0.012605   -0.000210
    0   -2    0   15   16   -0.028501   -0.000779
    0   -2    0   16   16    0.025296   -0.000000
    0   -1    0    1    1   -1.138591   -0.000033
    0   -1    0    2    1   -0.100596    0.010485
    0   -1    0    3    1   -0.787695   -0.000646
    0   -1    0    4    1    0.635816   -0.001534
    0   -1    0    5    1   -3.558671    0.003066
    0   -1    0    6    1    0.020179   -0.010857
    0   -1    0    7    1    0.020219   -0.000999
    0   -1    0    8    1    5.185059   -0.002044
    0   -1    0    9    1    0.210102   -0.000335
    0   -1    0   10    1   -0.117995    0.000880
    0   -1    0   11    1    0.002143    0.000314
    0   -1    0   12    1   -0.088420   -0.002048
    0   -1    0   13    1   -0.142411    0.000174
    0   -1    0   14    1    0.164700   -0.000619
    0   -1    0   15    1   -0.000989    0.000282
    0   -1    0   16    1    0.080412    0.000980
    0   -1    0    1    2   -0.056085   -0.010467
    0   -1    0    2    2    0.010416    0.000000
    0   -1    0    3    2    0.040975    0.000396
    0   -1    0    4    2    0.059903   -0.002020
    0   -1    0    5    2   -0.080276    0.010903
    0   -1    0    6    2   -2.592414   -0.000056
    0   -1    0    7    2    0.013364    0.000123
    0   -1    0    8    2    0.065338   -0.002504
    0   -1    0    9    2    0.065756   -0.000117
    0   -1    0   10    2   -0.011677    0.000059
    0   -1    0   11    2   -0.051186    0.000137
    0   -1    0   12    2    0.004779   -0.004360
    0   -1    0   13    2   -0.056097    0.000109
    0   -1    0   14    2    0.021644   -0.000024
    0   -1    0   15    2   -0.037220    0.000103
    0   -1    0   16    2   -0.053162    0.002140
    0   -1    0    1    3    0.130370    0.000962
    0   -1    0    2    3    0.024747   -0.000392
    0   -1    0    3    3   -0.081166    0.000270
    0   -1    0    4    3   -0.349256    0.000908
    0   -1    0    5    3    0.008474    0.000332
    0   -1    0    6    3   -0.015789   -0.000023
    0   -1    0    7    3   -1.560824    0.000314
    0   -1    0    8    3   -0.044504    0.000244
    0   -1    0    9    3   -0.059598   -0.000598
    0   -1    0   10    3    0.027933    0.000429
    0   -1    0   11    3   -0.023073    0.001248
    0   -1    0   12    3    0.027078   -0.001698
    0   -1    0   13    3   -0.048041    0.000611
    0   -1    0   14    3   -0.020093   -0.000667
    0   -1    0   15    3   -0.042464    0.000954
    0   -1    0   16    3   -0.023241    0.000851
    0   -1    0    1    4   -0.959914    0.001650
    0   -1    0    2    4    0.052712    0.002000
    0   -1    0    3    4   -1.211460   -0.000607
    0   -1    0    4    4    0.767286   -0.000057
    0   -1    0    5    4   -5.159878   -0.000580
    0   -1    0    6    4   -0.023120   -0.002502
    0   -1    0    7    4   -0.053546   -0.000394
    0   -1    0    8    4    4.543977   -0.000156
    0   -1    0    9    4    0.069704   -0.000520
    0   -1    0   10    4   -0.068509    0.001112
    0   -1    0   11    4    0.054077    0.000400
    0   -1    0   12    4    0.004148   -0.001875
    0   -1    0   13    4   -0.098852    0.000108
    0   -1    0   14    4    0.066965   -0.000566
    0   -1    0   15    4    0.046266    0.000400
    0   -1    0   16    4   -0.009637    0.000922
    0   -1    0    1    5    0.242311   -0.003096
    0   -1    0    2    5   -0.023999   -0.010895
    0   -1    0    3    5   -0.208836   -0.000348
    0   -1    0    4    5    0.041127    0.000544
    0   -1    0    5    5   -1.167551    0.000005
    0   -1    0    6    5    0.054446    0.011277
    0   -1    0    7    5   -0.158593   -0.000527
    0   -1    0    8    5    0.987298    0.000343
    0   -1    0    9    5   -0.046625    0.000575
    0   -1    0   10    5   -0.037548   -0.000857
    0   -1    0   11    5   -0.028173   -0.000679
    0   -1    0   12    5   -0.025351    0.001385
    0   -1    0   13    5    0.020265   -0.000412
    0   -1    0   14    5    0.098530    0.000611
    0   -1    0   15    5   -0.064754   -0.000572
    0   -1    0   16    5    0.030296   -0.000653
    0   -1    0    1    6    0.002488    0.010864
    0   -1    0    2    6    0.209211    0.000056
    0   -1    0    3    6    0.029319    0.000058
    0   -1    0    4    6   -0.030589    0.002508
    0   -1    0    5    6    0.010907   -0.011297
    0   -1    0    6    6   -0.003500    0.000000
    0   -1    0    7    6    0.000401   -0.000225
    0   -1    0    8    6   -0.046852    0.002030
    0   -1    0    9    6   -0.026266    0.000093
    0   -1    0   10    6    0.009878   -0.000058
    0   -1    0   11    6    0.108856   -0.000103
    0   -1    0   12    6   -0.023001    0.004497
    0   -1    0   13    6    0.030517   -0.000095
    0   -1    0   14    6   -0.017207    0.000024
    0   -1    0   15    6    0.081019   -0.000082
    0   -1    0   16    6    0.020974   -0.002208
    0   -1    0    1    7    0.256954    0.000956
    0   -1    0    2    7   -0.035834   -0.000096
    0   -1    0    3    7    0.202950    0.000004
    0   -1    0    4    7    0.066819    0.000816
    0   -1    0    5    7    0.870493    0.000675
    0   -1    0    6    7   -0.008544    0.000229
    0   -1    0    7    7   -0.050867    0.000018
    0   -1    0    8    7   -1.275953    0.000996
    0   -1    0    9    7   -0.028311   -0.000564
    0   -1    0   10    7    0.088325    0.000486
    0   -1    0   11    7    0.003958    0.001203
    0   -1    0   12    7   -0.007909   -0.001706
    0   -1    0   13    7    0.015666    0.000558
    0   -1    0   14    7   -0.028660   -0.000579
    0   -1    0   15    7   -0.011681    0.000922
    0   -1    0   16    7   -0.016049    0.000852
    0   -1    0    1    8    0.077058    0.001940
    0   -1    0    2    8    0.012726    0.002494
    0   -1    0    3    8    0.129581   -0.000652
    0   -1    0    4    8    0.091489    0.000136
    0   -1    0    5    8   -0.564213   -0.000285
    0   -1    0    6    8   -0.052653   -0.002061
    0   -1    0    7    8   -0.240996   -0.001241
    0   -1    0    8    8    0.735770    0.000101
    0   -1    0    9    8    0.009877   -0.000608
    0   -1    0   10    8   -0.003053    0.001155
    0   -1    0   11    8    0.008412    0.000499
    0   -1    0   12    8   -0.023520   -0.001884
    0   -1    0   13    8   -0.003894   -0.000022
    0   -1    0   14    8    0.033907   -0.000386
    0   -1    0   15    8    0.002101    0.000385
    0   -1    0   16    8    0.043926    0.000922
    0   -1    0    1    9    0.157171    0.000278
    0   -1    0    2    9    0.026348    0.000106
    0   -1    0    3    9   -0.028817   -0.000472
    0   -1    0    4    9   -0.128112    0.000545
    0   -1    0    5    9    0.218140   -0.000504
    0   -1    0    6    9   -0.086880   -0.000097
    0   -1    0    7    9   -0.071350   -0.000415
    0   -1    0    8    9   -0.123764    0.000583
    0   -1    0    9    9   -0.628117   -0.000034
    0   -1    0   10    9   -0.041469   -0.000096
    0   -1    0   11    9   -0.109302    0.000077
    0   -1    0   12    9    0.727490    0.001506
    0   -1    0   13    9   -0.060279    0.000059
    0   -1    0   14    9    0.057291    0.000070
    0   -1    0   15    9    0.149686    0.000068
    0   -1    0   16    9    0.881466   -0.000733
    0   -1    0    1   10   -0.139833   -0.000867
    0   -1    0    2   10    0.001512   -0.000058
    0   -1    0    3   10   -0.108269   -0.000371
    0   -1    0    4   10    0.116717   -0.001103
    0   -1    0    5   10   -0.060488    0.000878
    0   -1    0    6   10    0.092356    0.000059
    0   -1    0    7   10    0.014422   -0.000396
    0   -1    0    8   10    0.137807   -0.001166
    0   -1    0    9   10   -0.012710    0.000130
    0   -1    0   10   10   -0.554400    0.000006
    0   -1    0   11   10   -0.014085   -0.000202
    0   -1    0   12   10   -0.063400    0.000469
    0   -1    0   13   10    0.009188   -0.000126
    0   -1    0   14   10   -0.264560   -0.000005
    0   -1    0   15   10   -0.002432   -0.000158
    0   -1    0   16   10    0.002542   -0.000228
    0   -1    0    1   11    0.097817   -0.000224
    0   -1    0    2   11   -0.073077   -0.000125
    0   -1    0    3   11    0.044881    0.000283
    0   -1    0    4   11   -0.040469   -0.000425
    0   -1    0    5   11    0.010916    0.000572
    0   -1    0    6   11    0.056335    0.000105
    0   -1    0    7   11    0.036071    0.000252
    0   -1    0    8   11   -0.051992   -0.000449
    0   -1    0    9   11    0.043100    0.000066
    0   -1    0   10   11    0.012172    0.000145
    0   -1    0   11   11   -0.300582   -0.000142
    0   -1    0   12   11   -0.418089   -0.002032
    0   -1    0   13   11   -0.114204   -0.000098
    0   -1    0   14   11    0.002903   -0.000107
    0   -1    0   15   11   -0.576216   -0.000122
    0   -1    0   16   11    0.208302    0.000988
    0   -1    0    1   12    0.024906    0.002073
    0   -1    0    2   12   -0.028782    0.004360
    0   -1    0    3   12    0.003412    0.001600
    0   -1    0    4   12   -0.010854    0.001877
    0   -1    0    5   12    0.038533   -0.001382
    0   -1    0    6   12   -0.112064   -0.004495
    0   -1    0    7   12    0.002480    0.001594
    0   -1    0    8   12    0.015204    0.001866
    0   -1    0    9   12   -0.436686   -0.001557
    0   -1    0   10   12    0.029819   -0.000461
    0   -1    0   11   12   -0.434745    0.002101
    0   -1    0   12   12    0.179407   -0.000025
    0   -1    0   13   12   -1.183431    0.001628
    0   -1    0   14   12   -0.002814    0.000409
    0   -1    0   15   12    0.256255    0.001666
    0   -1    0   16   12    2.126693    0.000005
    0   -1    0    1   13   -0.135689   -0.000097
    0   -1    0    2   13   -0.036278   -0.000124
    0   -1    0    3   13   -0.033351    0.000455
    0   -1    0    4   13    0.022972   -0.000091
    0   -1    0    5   13   -0.106386    0.000318
    0   -1    0    6   13    0.039455    0.000093
    0   -1    0    7   13    0.083810    0.000430
    0   -1    0    8   13    0.179160    0.000058
    0   -1    0    9   13   -0.087494    0.000012
    0   -1    0   10   13    0.005167    0.000090
    0   -1    0   11   13    0.100111   -0.000036
    0   -1    0   12   13    0.033419   -0.001581
    0   -1    0   13   13   -0.484093   -0.000007
    0   -1    0   14   13   -0.014209   -0.000070
    0   -1    0   15   13   -0.298658   -0.000021
    0   -1    0   16   13    0.170155    0.000767
    0   -1    0    1   14   -0.010442    0.000614
    0   -1    0    2   14    0.001063    0.000024
    0   -1    0    3   14    0.002236    0.000614
    0   -1    0    4   14   -0.029603    0.000555
    0   -1    0    5   14    0.204567   -0.000620
    0   -1    0    6   14    0.026362   -0.000024
    0   -1    0    7   14    0.017225    0.000505
    0   -1    0    8   14   -0.073022    0.000389
    0   -1    0    9   14   -0.006520   -0.000103
    0   -1    0   10   14    0.194169   -0.000004
    0   -1    0   11   14   -0.036250    0.000161
    0   -1    0   12   14    0.036042   -0.000415
    0   -1    0   13   14   -0.002914    0.000100
    0   -1    0   14   14   -0.257946    0.000004
    0   -1    0   15   14   -0.030093    0.000127
    0   -1    0   16   14    0.000501    0.000201
    0   -1    0    1   15    0.075872   -0.000203
    0   -1    0    2   15   -0.059382   -0.000107
    0   -1    0    3   15    0.041044    0.000277
    0   -1    0    4   15   -0.044731   -0.000396
    0   -1    0    5   15    0.028894    0.000471
    0   -1    0    6   15    0.055940    0.000080
    0   -1    0    7   15    0.017865    0.000253
    0   -1    0    8   15   -0.063747   -0.000345
    0   -1    0    9   15   -0.155189    0.000055
    0   -1    0   10   15   -0.008828    0.000111
    0   -1    0   11   15   -0.033917   -0.000114
    0   -1    0   12   15   -0.010757   -0.001611
    0   -1    0   13   15    0.095342   -0.000063
    0   -1    0   14   15    0.012009   -0.000084
    0   -1    0   15   15   -0.143588   -0.000089
    0   -1    0   16   15   -0.436035    0.000782
    0   -1    0    1   16   -0.017729   -0.000996
    0   -1    0    2   16   -0.010434   -0.002140
    0   -1    0    3   16   -0.020330   -0.000757
    0   -1    0    4   16    0.017932   -0.000916
    0   -1    0    5   16   -0.074463    0.000650
    0   -1    0    6   16    0.048970    0.002207
    0   -1    0    7   16   -0.032870   -0.000751
    0   -1    0    8   16   -0.020960   -0.000915
    0   -1    0    9   16    0.138774    0.000768
    0   -1    0   10   16    0.002391    0.000221
    0   -1    0   11   16   -0.030198   -0.001037
    0   -1    0   12   16   -0.045872    0.000035
    0   -1    0   13   16   -0.437487   -0.000802
    0   -1    0   14   16   -0.020650   -0.000197
    0   -1    0   15   16   -0.453763   -0.000822
    0   -1    0   16   16    0.221414   -0.000016
    0    0    0    1    1   -2.231413   -0.000000
    0    0    0    2    1    0.070633    0.010485
    0    0    0    3    1    0.031220   -0.000829
    0    0    0    4    1    0.043488   -0.001965
    0    0    0    5    1   -3.630658    0.003052
    0    0    0    6    1    0.093951   -0.010870
    0    0    0    7    1    4.452033   -0.000588
    0    0    0    8    1   -2.528372   -0.001668
    0    0    0    9    1    0.238072   -0.000298
    0    0    0   10    1   -0.189584    0.000882
    0    0    0   11    1    0.018628    0.000255
    0    0    0   12    1   -0.019125   -0.002059
    0    0    0   13    1    0.001423    0.000088
    0    0    0   14    1    0.206928   -0.000622
    0    0    0   15    1    0.037238    0.000209
    0    0    0   16    1   -0.018549    0.000988
    0    0    0    1    2    0.070633   -0.010485
    0    0    0    2    2   -1.194762   -0.000000
    0    0    0    3    2   -0.062649    0.000003
    0    0    0    4    2    0.027683   -0.002500
    0    0    0    5    2    0.024995    0.010912
    0    0    0    6    2   -2.610333   -0.000056
    0    0    0    7    2    0.036268    0.000296
    0    0    0    8    2    0.042008   -0.001996
    0    0    0    9    2   -0.278792   -0.000110
    0    0    0   10    2    0.280232    0.000056
    0    0    0   11    2   -0.121036    0.000130
    0    0    0   12    2   -0.061413   -0.004360
    0    0    0   13    2    0.050346    0.000120
    0    0    0   14    2    0.190151   -0.000022
    0    0    0   15    2   -0.059457    0.000106
    0    0    0   16    2    0.023829    0.002141
    0    0    0    1    3    0.031220    0.000829
    0    0    0    2    3   -0.062649   -0.000003
    0    0    0    3    3   -2.506342   -0.000000
    0    0    0    4    3   -0.119330    0.000427
    0    0    0    5    3   -4.474636    0.000754
    0    0    0    6    3   -0.004253    0.000144
    0    0    0    7    3    3.105311    0.000164
    0    0    0    8    3   -2.739996    0.000788
    0    0    0    9    3    0.000506   -0.000114
    0    0    0   10    3    0.008977    0.000494
    0    0    0   11    3   -0.102135    0.000590
    0    0    0   12    3    0.002452   -0.001700
    0    0    0   13    3    0.026875   -0.000069
    0    0    0   14    3    0.058116   -0.000583
    0    0    0   15    3   -0.070396    0.000339
    0    0    0   16    3    0.000459    0.000833
    0    0    0    1    4    0.043488    0.001965
    0    0    0    2    4    0.027683    0.002500
    0    0    0    3    4   -0.119330   -0.000427
    0    0    0    4    4   -2.559440   -0.000000
    0    0    0    5    4    2.552770   -0.000198
    0    0    0    6    4   -0.069087   -0.002032
    0    0    0    7    4   -2.768293   -0.000971
    0    0    0    8    4   -0.078038   -0.000141
    0    0    0    9    4   -0.034715   -0.000530
    0    0    0   10    4    0.031734    0.001170
    0    0    0   11    4   -0.019632    0.000381
    0    0    0   12    4    0.049609   -0.001876
    0    0    0   13    4    0.068663    0.000004
    0    0    0   14    4   -0.059428   -0.000389
    0    0    0   15    4   -0.008881    0.000350
    0    0    0   16    4   -0.082541    0.000921
    0    0    0    1    5   -3.630658   -0.003052
    0    0    0    2    5    0.024995   -0.010912
    0    0    0    3    5   -4.474636   -0.000754
    0    0    0    4    5    2.552770    0.000198
    0    0    0    5    5   -2.194376   -0.000000
    0    0    0    6    5    0.002072    0.011275
    0    0    0    7    5    0.063534   -0.000496
    0    0    0    8    5    0.047050    0.000708
    0    0    0    9    5    0.172826    0.000548
    0    0    0   10    5   -0.189018   -0.000883
    0    0    0   11    5   -0.000033   -0.000646
    0    0    0   12    5   -0.062498    0.001370
    0    0    0   13    5   -0.058788   -0.000348
    0    0    0   14    5    0.234337    0.000616
    0    0    0   15    5    0.000908   -0.000524
    0    0    0   16    5    0.038115   -0.000642
    0    0    0    1    6    0.093951    0.010870
    0    0    0    2    6   -2.610333    0.000056
    0    0    0    3    6   -0.004253   -0.000144
    0    0    0    4    6   -0.069087    0.002032
    0    0    0    5    6    0.002072   -0.011275
    0    0    0    6    6   -1.203234   -0.000000
    0    0    0    7    6    0.044734    0.000143
    0    0    0    8    6   -0.026024    0.002505
    0    0    0    9    6    0.028026    0.000091
    0    0    0   10    6    0.012985   -0.000056
    0    0    0   11    6    0.004297   -0.000099
    0    0    0   12    6    0.056172    0.004495
    0    0    0   13    6   -0.057866   -0.000108
    0    0    0   14    6    0.135221    0.000022
    0    0    0   15    6    0.005455   -0.000086
    0    0    0   16    6   -0.032635   -0.002207
    0    0    0    1    7    4.452033    0.000588
    0    0    0    2    7    0.036268   -0.000296
    0    0    0    3    7    3.105311   -0.000164
    0    0    0    4    7   -2.768293    0.000971
    0    0    0    5    7    0.063534    0.000496
    0    0    0    6    7    0.044734   -0.000143
    0    0    0    7    7   -2.563789   -0.000000
    0    0    0    8    7   -0.130657    0.000760
    0    0    0    9    7   -0.101285    0.000072
    0    0    0   10    7    0.109649    0.000449
    0    0    0   11    7   -0.067580    0.000328
    0    0    0   12    7    0.016569   -0.001688
    0    0    0   13    7    0.063327   -0.000094
    0    0    0   14    7   -0.018729   -0.000679
    0    0    0   15    7   -0.114527    0.000199
    0    0    0   16    7   -0.015714    0.000820
    0    0    0    1    8   -2.528372    0.001668
    0    0    0    2    8    0.042008    0.001996
    0    0    0    3    8   -2.739996   -0.000788
    0    0    0    4    8   -0.078038    0.000141
    0    0    0    5    8    0.047050   -0.000708
    0    0    0    6    8   -0.026024   -0.002505
    0    0    0    7    8   -0.130657   -0.000760
    0    0    0    8    8   -2.596102    0.000000
    0    0    0    9    8    0.037085   -0.000543
    0    0    0   10    8    0.012273    0.001097
    0    0    0   11    8    0.045233    0.000438
    0    0    0   12    8    0.058882   -0.001873
    0    0    0   13    8   -0.112132    0.000107
    0    0    0   14    8    0.042083   -0.000563
    0    0    0   15    8    0.019246    0.000417
    0    0    0   16    8   -0.085710    0.000923
    0    0    0    1    9    0.238072    0.000298
    0    0    0    2    9   -0.278792    0.000110
    0    0    0    3    9    0.000506    0.000114
    0    0    0    4    9   -0.034715    0.000530
    0    0    0    5    9    0.172826   -0.000548
    0    0    0    6    9    0.028026   -0.000091
    0    0    0    7    9   -0.101285   -0.000072
    0    0    0    8    9    0.037085    0.000543
    0    0    0    9    9    1.254158   -0.000000
    0    0    0   10    9   -0.174817   -0.000121
    0    0    0   11    9    1.918166    0.000004
    0    0    0   12    9    0.001475    0.001543
    0    0    0   13    9   -3.318155    0.000033
    0    0    0   14    9    0.076411    0.000090
    0    0    0   15    9    4.311850    0.000011
    0    0    0   16    9   -0.002187   -0.000763
    0    0    0    1   10   -0.189584   -0.000882
    0    0    0    2   10    0.280232   -0.000056
    0    0    0    3   10    0.008977   -0.000494
    0    0    0    4   10    0.031734   -0.001170
    0    0    0    5   10   -0.189018    0.000883
    0    0    0    6   10    0.012985    0.000056
    0    0    0    7   10    0.109649   -0.000449
    0    0    0    8   10    0.012273   -0.001097
    0    0    0    9   10   -0.174817    0.000121
    0    0    0   10   10    1.792311   -0.000000
    0    0    0   11   10    0.036421   -0.000183
    0    0    0   12   10   -0.003893    0.000445
    0    0    0   13   10    0.000880   -0.000106
    0    0    0   14   10   -2.365500   -0.000000
    0    0    0   15   10   -0.064883   -0.000138
    0    0    0   16   10    0.008445   -0.000212
    0    0    0    1   11    0.018628   -0.000255
    0    0    0    2   11   -0.121036   -0.000130
    0    0    0    3   11   -0.102135   -0.000590
    0    0    0    4   11   -0.019632   -0.000381
    0    0    0    5   11   -0.000033    0.000646
    0    0    0    6   11    0.004297    0.000099
    0    0    0    7   11   -0.067580   -0.000328
    0    0    0    8   11    0.045233   -0.000438
    0    0    0    9   11    1.918166   -0.000004
    0    0    0   10   11    0.036421    0.000183
    0    0    0   11   11   -4.421342    0.000000
    0    0    0   12   11   -0.010078   -0.002099
    0    0    0   13   11   -5.112485   -0.000035
    0    0    0   14   11    0.017026   -0.000140
    0    0    0   15   11    3.449811   -0.000007
    0    0    0   16   11    0.007234    0.001043
    0    0    0    1   12   -0.019125    0.002059
    0    0    0    2   12   -0.061413    0.004360
    0    0    0    3   12    0.002452    0.001700
    0    0    0    4   12    0.049609    0.001876
    0    0    0    5   12   -0.062498   -0.001370
    0    0    0    6   12    0.056172   -0.004495
    0    0    0    7   12    0.016569    0.001688
    0    0    0    8   12    0.058882    0.001873
    0    0    0    9   12    0.001475   -0.001543
    0    0    0   10   12   -0.003893   -0.000445
    0    0    0   11   12   -0.010078    0.002099
    0    0    0   12   12    2.680898   -0.000000
    0    0    0   13   12    0.005095    0.001610
    0    0    0   14   12    0.001164    0.000397
    0    0    0   15   12   -0.001483    0.001665
    0    0    0   16   12   -2.045430   -0.000015
    0    0    0    1   13    0.001423   -0.000088
    0    0    0    2   13    0.050346   -0.000120
    0    0    0    3   13    0.026875    0.000069
    0    0    0    4   13    0.068663   -0.000004
    0    0    0    5   13   -0.058788    0.000348
    0    0    0    6   13   -0.057866    0.000108
    0    0    0    7   13    0.063327    0.000094
    0    0    0    8   13   -0.112132   -0.000107
    0    0    0    9   13   -3.318155   -0.000033
    0    0    0   10   13    0.000880    0.000106
    0    0    0   11   13   -5.112485    0.000035
    0    0    0   12   13    0.005095   -0.001610
    0    0    0   13   13   -5.864322    0.000000
    0    0    0   14   13   -0.117183   -0.000089
    0    0    0   15   13    0.107236    0.000016
    0    0    0   16   13   -0.002512    0.000792
    0    0    0    1   14    0.206928    0.000622
    0    0    0    2   14    0.190151    0.000022
    0    0    0    3   14    0.058116    0.000583
    0    0    0    4   14   -0.059428    0.000389
    0    0    0    5   14    0.234337   -0.000616
    0    0    0    6   14    0.135221   -0.000022
    0    0    0    7   14   -0.018729    0.000679
    0    0    0    8   14    0.042083    0.000563
    0    0    0    9   14    0.076411   -0.000090
    0    0    0   10   14   -2.365500    0.000000
    0    0    0   11   14    0.017026    0.000140
    0    0    0   12   14    0.001164   -0.000397
    0    0    0   13   14   -0.117183    0.000089
    0    0    0   14   14   -2.350440    0.000000
    0    0    0   15   14   -0.023254    0.000111
    0    0    0   16   14   -0.001585    0.000190
    0    0    0    1   15    0.037238   -0.000209
    0    0    0    2   15   -0.059457   -0.000106
    0    0    0    3   15   -0.070396   -0.000339
    0    0    0    4   15   -0.008881   -0.000350
    0    0    0    5   15    0.000908    0.000524
    0    0    0    6   15    0.005455    0.000086
    0    0    0    7   15   -0.114527   -0.000199
    0    0    0    8   15    0.019246   -0.000417
    0    0    0    9   15    4.311850   -0.000011
    0    0    0   10   15   -0.064883    0.000138
    0    0    0   11   15    3.449811    0.000007
    0    0    0   12   15   -0.001483   -0.001665
    0    0    0   13   15    0.107236   -0.000016
    0    0    0   14   15   -0.023254   -0.000111
    0    0    0   15   15   -5.066590   -0.000000
    0    0    0   16   15    0.001041    0.000826
    0    0    0    1   16   -0.018549   -0.000988
    0    0    0    2   16    0.023829   -0.002141
    0    0    0    3   16    0.000459   -0.000833
    0    0    0    4   16   -0.082541   -0.000921
    0    0    0    5   16    0.038115    0.000642
    0    0    0    6   16   -0.032635    0.002207
    0    0    0    7   16   -0.015714   -0.000820
    0    0    0    8   16   -0.085710   -0.000923
    0    0    0    9   16   -0.002187    0.000763
    0    0    0   10   16    0.008445    0.000212
    0    0    0   11   16    0.007234   -0.001043
    0    0    0   12   16   -2.045430    0.000015
    0    0    0   13   16   -0.002512   -0.000792
    0    0    0   14   16   -0.001585   -0.000190
    0    0    0   15   16    0.001041   -0.000826
    0    0    0   16   16   -2.210631    0.000000
    0    1    0    1    1   -1.138591    0.000033
    0    1    0    2    1   -0.056085    0.010467
    0    1    0    3    1    0.130370   -0.000962
    0    1    0    4    1   -0.959914   -0.001650
    0    1    0    5    1    0.242311    0.003096
    0    1    0    6    1    0.002488   -0.010864
    0    1    0    7    1    0.256954   -0.000956
    0    1    0    8    1    0.077058   -0.001940
    0    1    0    9    1    0.157171   -0.000278
    0    1    0   10    1   -0.139833    0.000867
    0    1    0   11    1    0.097817    0.000224
    0    1    0   12    1    0.024906   -0.002073
    0    1    0   13    1   -0.135689    0.000097
    0    1    0   14    1   -0.010442   -0.000614
    0    1    0   15    1    0.075872    0.000203
    0    1    0   16    1   -0.017729    0.000996
    0    1    0    1    2   -0.100596   -0.010485
    0    1    0    2    2    0.010416   -0.000000
    0    1    0    3    2    0.024747    0.000392
    0    1    0    4    2    0.052712   -0.002000
    0    1    0    5    2   -0.023999    0.010895
    0    1    0    6    2    0.209211   -0.000056
    0    1    0    7    2   -0.035834    0.000096
    0    1    0    8    2    0.012726   -0.002494
    0    1    0    9    2    0.026348   -0.000106
    0    1    0   10    2    0.001512    0.000058
    0    1    0   11    2   -0.073077    0.000125
    0    1    0   12    2   -0.028782   -0.004360
    0    1    0   13    2   -0.036278    0.000124
    0    1    0   14    2    0.001063   -0.000024
    0    1    0   15    2   -0.059382    0.000107
    0    1    0   16    2   -0.010434    0.002140
    0    1    0    1    3   -0.787695    0.000646
    0    1    0    2    3    0.040975   -0.000396
    0    1    0    3    3   -0.081166   -0.000270
    0    1    0    4    3   -1.211460    0.000607
    0    1    0    5    3   -0.208836    0.000348
    0    1    0    6    3    0.029319   -0.000058
    0    1    0    7    3    0.202950   -0.000004
    0    1    0    8    3    0.129581    0.000652
    0    1    0    9    3   -0.028817    0.000472
    0    1    0   10    3   -0.108269    0.000371
    0    1    0   11    3    0.044881   -0.000283
    0    1    0   12    3    0.003412   -0.001600
    0    1    0   13    3   -0.033351   -0.000455
    0    1    0   14    3    0.002236   -0.000614
    0    1    0   15    3    0.041044   -0.000277
    0    1    0   16    3   -0.020330    0.000757
    0    1    0    1    4    0.635816    0.001534
    0    1    0    2    4    0.059903    0.002020
    0    1    0    3    4   -0.349256   -0.000908
    0    1    0    4    4    0.767286    0.000057
    0    1    0    5    4    0.041127   -0.000544
    0    1    0    6    4   -0.030589   -0.002508
    0    1    0    7    4    0.066819   -0.000816
    0    1    0    8    4    0.091489   -0.000136
    0    1    0    9    4   -0.128112   -0.000545
    0    1    0   10    4    0.116717    0.001103
    0    1    0   11    4   -0.040469    0.000425
    0    1    0   12    4   -0.010854   -0.001877
    0    1    0   13    4    0.022972    0.000091
    0    1    0   14    4   -0.029603   -0.000555
    0    1    0   15    4   -0.044731    0.000396
    0    1    0   16    4    0.017932    0.000916
    0    1    0    1    5   -3.558671   -0.003066
    0    1    0    2    5   -0.080276   -0.010903
    0    1    0    3    5    0.008474   -0.000332
    0    1    0    4    5   -5.159878    0.000580
    0    1    0    5    5   -1.167551   -0.000005
    0    1    0    6    5    0.010907    0.011297
    0    1    0    7    5    0.870493   -0.000675
    0    1    0    8    5   -0.564213    0.000285
    0    1    0    9    5    0.218140    0.000504
    0    1    0   10    5   -0.060488   -0.000878
    0    1    0   11    5    0.010916   -0.000572
    0    1    0   12    5    0.038533    0.001382
    0    1    0   13    5   -0.106386   -0.000318
    0    1    0   14    5    0.204567    0.000620
    0    1    0   15    5    0.028894   -0.000471
    0    1    0   16    5   -0.074463   -0.000650
    0    1    0    1    6    0.020179    0.010857
    0    1    0    2    6   -2.592414    0.000056
    0    1    0    3    6   -0.015789    0.000023
    0    1    0    4    6   -0.023120    0.002502
    0    1    0    5    6    0.054446   -0.011277
    0    1    0    6    6   -0.003500   -0.000000
    0    1    0    7    6   -0.008544   -0.000229
    0    1    0    8    6   -0.052653    0.002061
    0    1    0    9    6   -0.086880    0.000097
    0    1    0   10    6    0.092356   -0.000059
    0    1    0   11    6    0.056335   -0.000105
    0    1    0   12    6   -0.112064    0.004495
    0    1    0   13    6    0.039455   -0.000093
    0    1    0   14    6    0.026362    0.000024
    0    1    0   15    6    0.055940   -0.000080
    0    1    0   16    6    0.048970   -0.002207
    0    1    0    1    7    0.020219    0.000999
    0    1    0    2    7    0.013364   -0.000123
    0    1    0    3    7   -1.560824   -0.000314
    0    1    0    4    7   -0.053546    0.000394
    0    1    0    5    7   -0.158593    0.000527
    0    1    0    6    7    0.000401    0.000225
    0    1    0    7    7   -0.050867   -0.000018
    0    1    0    8    7   -0.240996    0.001241
    0    1    0    9    7   -0.071350    0.000415
    0    1    0   10    7    0.014422    0.000396
    0    1    0   11    7    0.036071   -0.000252
    0    1    0   12    7    0.002480   -0.001594
    0    1    0   13    7    0.083810   -0.000430
    0    1    0   14    7    0.017225   -0.000505
    0    1    0   15    7    0.017865   -0.000253
    0    1    0   16    7   -0.032870    0.000751
    0    1    0    1    8    5.185059    0.002044
    0    1    0    2    8    0.065338    0.002504
    0    1    0    3    8   -0.044504   -0.000244
    0    1    0    4    8    4.543977    0.000156
    0    1    0    5    8    0.987298   -0.000343
    0    1    0    6    8   -0.046852   -0.002030
    0    1    0    7    8   -1.275953   -0.000996
    0    1    0    8    8    0.735770   -0.000101
    0    1    0    9    8   -0.123764   -0.000583
    0    1    0   10    8    0.137807    0.001166
    0    1    0   11    8   -0.051992    0.000449
    0    1    0   12    8    0.015204   -0.001866
    0    1    0   13    8    0.179160   -0.000058
    0    1    0   14    8   -0.073022   -0.000389
    0    1    0   15    8   -0.063747    0.000345
    0    1    0   16    8   -0.020960    0.000915
    0    1    0    1    9    0.210102    0.000335
    0    1    0    2    9    0.065756    0.000117
    0    1    0    3    9   -0.059598    0.000598
    0    1    0    4    9    0.069704    0.000520
    0    1    0    5    9   -0.046625   -0.000575
    0    1    0    6    9   -0.026266   -0.000093
    0    1    0    7    9   -0.028311    0.000564
    0    1    0    8    9    0.009877    0.000608
    0    1    0    9    9   -0.628117    0.000034
    0    1    0   10    9   -0.012710   -0.000130
    0    1    0   11    9    0.043100   -0.000066
    0    1    0   12    9   -0.436686    0.001557
    0    1    0   13    9   -0.087494   -0.000012
    0    1    0   14    9   -0.006520    0.000103
    0    1    0   15    9   -0.155189   -0.000055
    0    1    0   16    9    0.138774   -0.000768
    0    1    0    1   10   -0.117995   -0.000880
    0    1    0    2   10   -0.011677   -0.000059
    0    1    0    3   10    0.027933   -0.000429
    0    1    0    4   10   -0.068509   -0.001112
    0    1    0    5   10   -0.037548    0.000857
    0    1    0    6   10    0.009878    0.000058
    0    1    0    7   10    0.088325   -0.000486
    0    1    0    8   10   -0.003053   -0.001155
    0    1    0    9   10   -0.041469    0.000096
    0    1    0   10   10   -0.554400   -0.000006
    0    1    0   11   10    0.012172   -0.000145
    0    1    0   12   10    0.029819    0.000461
    0    1    0   13   10    0.005167   -0.000090
    0    1    0   14   10    0.194169    0.000004
    0    1    0   15   10   -0.008828   -0.000111
    0    1    0   16   10    0.002391   -0.000221
    0    1    0    1   11    0.002143   -0.000314
    0    1    0    2   11   -0.051186   -0.000137
    0    1    0    3   11   -0.023073   -0.001248
    0    1    0    4   11    0.054077   -0.000400
    0    1    0    5   11   -0.028173    0.000679
    0    1    0    6   11    0.108856    0.000103
    0    1    0    7   11    0.003958   -0.001203
    0    1    0    8   11    0.008412   -0.000499
    0    1    0    9   11   -0.109302   -0.000077
    0    1    0   10   11   -0.014085    0.000202
    0    1    0   11   11   -0.300582    0.000142
    0    1    0   12   11   -0.434745   -0.002101
    0    1    0   13   11    0.100111    0.000036
    0    1    0   14   11   -0.036250   -0.000161
    0    1    0   15   11   -0.033917    0.000114
    0    1    0   16   11   -0.030198    0.001037
    0    1    0    1   12   -0.088420    0.002048
    0    1    0    2   12    0.004779    0.004360
    0    1    0    3   12    0.027078    0.001698
    0    1    0    4   12    0.004148    0.001875
    0    1    0    5   12   -0.025351   -0.001385
    0    1    0    6   12   -0.023001   -0.004497
    0    1    0    7   12   -0.007909    0.001706
    0    1    0    8   12   -0.023520    0.001884
    0    1    0    9   12    0.727490   -0.001506
    0    1    0   10   12   -0.063400   -0.000469
    0    1    0   11   12   -0.418089    0.002032
    0    1    0   12   12    0.179407    0.000025
    0    1    0   13   12    0.033419    0.001581
    0    1    0   14   12    0.036042    0.000415
    0    1    0   15   12   -0.010757    0.001611
    0    1    0   16   12   -0.045872   -0.000035
    0    1    0    1   13   -0.142411   -0.000174
    0    1    0    2   13   -0.056097   -0.000109
    0    1    0    3   13   -0.048041   -0.000611
    0    1    0    4   13   -0.098852   -0.000108
    0    1    0    5   13    0.020265    0.000412
    0    1    0    6   13    0.030517    0.000095
    0    1    0    7   13    0.015666   -0.000558
    0    1    0    8   13   -0.003894    0.000022
    0    1    0    9   13   -0.060279   -0.000059
    0    1    0   10   13    0.009188    0.000126
    0    1    0   11   13   -0.114204    0.000098
    0    1    0   12   13   -1.183431   -0.001628
    0    1    0   13   13   -0.484093    0.000007
    0    1    0   14   13   -0.002914   -0.000100
    0    1    0   15   13    0.095342    0.000063
    0    1    0   16   13   -0.437487    0.000802
    0    1    0    1   14    0.164700    0.000619
    0    1    0    2   14    0.021644    0.000024
    0    1    0    3   14   -0.020093    0.000667
    0    1    0    4   14    0.066965    0.000566
    0    1    0    5   14    0.098530   -0.000611
    0    1    0    6   14   -0.017207   -0.000024
    0    1    0    7   14   -0.028660    0.000579
    0    1    0    8   14    0.033907    0.000386
    0    1    0    9   14    0.057291   -0.000070
    0    1    0   10   14   -0.264560    0.000005
    0    1    0   11   14    0.002903    0.000107
    0    1    0   12   14   -0.002814   -0.000409
    0    1    0   13   14   -0.014209    0.000070
    0    1    0   14   14   -0.257946   -0.000004
    0    1    0   15   14    0.012009    0.000084
    0    1    0   16   14   -0.020650    0.000197
    0    1    0    1   15   -0.000989   -0.000282
    0    1    0    2   15   -0.037220   -0.000103
    0    1    0    3   15   -0.042464   -0.000954
    0    1    0    4   15    0.046266   -0.000400
    0    1    0    5   15   -0.064754    0.000572
    0    1    0    6   15    0.081019    0.000082
    0    1    0    7   15   -0.011681   -0.000922
    0    1    0    8   15    0.002101   -0.000385
    0    1    0    9   15    0.149686   -0.000068
    0    1    0   10   15   -0.002432    0.000158
    0    1    0   11   15   -0.576216    0.000122
    0    1    0   12   15    0.256255   -0.001666
    0    1    0   13   15   -0.298658    0.000021
    0    1    0   14   15   -0.030093   -0.000127
    0    1    0   15   15   -0.143588    0.000089
    0    1    0   16   15   -0.453763    0.000822
    0    1    0    1   16    0.080412   -0.000980
    0    1    0    2   16   -0.053162   -0.002140
    0    1    0    3   16   -0.023241   -0.000851
    0    1    0    4   16   -0.009637   -0.000922
    0    1    0    5   16    0.030296    0.000653
    0    1    0    6   16    0.020974    0.002208
    0    1    0    7   16   -0.016049   -0.000852
    0    1    0    8   16    0.043926   -0.000922
    0    1    0    9   16    0.881466    0.000733
    0    1    0   10   16    0.002542    0.000228
    0    1    0   11   16    0.208302   -0.000988
    0    1    0   12   16    2.126693   -0.000005
    0    1    0   13   16    0.170155   -0.000767
    0    1    0   14   16    0.000501   -0.000201
    0    1    0   15   16   -0.436035   -0.000782
    0    1    0   16   16    0.221414    0.000016
    0    2    0    1    1   -0.296735    0.000000
    0    2    0    2    1   -0.017306    0.010473
    0    2    0    3    1    0.161885   -0.001216
    0    2    0    4    1    0.094262   -0.001920
    0    2    0    5    1    0.169763    0.003089
    0    2    0    6    1    0.004516   -0.010855
    0    2    0    7    1    0.204127   -0.001007
    0    2    0    8    1    0.206999   -0.001619
    0    2    0    9    1    0.028900   -0.000335
    0    2    0   10    1   -0.005787    0.000859
    0    2    0   11    1   -0.061665    0.000316
    0    2    0   12    1    0.006380   -0.002062
    0    2    0   13    1   -0.002292    0.000177
    0    2    0   14    1    0.021576   -0.000612
    0    2    0   15    1   -0.036491    0.000285
    0    2    0   16    1    0.019563    0.000987
    0    2    0    1    2   -0.017306   -0.010473
    0    2    0    2    2   -0.199200    0.000000
    0    2    0    3    2   -0.069015    0.000029
    0    2    0    4    2    0.016329   -0.002493
    0    2    0    5    2   -0.005534    0.010888
    0    2    0    6    2    0.192367   -0.000056
    0    2    0    7    2   -0.029754    0.000294
    0    2    0    8    2    0.066337   -0.002021
    0    2    0    9    2   -0.016986   -0.000116
    0    2    0   10    2   -0.017589    0.000057
    0    2    0   11    2    0.010206    0.000132
    0    2    0   12    2   -0.015346   -0.004358
    0    2    0   13    2   -0.006087    0.000114
    0    2    0   14    2    0.019604   -0.000023
    0    2    0   15    2   -0.005082    0.000103
    0    2    0   16    2    0.046292    0.002139
    0    2    0    1    3    0.161885    0.001216
    0    2    0    2    3   -0.069015   -0.000029
    0    2    0    3    3    0.312435    0.000000
    0    2    0    4    3    0.087532    0.000523
    0    2    0    5    3   -0.048173    0.000250
    0    2    0    6    3    0.000349    0.000141
    0    2    0    7    3    0.245273    0.000071
    0    2    0    8    3    0.065941    0.000978
    0    2    0    9    3    0.036072   -0.000162
    0    2    0   10    3    0.080078    0.000384
    0    2    0   11    3   -0.039057    0.000571
    0    2    0   12    3    0.009013   -0.001631
    0    2    0   13    3   -0.022049    0.000150
    0    2    0   14    3   -0.008258   -0.000500
    0    2    0   15    3   -0.016455    0.000395
    0    2    0   16    3   -0.016271    0.000784
    0    2    0    1    4    0.094262    0.001920
    0    2    0    2    4    0.016329    0.002493
    0    2    0    3    4    0.087532   -0.000523
    0    2    0    4    4    0.143276    0.000000
    0    2    0    5    4   -0.148222   -0.000233
    0    2    0    6    4   -0.064933   -0.002060
    0    2    0    7    4    0.124424   -0.001083
    0    2    0    8    4    0.046268   -0.000114
    0    2    0    9    4    0.019475   -0.000595
    0    2    0   10    4    0.031763    0.001170
    0    2    0   11    4   -0.058339    0.000465
    0    2    0   12    4    0.009197   -0.001877
    0    2    0   13    4   -0.031658    0.000042
    0    2    0   14    4    0.009871   -0.000390
    0    2    0   15    4   -0.034476    0.000401
    0    2    0   16    4    0.019204    0.000917
    0    2    0    1    5    0.169763   -0.003089
    0    2    0    2    5   -0.005534   -0.010888
    0    2    0    3    5   -0.048173   -0.000250
    0    2    0    4    5   -0.148222    0.000233
    0    2    0    5    5   -0.290805    0.000000
    0    2    0    6    5    0.041536    0.011286
    0    2    0    7    5   -0.075461   -0.000202
    0    2    0    8    5   -0.068114    0.000603
    0    2    0    9    5    0.009607    0.000545
    0    2    0   10    5   -0.089398   -0.000854
    0    2    0   11    5   -0.089315   -0.000636
    0    2    0   12    5   -0.017795    0.001403
    0    2    0   13    5    0.011313   -0.000372
    0    2    0   14    5   -0.025729    0.000611
    0    2    0   15    5   -0.079837   -0.000529
    0    2    0   16    5   -0.021219   -0.000663
    0    2    0    1    6    0.004516    0.010855
    0    2    0    2    6    0.192367    0.000056
    0    2    0    3    6    0.000349   -0.000141
    0    2    0    4    6   -0.064933    0.002060
    0    2    0    5    6    0.041536   -0.011286
    0    2    0    6    6   -0.206865    0.000000
    0    2    0    7    6    0.008874    0.000114
    0    2    0    8    6   -0.039908    0.002509
    0    2    0    9    6    0.043669    0.000098
    0    2    0   10    6   -0.012136   -0.000057
    0    2    0   11    6    0.030029   -0.000109
    0    2    0   12    6    0.117308    0.004495
    0    2    0   13    6   -0.045263   -0.000096
    0    2    0   14    6    0.003048    0.000023
    0    2    0   15    6    0.017590   -0.000083
    0    2    0   16    6   -0.053613   -0.002208
    0    2    0    1    7    0.204127    0.001007
    0    2    0    2    7   -0.029754   -0.000294
    0    2    0    3    7    0.245273   -0.000071
    0    2    0    4    7    0.124424    0.001083
    0    2    0    5    7   -0.075461    0.000202
    0    2    0    6    7    0.008874   -0.000114
    0    2    0    7    7    0.357988    0.000000
    0    2    0    8    7    0.036293    0.000879
    0    2    0    9    7   -0.004030   -0.000291
    0    2    0   10    7    0.003805    0.000367
    0    2    0   11    7   -0.010907    0.000779
    0    2    0   12    7   -0.015090   -0.001644
    0    2    0   13    7   -0.023009    0.000362
    0    2    0   14    7   -0.006329   -0.000606
    0    2    0   15    7   -0.038652    0.000592
    0    2    0   16    7   -0.009331    0.000796
    0    2    0    1    8    0.206999    0.001619
    0    2    0    2    8    0.066337    0.002021
    0    2    0    3    8    0.065941   -0.000978
    0    2    0    4    8    0.046268    0.000114
    0    2    0    5    8   -0.068114   -0.000603
    0    2    0    6    8   -0.039908   -0.002509
    0    2    0    7    8    0.036293   -0.000879
    0    2    0    8    8    0.203295    0.000000
    0    2    0    9    8   -0.084499   -0.000570
    0    2    0   10    8    0.072627    0.001104
    0    2    0   11    8   -0.012785    0.000457
    0    2    0   12    8   -0.010467   -0.001873
    0    2    0   13    8    0.005560    0.000002
    0    2    0   14    8   -0.037153   -0.000556
    0    2    0   15    8   -0.034729    0.000363
    0    2    0   16    8    0.005844    0.000917
    0    2    0    1    9    0.028900    0.000335
    0    2    0    2    9   -0.016986    0.000116
    0    2    0    3    9    0.036072    0.000162
    0    2    0    4    9    0.019475    0.000595
    0    2    0    5    9    0.009607   -0.000545
    0    2    0    6    9    0.043669   -0.000098
    0    2    0    7    9   -0.004030    0.000291
    0    2    0    8    9   -0.084499    0.000570
    0    2    0    9    9    0.129333   -0.000000
    0    2    0   10    9    0.023534   -0.000105
    0    2    0   11    9    0.051908    0.000007
    0    2    0   12    9   -0.068426    0.001520
    0    2    0   13    9    0.026557    0.000030
    0    2    0   14    9   -0.039886    0.000084
    0    2    0   15    9    0.069794    0.000010
    0    2    0   16    9    0.026492   -0.000736
    0    2    0    1   10   -0.005787   -0.000859
    0    2    0    2   10   -0.017589   -0.000057
    0    2    0    3   10    0.080078   -0.000384
    0    2    0    4   10    0.031763   -0.001170
    0    2    0    5   10   -0.089398    0.000854
    0    2    0    6   10   -0.012136    0.000057
    0    2    0    7   10    0.003805   -0.000367
    0    2    0    8   10    0.072627   -0.001104
    0    2    0    9   10    0.023534    0.000105
    0    2    0   10   10    0.117148   -0.000000
    0    2    0   11   10   -0.036647   -0.000163
    0    2    0   12   10   -0.027727    0.000482
    0    2    0   13   10    0.023517   -0.000106
    0    2    0   14   10   -0.070317   -0.000000
    0    2    0   15   10   -0.014953   -0.000129
    0    2    0   16   10    0.001113   -0.000237
    0    2    0    1   11   -0.061665   -0.000316
    0    2    0    2   11    0.010206   -0.000132
    0    2    0    3   11   -0.039057   -0.000571
    0    2    0    4   11   -0.058339   -0.000465
    0    2    0    5   11   -0.089315    0.000636
    0    2    0    6   11    0.030029    0.000109
    0    2    0    7   11   -0.010907   -0.000779
    0    2    0    8   11   -0.012785   -0.000457
    0    2    0    9   11    0.051908   -0.000007
    0    2    0   10   11   -0.036647    0.000163
    0    2    0   11   11    0.034787    0.000000
    0    2    0   12   11   -0.081883   -0.002037
    0    2    0   13   11   -0.015786   -0.000053
    0    2    0   14   11    0.003957   -0.000129
    0    2    0   15   11    0.059251   -0.000013
    0    2    0   16   11   -0.004697    0.000983
    0    2    0    1   12    0.006380    0.002062
    0    2    0    2   12   -0.015346    0.004358
    0    2    0    3   12    0.009013    0.001631
    0    2    0    4   12    0.009197    0.001877
    0    2    0    5   12   -0.017795   -0.001403
    0    2    0    6   12    0.117308   -0.004495
    0    2    0    7   12   -0.015090    0.001644
    0    2    0    8   12   -0.010467    0.001873
    0    2    0    9   12   -0.068426   -0.001520
    0    2    0   10   12   -0.027727   -0.000482
    0    2    0   11   12   -0.081883    0.002037
    0    2    0   12   12    0.010649   -0.000000
    0    2    0   13   12   -0.047739    0.001597
    0    2    0   14   12    0.006155    0.000426
    0    2    0   15   12   -0.085536    0.001614
    0    2    0   16   12   -0.045155   -0.000015
    0    2    0    1   13   -0.002292   -0.000177
    0    2    0    2   13   -0.006087   -0.000114
    0    2    0    3   13   -0.022049   -0.000150
    0    2    0    4   13   -0.031658   -0.000042
    0    2    0    5   13    0.011313    0.000372
    0    2    0    6   13   -0.045263    0.000096
    0    2    0    7   13   -0.023009   -0.000362
    0    2    0    8   13    0.005560   -0.000002
    0    2    0    9   13    0.026557   -0.000030
    0    2    0   10   13    0.023517    0.000106
    0    2    0   11   13   -0.015786    0.000053
    0    2    0   12   13   -0.047739   -0.001597
    0    2    0   13   13    0.142988    0.000000
    0    2    0   14   13   -0.013503   -0.000081
    0    2    0   15   13    0.054804    0.000036
    0    2    0   16   13    0.038088    0.000776
    0    2    0    1   14    0.021576    0.000612
    0    2    0    2   14    0.019604    0.000023
    0    2    0    3   14   -0.008258    0.000500
    0    2    0    4   14    0.009871    0.000390
    0    2    0    5   14   -0.025729   -0.000611
    0    2    0    6   14    0.003048   -0.000023
    0    2    0    7   14   -0.006329    0.000606
    0    2    0    8   14   -0.037153    0.000556
    0    2    0    9   14   -0.039886   -0.000084
    0    2    0   10   14   -0.070317    0.000000
    0    2    0   11   14    0.003957    0.000129
    0    2    0   12   14    0.006155   -0.000426
    0    2    0   13   14   -0.013503    0.000081
    0    2    0   14   14    0.019627    0.000000
    0    2    0   15   14   -0.010416    0.000100
    0    2    0   16   14   -0.012605    0.000210
    0    2    0    1   15   -0.036491   -0.000285
    0    2    0    2   15   -0.005082   -0.000103
    0    2    0    3   15   -0.016455   -0.000395
    0    2    0    4   15   -0.034476   -0.000401
    0    2    0    5   15   -0.079837    0.000529
    0    2    0    6   15    0.017590    0.000083
    0    2    0    7   15   -0.038652   -0.000592
    0    2    0    8   15   -0.034729   -0.000363
    0    2    0    9   15    0.069794   -0.000010
    0    2    0   10   15   -0.014953    0.000129
    0    2    0   11   15    0.059251    0.000013
    0    2    0   12   15   -0.085536   -0.001614
    0    2    0   13   15    0.054804   -0.000036
    0    2    0   14   15   -0.010416   -0.000100
    0    2    0   15   15    0.103792    0.000000
    0    2    0   16   15   -0.028501    0.000779
    0    2    0    1   16    0.019563   -0.000987
    0    2    0    2   16    0.046292   -0.002139
    0    2    0    3   16   -0.016271   -0.000784
    0    2    0    4   16    0.019204   -0.000917
    0    2    0    5   16   -0.021219    0.000663
    0    2    0    6   16   -0.053613    0.002208
    0    2    0    7   16   -0.009331   -0.000796
    0    2    0    8   16    0.005844   -0.000917
    0    2    0    9   16    0.026492    0.000736
    0    2    0   10   16    0.001113    0.000237
    0    2    0   11   16   -0.004697   -0.000983
    0    2    0   12   16   -0.045155    0.000015
    0    2    0   13   16    0.038088   -0.000776
    0    2    0   14   16   -0.012605   -0.000210
    0    2    0   15   16   -0.028501   -0.000779
    0    2    0   16   16    0.025296    0.000000
    1   -1    0    1    1    0.233692    0.000088
    1   -1    0    2    1    0.023595    0.010468
    1   -1    0    3    1    0.009516   -0.001516
    1   -1    0    4    1   -0.043064   -0.000851
    1   -1    0    5    1   -0.441609    0.003093
    1   -1    0    6    1   -0.055546   -0.010863
    1   -1    0    7    1    0.391517   -0.001220
    1   -1    0    8    1   -0.148385   -0.000604
    1   -1    0    9    1    0.016617   -0.000352
    1   -1    0   10    1   -0.111964    0.000878
    1   -1    0   11    1   -0.110956    0.000331
    1   -1    0   12    1   -0.062809   -0.002045
    1   -1    0   13    1   -0.130545    0.000124
    1   -1    0   14    1    0.072970   -0.000623
    1   -1    0   15    1   -0.120914    0.000264
    1   -1    0   16    1    0.059071    0.000980
    1   -1    0    1    2   -0.016339   -0.010489
    1   -1    0    2    2   -0.136919    0.000000
    1   -1    0    3    2    0.071531   -0.001637
    1   -1    0    4    2   -0.050765    0.000527
    1   -1    0    5    2   -0.047771    0.010897
    1   -1    0    6    2   -0.041675   -0.000056
    1   -1    0    7    2    0.100987   -0.001364
    1   -1    0    8    2   -0.016182    0.001017
    1   -1    0    9    2    0.009967   -0.000117
    1   -1    0   10    2   -0.014929    0.000058
    1   -1    0   11    2   -0.068671    0.000134
    1   -1    0   12    2   -0.049462   -0.004360
    1   -1    0   13    2   -0.016600    0.000110
    1   -1    0   14    2    0.012851   -0.000024
    1   -1    0   15    2   -0.063387    0.000101
    1   -1    0   16    2    0.020881    0.002140
    1   -1    0    1    3    0.218280    0.001865
    1   -1    0    2    3    0.023251    0.001632
    1   -1    0    3    3    0.010428    0.000131
    1   -1    0    4    3    0.000442   -0.000950
    1   -1    0    5    3   -0.387851   -0.000335
    1   -1    0    6    3   -0.052806   -0.001425
    1   -1    0    7    3   -0.034344    0.000011
    1   -1    0    8    3   -0.315778   -0.000808
    1   -1    0    9    3   -0.034693   -0.000926
    1   -1    0   10    3   -0.010063    0.000898
    1   -1    0   11    3    0.000746    0.001160
    1   -1    0   12    3   -0.011324   -0.001647
    1   -1    0   13    3    0.010641    0.000352
    1   -1    0   14    3   -0.054396   -0.000430
    1   -1    0   15    3   -0.006619    0.000836
    1   -1    0   16    3   -0.024600    0.000830
    1   -1    0    1    4   -0.100373    0.000574
    1   -1    0    2    4   -0.058553   -0.000509
    1   -1    0    3    4   -0.099653    0.001159
    1   -1    0    4    4    0.065228   -0.000090
    1   -1    0    5    4    0.286422    0.001400
    1   -1    0    6    4   -0.007604    0.000794
    1   -1    0    7    4   -0.304373    0.000991
    1   -1    0    8    4   -0.314534    0.000048
    1   -1    0    9    4    0.008807   -0.000030
    1   -1    0   10    4    0.021303    0.000433
    1   -1    0   11    4   -0.008599    0.000632
    1   -1    0   12    4   -0.010394   -0.001959
    1   -1    0   13    4    0.007763    0.000317
    1   -1    0   14    4    0.037983   -0.000636
    1   -1    0   15    4   -0.004917    0.000542
    1   -1    0   16    4    0.004070    0.000945
    1   -1    0    1    5    0.128095   -0.003056
    1   -1    0    2    5   -0.019907   -0.010909
    1   -1    0    3    5    0.000285    0.000068
    1   -1    0    4    5   -0.010832   -0.000734
    1   -1    0    5    5    0.223933    0.000030
    1   -1    0    6    5   -0.000341    0.011294
    1   -1    0    7    5   -0.115845    0.000282
    1   -1    0    8    5    0.171526   -0.000404
    1   -1    0    9    5    0.012162    0.000594
    1   -1    0   10    5    0.277264   -0.000868
    1   -1    0   11    5   -0.073334   -0.000713
    1   -1    0   12    5   -0.045340    0.001384
    1   -1    0   13    5    0.088705   -0.000356
    1   -1    0   14    5    0.021407    0.000608
    1   -1    0   15    5   -0.006403   -0.000559
    1   -1    0   16    5    0.028280   -0.000652
    1   -1    0    1    6    0.132486    0.010855
    1   -1    0    2    6    0.166436    0.000056
    1   -1    0    3    6   -0.078663    0.001390
    1   -1    0    4    6    0.004010   -0.000792
    1   -1    0    5    6    0.043498   -0.011273
    1   -1    0    6    6   -0.149585    0.000000
    1   -1    0    7    6   -0.000205    0.001675
    1   -1    0    8    6    0.029405   -0.000306
    1   -1    0    9    6   -0.095764    0.000109
    1   -1    0   10    6    0.002411   -0.000058
    1   -1    0   11    6    0.031491   -0.000117
    1   -1    0   12    6   -0.043064    0.004498
    1   -1    0   13    6    0.073736   -0.000081
    1   -1    0   14    6   -0.002012    0.000023
    1   -1    0   15    6    0.030758   -0.000077
    1   -1    0   16    6    0.023966   -0.002208
    1   -1    0    1    7    0.066165    0.001793
    1   -1    0    2    7    0.065932    0.001338
    1   -1    0    3    7   -0.111056   -0.000036
    1   -1    0    4    7   -0.046486   -0.000347
    1   -1    0    5    7   -0.050736   -0.000524
    1   -1    0    6    7   -0.064071   -0.001685
    1   -1    0    7    7   -0.015430    0.000002
    1   -1    0    8    7   -0.015919   -0.001013
    1   -1    0    9    7   -0.007211   -0.000861
    1   -1    0   10    7    0.042991    0.000866
    1   -1    0   11    7   -0.003128    0.001083
    1   -1    0   12    7    0.011669   -0.001657
    1   -1    0   13    7    0.002717    0.000349
    1   -1    0   14    7   -0.048075   -0.000545
    1   -1    0   15    7    0.005456    0.000796
    1   -1    0   16    7   -0.005679    0.000837
    1   -1    0    1    8    0.022667    0.000155
    1   -1    0    2    8   -0.006084   -0.000999
    1   -1    0    3    8   -0.040495    0.000518
    1   -1    0    4    8   -0.205807   -0.000001
    1   -1    0    5    8    0.090096    0.001071
    1   -1    0    6    8    0.041267    0.000332
    1   -1    0    7    8   -0.018137    0.001064
    1   -1    0    8    8    0.076656    0.000177
    1   -1    0    9    8    0.019462   -0.000031
    1   -1    0   10    8    0.047826    0.000350
    1   -1    0   11    8    0.000104    0.000666
    1   -1    0   12    8    0.017035   -0.001975
    1   -1    0   13    8   -0.002122    0.000469
    1   -1    0   14    8    0.004197   -0.000790
    1   -1    0   15    8    0.006865    0.000617
    1   -1    0   16    8    0.006010    0.000954
    1   -1    0    1    9    0.010928    0.000290
    1   -1    0    2    9    0.077292    0.000129
    1   -1    0    3    9    0.015636   -0.000250
    1   -1    0    4    9   -0.023971    0.000221
    1   -1    0    5    9    0.161037   -0.000517
    1   -1    0    6    9   -0.056060   -0.000103
    1   -1    0    7    9    0.031876   -0.000225
    1   -1    0    8    9   -0.059457    0.000143
    1   -1    0    9    9    0.070762   -0.000041
    1   -1    0   10    9    0.000402   -0.000094
    1   -1    0   11    9   -0.069732    0.000082
    1   -1    0   12    9    0.092630    0.001506
    1   -1    0   13    9    0.242216    0.000043
    1   -1    0   14    9    0.030897    0.000073
    1   -1    0   15    9    0.094710    0.000061
    1   -1    0   16    9   -0.255692   -0.000731
    1   -1    0    1   10    0.099555   -0.000871
    1   -1    0    2   10   -0.015306   -0.000058
    1   -1    0    3   10   -0.008664   -0.000867
    1   -1    0    4   10    0.022254   -0.000349
    1   -1    0    5   10   -0.213171    0.000879
    1   -1    0    6   10    0.028274    0.000059
    1   -1    0    7   10   -0.022887   -0.000823
    1   -1    0    8   10    0.057083   -0.000310
    1   -1    0    9   10    0.032304    0.000129
    1   -1    0   10   10   -0.101651    0.000006
    1   -1    0   11   10    0.041901   -0.000203
    1   -1    0   12   10   -0.042157    0.000468
    1   -1    0   13   10   -0.016235   -0.000127
    1   -1    0   14   10    0.288837   -0.000005
    1   -1    0   15   10    0.026618   -0.000160
    1   -1    0   16   10    0.022812   -0.000227
    1   -1    0    1   11    0.015892   -0.000251
    1   -1    0    2   11   -0.047282   -0.000148
    1   -1    0    3   11    0.105802    0.000569
    1   -1    0    4   11    0.045417   -0.000939
    1   -1    0    5   11   -0.010245    0.000583
    1   -1    0    6   11    0.077696    0.000110
    1   -1    0    7   11    0.086160    0.000516
    1   -1    0    8   11   -0.087132   -0.000853
    1   -1    0    9   11    0.109556    0.000076
    1   -1    0   10   11    0.025576    0.000143
    1   -1    0   11   11    0.170460   -0.000150
    1   -1    0   12   11   -0.093561   -0.002032
    1   -1    0   13   11   -0.227169   -0.000076
    1   -1    0   14   11   -0.013715   -0.000110
    1   -1    0   15   11    0.119470   -0.000113
    1   -1    0   16   11   -0.165770    0.000986
    1   -1    0    1   12    0.016705    0.002075
    1   -1    0    2   12    0.027175    0.004359
    1   -1    0    3   12    0.006688    0.001566
    1   -1    0    4   12    0.005158    0.001949
    1   -1    0    5   12    0.085511   -0.001385
    1   -1    0    6   12   -0.047621   -0.004495
    1   -1    0    7   12    0.024202    0.001553
    1   -1    0    8   12    0.017418    0.001942
    1   -1    0    9   12   -0.137667   -0.001558
    1   -1    0   10   12    0.020983   -0.000460
    1   -1    0   11   12   -0.036371    0.002103
    1   -1    0   12   12   -0.179918   -0.000025
    1   -1    0   13   12   -0.042247    0.001628
    1   -1    0   14   12   -0.005739    0.000409
    1   -1    0   15   12   -0.115517    0.001666
    1   -1    0   16   12   -0.110663    0.000006
    1   -1    0    1   13    0.064144   -0.000092
    1   -1    0    2   13   -0.060457   -0.000091
    1   -1    0    3   13   -0.000333    0.000429
    1   -1    0    4   13    0.022291    0.000069
    1   -1    0    5   13   -0.136640    0.000337
    1   -1    0    6   13    0.050590    0.000080
    1   -1    0    7   13   -0.000722    0.000324
    1   -1    0    8   13    0.031795    0.000027
    1   -1    0    9   13   -0.007325    0.000003
    1   -1    0   10   13   -0.005957    0.000097
    1   -1    0   11   13    0.017333   -0.000033
    1   -1    0   12   13    0.064391   -0.001585
    1   -1    0   13   13   -0.003720   -0.000024
    1   -1    0   14   13    0.006801   -0.000069
    1   -1    0   15   13    0.031399   -0.000030
    1   -1    0   16   13    0.051043    0.000768
    1   -1    0    1   14   -0.063238    0.000609
    1   -1    0    2   14    0.016902    0.000023
    1   -1    0    3   14   -0.040269    0.000384
    1   -1    0    4   14   -0.035833    0.000616
    1   -1    0    5   14    0.027742   -0.000617
    1   -1    0    6   14   -0.010087   -0.000024
    1   -1    0    7   14   -0.002891    0.000464
    1   -1    0    8   14   -0.027055    0.000796
    1   -1    0    9   14   -0.012063   -0.000103
    1   -1    0   10   14    0.081570   -0.000005
    1   -1    0   11   14   -0.023558    0.000161
    1   -1    0   12   14    0.022638   -0.000416
    1   -1    0   13   14   -0.018943    0.000101
    1   -1    0   14   14   -0.128349    0.000003
    1   -1    0   15   14   -0.024039    0.000127
    1   -1    0   16   14   -0.011966    0.000201
    1   -1    0    1   15    0.009617   -0.000209
    1   -1    0    2   15   -0.029836   -0.000096
    1   -1    0    3   15    0.073741    0.000337
    1   -1    0    4   15    0.022381   -0.000478
    1   -1    0    5   15    0.024806    0.000484
    1   -1    0    6   15    0.060361    0.000074
    1   -1    0    7   15    0.071132    0.000274
    1   -1    0    8   15   -0.033171   -0.000447
    1   -1    0    9   15    0.028632    0.000053
    1   -1    0   10   15    0.007110    0.000114
    1   -1    0   11   15    0.094948   -0.000116
    1   -1    0   12   15    0.003115   -0.001613
    1   -1    0   13   15   -0.030554   -0.000063
    1   -1    0   14   15    0.012685   -0.000084
    1   -1    0   15   15    0.105968   -0.000092
    1   -1    0   16   15   -0.113991    0.000782
    1   -1    0    1   16   -0.030068   -0.000998
    1   -1    0    2   16   -0.038191   -0.002140
    1   -1    0    3   16   -0.008091   -0.000734
    1   -1    0    4   16    0.001626   -0.000951
    1   -1    0    5   16   -0.032105    0.000652
    1   -1    0    6   16   -0.020579    0.002206
    1   -1    0    7   16   -0.028487   -0.000730
    1   -1    0    8   16   -0.006253   -0.000953
    1   -1    0    9   16    0.044623    0.000768
    1   -1    0   10   16   -0.000287    0.000221
    1   -1    0   11   16   -0.038832   -0.001038
    1   -1    0   12   16    0.121165    0.000035
    1   -1    0   13   16   -0.014643   -0.000802
    1   -1    0   14   16   -0.004006   -0.000197
    1   -1    0   15   16   -0.034024   -0.000822
    1   -1    0   16   16    0.019300   -0.000016
    1    0    0    1    1   -1.127037   -0.000022
    1    0    0    2    1   -0.057752    0.010476
    1    0    0    3    1   -0.882845   -0.001296
    1    0    0    4    1    0.459780   -0.000500
    1    0    0    5    1   -3.602367    0.003123
    1    0    0    6    1    0.098544   -0.010849
    1    0    0    7    1   -4.410017   -0.001402
    1    0    0    8    1   -2.537436   -0.000906
    1    0    0    9    1    0.103254   -0.000279
    1    0    0   10    1   -0.130242    0.000879
    1    0    0   11    1   -0.025281    0.000237
    1    0    0   12    1   -0.010778   -0.002056
    1    0    0   13    1   -0.066787    0.000103
    1    0    0   14    1    0.163825   -0.000622
    1    0    0   15    1   -0.025438    0.000212
    1    0    0   16    1   -0.000079    0.000985
    1    0    0    1    2   -0.085990   -0.010473
    1    0    0    2    2    0.018718   -0.000000
    1    0    0    3    2   -0.041299   -0.001428
    1    0    0    4    2    0.011781    0.001017
    1    0    0    5    2   -0.004613    0.010895
    1    0    0    6    2   -2.599337   -0.000056
    1    0    0    7    2   -0.088043   -0.001724
    1    0    0    8    2   -0.088224    0.000506
    1    0    0    9    2    0.039297   -0.000127
    1    0    0   10    2   -0.038086    0.000056
    1    0    0   11    2    0.010572    0.000143
    1    0    0   12    2   -0.011121   -0.004360
    1    0    0   13    2   -0.017886    0.000099
    1    0    0   14    2   -0.034659   -0.000022
    1    0    0   15    2    0.010552    0.000097
    1    0    0   16    2    0.025328    0.002140
    1    0    0    1    3    0.928171    0.001458
    1    0    0    2    3    0.062908    0.001425
    1    0    0    3    3    1.192934    0.000132
    1    0    0    4    3   -0.522269   -0.000722
    1    0    0    5    3    4.540903   -0.000470
    1    0    0    6    3    0.042238   -0.001759
    1    0    0    7    3    2.964925    0.000007
    1    0    0    8    3    2.636987   -0.001156
    1    0    0    9    3   -0.078276   -0.000350
    1    0    0   10    3    0.099310    0.000879
    1    0    0   11    3   -0.023978    0.000399
    1    0    0   12    3   -0.003060   -0.001653
    1    0    0   13    3    0.009595   -0.000085
    1    0    0   14    3   -0.047924   -0.000550
    1    0    0   15    3   -0.054462    0.000293
    1    0    0   16    3   -0.000903    0.000824
    1    0    0    1    4    0.448859    0.000193
    1    0    0    2    4    0.014063   -0.001003
    1    0    0    3    4    0.486685    0.000498
    1    0    0    4    4   -0.592611   -0.000122
    1    0    0    5    4    2.634165    0.001013
    1    0    0    6    4    0.057511    0.000302
    1    0    0    7    4    2.647722    0.001210
    1    0    0    8    4   -0.094410    0.000168
    1    0    0    9    4   -0.004711    0.000029
    1    0    0   10    4    0.102298    0.000358
    1    0    0   11    4   -0.030107    0.000570
    1    0    0   12    4    0.049047   -0.001968
    1    0    0   13    4    0.066341    0.000380
    1    0    0   14    4   -0.018375   -0.000809
    1    0    0   15    4   -0.000605    0.000527
    1    0    0   16    4   -0.059305    0.000941
    1    0    0    1    5    0.183439   -0.003145
    1    0    0    2    5   -0.038822   -0.010888
    1    0    0    3    5    0.047279    0.000056
    1    0    0    4    5    0.316329   -0.000409
    1    0    0    5    5   -1.153398    0.000002
    1    0    0    6    5   -0.006913    0.011286
    1    0    0    7    5   -0.881171   -0.000247
    1    0    0    8    5   -0.448339   -0.000746
    1    0    0    9    5    0.034703    0.000548
    1    0    0   10    5   -0.000134   -0.000879
    1    0    0   11    5   -0.009322   -0.000636
    1    0    0   12    5   -0.040784    0.001367
    1    0    0   13    5   -0.061773   -0.000346
    1    0    0   14    5    0.077414    0.000621
    1    0    0   15    5   -0.032765   -0.000517
    1    0    0   16    5    0.050916   -0.000640
    1    0    0    1    6   -0.048990    0.010853
    1    0    0    2    6    0.199726    0.000056
    1    0    0    3    6    0.043512    0.001763
    1    0    0    4    6    0.063021   -0.000310
    1    0    0    5    6    0.019599   -0.011288
    1    0    0    6    6    0.008849   -0.000000
    1    0    0    7    6   -0.058592    0.001481
    1    0    0    8    6   -0.028237   -0.000787
    1    0    0    9    6   -0.011377    0.000113
    1    0    0   10    6    0.019923   -0.000056
    1    0    0   11    6   -0.021595   -0.000122
    1    0    0   12    6   -0.010727    0.004494
    1    0    0   13    6   -0.010168   -0.000076
    1    0    0   14    6   -0.012888    0.000022
    1    0    0   15    6   -0.022133   -0.000076
    1    0    0   16    6   -0.019775   -0.002206
    1    0    0    1    7    0.057289    0.001676
    1    0    0    2    7   -0.013867    0.001721
    1    0    0    3    7   -0.013775   -0.000118
    1    0    0    4    7    0.000052   -0.000833
    1    0    0    5    7    0.902587   -0.000215
    1    0    0    6    7    0.036832   -0.001468
    1    0    0    7    7    1.212795   -0.000184
    1    0    0    8    7    0.528898   -0.000558
    1    0    0    9    7   -0.008968   -0.000222
    1    0    0   10    7    0.011607    0.000909
    1    0    0   11    7   -0.024434    0.000195
    1    0    0   12    7    0.013279   -0.001637
    1    0    0   13    7    0.021845   -0.000308
    1    0    0   14    7   -0.108315   -0.000440
    1    0    0   15    7    0.003197    0.000096
    1    0    0   16    7   -0.003609    0.000815
    1    0    0    1    8   -0.265440    0.000522
    1    0    0    2    8   -0.055364   -0.000507
    1    0    0    3    8   -0.083507    0.000966
    1    0    0    4    8    0.352006    0.000108
    1    0    0    5    8   -0.395200    0.001476
    1    0    0    6    8   -0.048939    0.000792
    1    0    0    7    8   -0.547530    0.000778
    1    0    0    8    8   -0.526052    0.000152
    1    0    0    9    8    0.027962   -0.000096
    1    0    0   10    8   -0.022344    0.000424
    1    0    0   11    8   -0.038569    0.000721
    1    0    0   12    8    0.038544   -0.001956
    1    0    0   13    8   -0.023653    0.000323
    1    0    0   14    8   -0.014356   -0.000624
    1    0    0   15    8   -0.015955    0.000582
    1    0    0   16    8   -0.035859    0.000944
    1    0    0    1    9    0.229981    0.000295
    1    0    0    2    9    0.006569    0.000128
    1    0    0    3    9    0.115759    0.000218
    1    0    0    4    9   -0.003893    0.000171
    1    0    0    5    9    0.280730   -0.000555
    1    0    0    6    9   -0.254774   -0.000113
    1    0    0    7    9    0.081866    0.000130
    1    0    0    8    9    0.026937    0.000241
    1    0    0    9    9   -1.189054    0.000007
    1    0    0   10    9   -0.050451   -0.000112
    1    0    0   11    9   -0.939747   -0.000000
    1    0    0   12    9    0.004981    0.001546
    1    0    0   13    9   -5.814239    0.000016
    1    0    0   14    9    0.172900    0.000092
    1    0    0   15    9   -3.748695    0.000005
    1    0    0   16    9   -0.001592   -0.000763
    1    0    0    1   10   -0.115638   -0.000874
    1    0    0    2   10   -0.025882   -0.000056
    1    0    0    3   10   -0.074287   -0.000920
    1    0    0    4   10    0.072303   -0.000307
    1    0    0    5   10   -0.053774    0.000870
    1    0    0    6   10    0.249485    0.000056
    1    0    0    7   10   -0.003119   -0.000941
    1    0    0    8   10   -0.014735   -0.000364
    1    0    0    9   10   -0.029105    0.000112
    1    0    0   10   10    0.103524   -0.000000
    1    0    0   11   10   -0.005289   -0.000175
    1    0    0   12   10   -0.001616    0.000446
    1    0    0   13   10    0.169675   -0.000118
    1    0    0   14   10   -4.474119    0.000000
    1    0    0   15   10    0.066286   -0.000142
    1    0    0   16   10   -0.005103   -0.000212
    1    0    0    1   11   -0.069746   -0.000243
    1    0    0    2   11   -0.003595   -0.000145
    1    0    0    3   11    0.056371   -0.000171
    1    0    0    4   11    0.010164   -0.000890
    1    0    0    5   11    0.075860    0.000641
    1    0    0    6   11   -0.136972    0.000122
    1    0    0    7   11   -0.062787   -0.000032
    1    0    0    8   11    0.016439   -0.000970
    1    0    0    9   11    0.783599   -0.000017
    1    0    0   10   11   -0.113543    0.000175
    1    0    0   11   11    1.612288    0.000013
    1    0    0   12   11   -0.000220   -0.002101
    1    0    0   13   11    8.363774   -0.000021
    1    0    0   14   11   -0.009669   -0.000142
    1    0    0   15   11    3.031636   -0.000000
    1    0    0   16   11    0.007954    0.001043
    1    0    0    1   12    0.014573    0.002061
    1    0    0    2   12   -0.051881    0.004361
    1    0    0    3   12    0.006192    0.001652
    1    0    0    4   12    0.058107    0.001950
    1    0    0    5   12   -0.021431   -0.001371
    1    0    0    6   12    0.110280   -0.004495
    1    0    0    7   12    0.020029    0.001638
    1    0    0    8   12    0.067672    0.001951
    1    0    0    9   12    0.001861   -0.001544
    1    0    0   10   12   -0.021070   -0.000445
    1    0    0   11   12   -0.004846    0.002100
    1    0    0   12   12   -0.271368    0.000000
    1    0    0   13   12    0.001065    0.001607
    1    0    0   14   12    0.010119    0.000397
    1    0    0   15   12   -0.000854    0.001664
    1    0    0   16   12   -4.460871   -0.000015
    1    0    0    1   13   -0.173877   -0.000104
    1    0    0    2   13    0.021591   -0.000104
    1    0    0    3   13   -0.136741   -0.000133
    1    0    0    4   13    0.045448   -0.000001
    1    0    0    5   13   -0.045599    0.000352
    1    0    0    6   13    0.093401    0.000077
    1    0    0    7   13   -0.091124    0.000080
    1    0    0    8   13   -0.074557    0.000096
    1    0    0    9   13   -0.301780   -0.000012
    1    0    0   10   13    0.095431    0.000116
    1    0    0   11   13   -0.339892    0.000012
    1    0    0   12   13   -0.002410   -0.001609
    1    0    0   13   13   -2.686304    0.000017
    1    0    0   14   13   -0.022667   -0.000089
    1    0    0   15   13   -1.213910    0.000022
    1    0    0   16   13   -0.001632    0.000792
    1    0    0    1   14   -0.016777    0.000623
    1    0    0    2   14   -0.003760    0.000021
    1    0    0    3   14    0.023876    0.000560
    1    0    0    4   14   -0.005295    0.000784
    1    0    0    5   14    0.071230   -0.000622
    1    0    0    6   14   -0.012933   -0.000022
    1    0    0    7   14    0.029452    0.000444
    1    0    0    8   14    0.001495    0.000616
    1    0    0    9   14    0.023898   -0.000092
    1    0    0   10   14    0.164279   -0.000000
    1    0    0   11   14   -0.012077    0.000142
    1    0    0   12   14    0.006482   -0.000397
    1    0    0   13   14   -0.056002    0.000088
    1    0    0   14   14    0.231554   -0.000000
    1    0    0   15   14   -0.022175    0.000110
    1    0    0   16   14    0.001287    0.000190
    1    0    0    1   15    0.032464   -0.000209
    1    0    0    2   15    0.016697   -0.000101
    1    0    0    3   15    0.044572   -0.000307
    1    0    0    4   15    0.012325   -0.000477
    1    0    0    5   15    0.116664    0.000521
    1    0    0    6   15   -0.087415    0.000077
    1    0    0    7   15    0.015988   -0.000137
    1    0    0    8   15    0.009257   -0.000474
    1    0    0    9   15    0.093110   -0.000010
    1    0    0   10   15   -0.065563    0.000141
    1    0    0   11   15    0.464642    0.000005
    1    0    0   12   15   -0.001890   -0.001665
    1    0    0   13   15    1.686163   -0.000009
    1    0    0   14   15    0.063310   -0.000110
    1    0    0   15   15    0.650258    0.000004
    1    0    0   16   15    0.003344    0.000827
    1    0    0    1   16   -0.012535   -0.000986
    1    0    0    2   16    0.021748   -0.002141
    1    0    0    3   16   -0.002939   -0.000817
    1    0    0    4   16   -0.043006   -0.000960
    1    0    0    5   16    0.031760    0.000639
    1    0    0    6   16   -0.032178    0.002206
    1    0    0    7   16    0.009350   -0.000798
    1    0    0    8   16   -0.046950   -0.000948
    1    0    0    9   16   -0.002460    0.000764
    1    0    0   10   16    0.011125    0.000213
    1    0    0   11   16    0.004049   -0.001044
    1    0    0   12   16    0.305545    0.000015
    1    0    0   13   16   -0.003728   -0.000790
    1    0    0   14   16   -0.007213   -0.000190
    1    0    0   15   16    0.003325   -0.000826
    1    0    0   16   16    0.096014   -0.000000
    1    1    0    1    1   -1.134437   -0.000067
    1    1    0    2    1   -0.024920    0.010482
    1    1    0    3    1   -0.021388   -0.001699
    1    1    0    4    1   -0.993063   -0.000765
    1    1    0    5    1   -0.486844    0.003095
    1    1    0    6    1   -0.041805   -0.010862
    1    1    0    7    1    0.058536   -0.001520
    1    1    0    8    1    0.363041   -0.000672
    1    1    0    9    1    0.093787   -0.000281
    1    1    0   10    1   -0.095121    0.000865
    1    1    0   11    1    0.000449    0.000226
    1    1    0   12    1    0.006091   -0.002071
    1    1    0   13    1   -0.093863    0.000084
    1    1    0   14    1    0.084389   -0.000612
    1    1    0   15    1    0.010115    0.000191
    1    1    0   16    1   -0.008912    0.000995
    1    1    0    1    2   -0.081867   -0.010466
    1    1    0    2    2    0.003018   -0.000000
    1    1    0    3    2    0.049786   -0.001646
    1    1    0    4    2   -0.089630    0.000504
    1    1    0    5    2   -0.050810    0.010899
    1    1    0    6    2   -0.045507   -0.000056
    1    1    0    7    2    0.087783   -0.001344
    1    1    0    8    2    0.054376    0.001017
    1    1    0    9    2    0.135242   -0.000130
    1    1    0   10    2   -0.062952    0.000058
    1    1    0   11    2    0.017793    0.000148
    1    1    0   12    2    0.042340   -0.004359
    1    1    0   13    2   -0.078395    0.000091
    1    1    0   14    2    0.028875   -0.000023
    1    1    0   15    2    0.010882    0.000096
    1    1    0   16    2    0.001860    0.002140
    1    1    0    1    3    0.874540    0.001677
    1    1    0    2    3    0.054408    0.001634
    1    1    0    3    3   -0.121881    0.000062
    1    1    0    4    3    1.249914   -0.001203
    1    1    0    5    3   -0.015027   -0.000393
    1    1    0    6    3   -0.080462   -0.001394
    1    1    0    7    3   -0.494457   -0.000259
    1    1    0    8    3   -0.007828   -0.000862
    1    1    0    9    3   -0.096995    0.000128
    1    1    0   10    3    0.174747    0.000839
    1    1    0   11    3    0.028423   -0.000391
    1    1    0   12    3   -0.000249   -0.001545
    1    1    0   13    3    0.104133   -0.000682
    1    1    0   14    3    0.026525   -0.000372
    1    1    0   15    3    0.008930   -0.000390
    1    1    0   16    3    0.006953    0.000738
    1    1    0    1    4    0.552985    0.000704
    1    1    0    2    4   -0.059582   -0.000537
    1    1    0    3    4    0.288148    0.000916
    1    1    0    4    4    0.787686   -0.000148
    1    1    0    5    4   -0.362273    0.001367
    1    1    0    6    4   -0.005252    0.000792
    1    1    0    7    4   -0.003426    0.000920
    1    1    0    8    4    0.165258    0.000001
    1    1    0    9    4   -0.038344   -0.000031
    1    1    0   10    4    0.121077    0.000406
    1    1    0   11    4    0.048637    0.000621
    1    1    0   12    4   -0.023479   -0.001979
    1    1    0   13    4    0.040883    0.000360
    1    1    0   14    4   -0.097676   -0.000632
    1    1    0   15    4    0.033248    0.000553
    1    1    0   16    4    0.031746    0.000951
    1    1    0    1    5   -0.453939   -0.003068
    1    1    0    2    5   -0.052075   -0.010899
    1    1    0    3    5    0.354484    0.000018
    1    1    0    4    5    0.221459   -0.000812
    1    1    0    5    5   -1.143804   -0.000037
    1    1    0    6    5    0.003294    0.011278
    1    1    0    7    5   -0.863274    0.000145
    1    1    0    8    5   -0.523230   -0.000349
    1    1    0    9    5    0.092501    0.000509
    1    1    0   10    5   -0.165844   -0.000867
    1    1    0   11    5   -0.056042   -0.000569
    1    1    0   12    5    0.039652    0.001384
    1    1    0   13    5   -0.103889   -0.000305
    1    1    0   14    5    0.095946    0.000620
    1    1    0   15    5   -0.066536   -0.000462
    1    1    0   16    5   -0.048055   -0.000649
    1    1    0    1    6   -0.013228    0.010862
    1    1    0    2    6   -0.039763    0.000056
    1    1    0    3    6   -0.090795    0.001412
    1    1    0    4    6    0.007584   -0.000785
    1    1    0    5    6    0.065253   -0.011293
    1    1    0    6    6   -0.006541   -0.000000
    1    1    0    7    6   -0.078174    0.001669
    1    1    0    8    6    0.052906   -0.000330
    1    1    0    9    6   -0.046132    0.000103
    1    1    0   10    6    0.034252   -0.000059
    1    1    0   11    6    0.067000   -0.000113
    1    1    0   12    6    0.021203    0.004495
    1    1    0   13    6    0.044934   -0.000084
    1    1    0   14    6   -0.010169    0.000024
    1    1    0   15    6    0.052325   -0.000078
    1    1    0   16    6    0.037576   -0.002207
    1    1    0    1    7   -0.252760    0.001418
    1    1    0    2    7    0.034848    0.001370
    1    1    0    3    7    0.021872   -0.000229
    1    1    0    4    7    0.356357   -0.000473
    1    1    0    5    7    0.164299   -0.000660
    1    1    0    6    7   -0.070895   -0.001682
    1    1    0    7    7   -0.102469   -0.000556
    1    1    0    8    7    0.164725   -0.000834
    1    1    0    9    7   -0.079209    0.000155
    1    1    0   10    7    0.096948    0.000805
    1    1    0   11    7    0.063297   -0.000401
    1    1    0   12    7   -0.004695   -0.001534
    1    1    0   13    7   -0.018366   -0.000596
    1    1    0   14    7   -0.047935   -0.000463
    1    1    0   15    7    0.031198   -0.000360
    1    1    0   16    7    0.034245    0.000730
    1    1    0    1    8   -0.140158    0.000078
    1    1    0    2    8   -0.034772   -0.001003
    1    1    0    3    8    0.339644    0.000557
    1    1    0    4    8   -0.380673    0.000066
    1    1    0    5    8    1.062617    0.001098
    1    1    0    6    8    0.098874    0.000306
    1    1    0    7    8    1.282089    0.001259
    1    1    0    8    8    0.774321    0.000379
    1    1    0    9    8   -0.005419    0.000006
    1    1    0   10    8    0.034364    0.000362
    1    1    0   11    8   -0.030279    0.000624
    1    1    0   12    8    0.020128   -0.001957
    1    1    0   13    8    0.060670    0.000428
    1    1    0   14    8   -0.080436   -0.000803
    1    1    0   15    8    0.018159    0.000582
    1    1    0   16    8   -0.016503    0.000934
    1    1    0    1    9    0.166212    0.000363
    1    1    0    2    9    0.040541    0.000121
    1    1    0    3    9    0.036780    0.000814
    1    1    0    4    9    0.078404    0.000233
    1    1    0    5    9    0.139377   -0.000605
    1    1    0    6    9   -0.017325   -0.000105
    1    1    0    7    9   -0.042023    0.000784
    1    1    0    8    9    0.083733    0.000189
    1    1    0    9    9   -0.610831    0.000047
    1    1    0   10    9   -0.068032   -0.000128
    1    1    0   11    9   -0.099797   -0.000079
    1    1    0   12    9   -0.712140    0.001557
    1    1    0   13    9   -0.065418   -0.000001
    1    1    0   14    9    0.053694    0.000102
    1    1    0   15    9    0.161411   -0.000053
    1    1    0   16    9   -0.883787   -0.000768
    1    1    0    1   10   -0.094100   -0.000873
    1    1    0    2   10    0.016525   -0.000059
    1    1    0    3   10    0.012777   -0.000934
    1    1    0    4   10   -0.124351   -0.000362
    1    1    0    5   10   -0.237359    0.000865
    1    1    0    6   10    0.019929    0.000058
    1    1    0    7   10    0.037319   -0.000907
    1    1    0    8   10   -0.085918   -0.000295
    1    1    0    9   10   -0.049380    0.000090
    1    1    0   10   10   -0.538346   -0.000006
    1    1    0   11   10   -0.019895   -0.000137
    1    1    0   12   10    0.026635    0.000461
    1    1    0   13   10    0.023149   -0.000094
    1    1    0   14   10   -0.261308    0.000005
    1    1    0   15   10   -0.013787   -0.000110
    1    1    0   16   10    0.011753   -0.000222
    1    1    0    1   11   -0.061263   -0.000347
    1    1    0    2   11   -0.052105   -0.000138
    1    1    0    3   11   -0.011180   -0.001015
    1    1    0    4   11    0.105314   -0.000958
    1    1    0    5   11    0.018775    0.000720
    1    1    0    6   11    0.098779    0.000112
    1    1    0    7   11   -0.072534   -0.000976
    1    1    0    8   11    0.030000   -0.000888
    1    1    0    9   11    0.064428   -0.000088
    1    1    0   10   11   -0.010561    0.000201
    1    1    0   11   11   -0.309719    0.000158
    1    1    0   12   11    0.437631   -0.002101
    1    1    0   13   11   -0.109608    0.000023
    1    1    0   14   11    0.002118   -0.000161
    1    1    0   15   11   -0.564463    0.000114
    1    1    0   16   11   -0.222336    0.001036
    1    1    0    1   12   -0.113612    0.002049
    1    1    0    2   12    0.101588    0.004359
    1    1    0    3   12    0.019831    0.001667
    1    1    0    4   12    0.023442    0.001949
    1    1    0    5   12   -0.051517   -0.001387
    1    1    0    6   12   -0.005508   -0.004497
    1    1    0    7   12    0.003242    0.001667
    1    1    0    8   12   -0.042024    0.001947
    1    1    0    9   12    0.443386   -0.001510
    1    1    0   10   12   -0.041238   -0.000470
    1    1    0   11   12    0.444502    0.002036
    1    1    0   12   12    0.166718    0.000025
    1    1    0   13   12    1.164339    0.001579
    1    1    0   14   12    0.018343    0.000415
    1    1    0   15   12   -0.257973    0.001612
    1    1    0   16   12    2.124538   -0.000035
    1    1    0    1   13   -0.111119   -0.000151
    1    1    0    2   13   -0.043418   -0.000102
    1    1    0    3   13    0.065686   -0.000576
    1    1    0    4   13   -0.143822    0.000065
    1    1    0    5   13   -0.147925    0.000387
    1    1    0    6   13    0.027550    0.000084
    1    1    0    7   13    0.035467   -0.000608
    1    1    0    8   13   -0.023014   -0.000039
    1    1    0    9   13   -0.094198   -0.000043
    1    1    0   10   13    0.004829    0.000127
    1    1    0   11   13    0.121466    0.000076
    1    1    0   12   13   -0.058981   -0.001629
    1    1    0   13   13   -0.475032    0.000036
    1    1    0   14   13    0.000851   -0.000102
    1    1    0   15   13   -0.297588    0.000070
    1    1    0   16   13   -0.158105    0.000802
    1    1    0    1   14    0.079283    0.000624
    1    1    0    2   14    0.010063    0.000023
    1    1    0    3   14    0.016590    0.000437
    1    1    0    4   14   -0.034305    0.000610
    1    1    0    5   14    0.015164   -0.000613
    1    1    0    6   14    0.008407   -0.000023
    1    1    0    7   14    0.034765    0.000548
    1    1    0    8   14    0.018272    0.000791
    1    1    0    9   14    0.006772   -0.000075
    1    1    0   10   14    0.187609    0.000005
    1    1    0   11   14   -0.037265    0.000113
    1    1    0   12   14   -0.015336   -0.000409
    1    1    0   13   14    0.005719    0.000065
    1    1    0   14   14   -0.257108   -0.000004
    1    1    0   15   14   -0.025832    0.000084
    1    1    0   16   14   -0.013637    0.000197
    1    1    0    1   15    0.001070   -0.000283
    1    1    0    2   15   -0.042697   -0.000097
    1    1    0    3   15    0.002095   -0.000899
    1    1    0    4   15    0.063901   -0.000483
    1    1    0    5   15    0.068620    0.000574
    1    1    0    6   15    0.075939    0.000076
    1    1    0    7   15   -0.045453   -0.000893
    1    1    0    8   15    0.021537   -0.000490
    1    1    0    9   15   -0.144123   -0.000065
    1    1    0   10   15   -0.027169    0.000160
    1    1    0   11   15   -0.022603    0.000118
    1    1    0   12   15    0.018337   -0.001666
    1    1    0   13   15    0.094777    0.000030
    1    1    0   14   15    0.016082   -0.000127
    1    1    0   15   15   -0.133413    0.000094
    1    1    0   16   15    0.432755    0.000822
    1    1    0    1   16    0.091778   -0.000975
    1    1    0    2   16   -0.029929   -0.002140
    1    1    0    3   16    0.028067   -0.000836
    1    1    0    4   16   -0.012545   -0.000948
    1    1    0    5   16    0.054722    0.000652
    1    1    0    6   16    0.014804    0.002208
    1    1    0    7   16    0.019220   -0.000838
    1    1    0    8   16    0.036680   -0.000951
    1    1    0    9   16   -0.142282    0.000733
    1    1    0   10   16   -0.000451    0.000228
    1    1    0   11   16    0.017691   -0.000989
    1    1    0   12   16   -0.033011   -0.000005
    1    1    0   13   16    0.451811   -0.000770
    1    1    0   14   16    0.016938   -0.000202
    1    1    0   15   16    0.449418   -0.000784
    1    1    0   16   16    0.215922    0.000016
    1    2    0    1    1    0.216694   -0.000014
    1    2    0    2    1   -0.043906    0.010480
    1    2    0    3    1   -0.005726   -0.001670
    1    2    0    4    1    0.029824   -0.000581
    1    2    0    5    1   -0.199459    0.003011
    1    2    0    6    1    0.027204   -0.010868
    1    2    0    7    1   -0.020485   -0.001810
    1    2    0    8    1    0.015293   -0.000902
    1    2    0    9    1    0.041062   -0.000348
    1    2    0   10    1    0.015778    0.000867
    1    2    0   11    1   -0.089784    0.000334
    1    2    0   12    1   -0.041320   -0.002063
    1    2    0   13    1   -0.072793    0.000132
    1    2    0   14    1    0.024355   -0.000610
    1    2    0   15    1   -0.059956    0.000268
    1    2    0   16    1   -0.029274    0.000990
    1    2    0    1    2    0.072995   -0.010478
    1    2    0    2    2   -0.128109    0.000000
    1    2    0    3    2    0.009797   -0.001450
    1    2    0    4    2    0.005209    0.001019
    1    2    0    5    2   -0.072503    0.010913
    1    2    0    6    2    0.160316   -0.000056
    1    2    0    7    2   -0.008229   -0.001726
    1    2    0    8    2   -0.071748    0.000526
    1    2    0    9    2    0.008916   -0.000127
    1    2    0   10    2   -0.020836    0.000057
    1    2    0   11    2   -0.015561    0.000146
    1    2    0   12    2    0.003661   -0.004357
    1    2    0   13    2    0.042351    0.000101
    1    2    0   14    2    0.008836   -0.000022
    1    2    0   15    2    0.005139    0.000101
    1    2    0   16    2   -0.008585    0.002138
    1    2    0    1    3    0.028660    0.001764
    1    2    0    2    3   -0.001657    0.001457
    1    2    0    3    3    0.027303    0.000159
    1    2    0    4    3   -0.083078   -0.000786
    1    2    0    5    3    0.013394   -0.000833
    1    2    0    6    3   -0.018229   -0.001757
    1    2    0    7    3    0.106862   -0.000089
    1    2    0    8    3    0.060729   -0.001020
    1    2    0    9    3    0.031354   -0.000503
    1    2    0   10    3    0.032729    0.000794
    1    2    0   11    3   -0.029575    0.000510
    1    2    0   12    3    0.010136   -0.001577
    1    2    0   13    3   -0.028307   -0.000029
    1    2    0   14    3   -0.022197   -0.000453
    1    2    0   15    3   -0.029577    0.000312
    1    2    0   16    3   -0.013558    0.000767
    1    2    0    1    4    0.211821    0.000236
    1    2    0    2    4    0.010537   -0.000996
    1    2    0    3    4   -0.067062    0.000545
    1    2    0    4    4    0.051562   -0.000178
    1    2    0    5    4    0.055980    0.001080
    1    2    0    6    4    0.047345    0.000331
    1    2    0    7    4    0.059393    0.001143
    1    2    0    8    4    0.006635    0.000071
    1    2    0    9    4   -0.038486   -0.000003
    1    2    0   10    4   -0.061517    0.000361
    1    2    0   11    4   -0.017238    0.000635
    1    2    0   12    4    0.004190   -0.001964
    1    2    0   13    4   -0.018183    0.000445
    1    2    0   14    4   -0.035435   -0.000802
    1    2    0   15    4   -0.051291    0.000596
    1    2    0   16    4   -0.008034    0.000948
    1    2    0    1    5    0.196183   -0.003033
    1    2    0    2    5    0.015478   -0.010908
    1    2    0    3    5    0.172816    0.000452
    1    2    0    4    5   -0.088869   -0.000420
    1    2    0    5    5    0.226409    0.000000
    1    2    0    6    5    0.076751    0.011281
    1    2    0    7    5    0.042240    0.000279
    1    2    0    8    5   -0.152253   -0.000661
    1    2    0    9    5   -0.041805    0.000566
    1    2    0   10    5   -0.156205   -0.000863
    1    2    0   11    5   -0.095560   -0.000659
    1    2    0   12    5   -0.027726    0.001400
    1    2    0   13    5   -0.018668   -0.000340
    1    2    0   14    5    0.019836    0.000605
    1    2    0   15    5   -0.085417   -0.000520
    1    2    0   16    5   -0.017815   -0.000664
    1    2    0    1    6    0.008330    0.010872
    1    2    0    2    6    0.198186    0.000056
    1    2    0    3    6    0.055810    0.001770
    1    2    0    4    6    0.040255   -0.000333
    1    2    0    5    6   -0.037505   -0.011283
    1    2    0    6    6   -0.135547    0.000000
    1    2    0    7    6    0.002598    0.001512
    1    2    0    8    6    0.023789   -0.000794
    1    2    0    9    6    0.026965    0.000101
    1    2    0   10    6    0.011150   -0.000057
    1    2    0   11    6   -0.000705   -0.000107
    1    2    0   12    6    0.066353    0.004495
    1    2    0   13    6   -0.026980   -0.000091
    1    2    0   14    6   -0.006693    0.000023
    1    2    0   15    6    0.004687   -0.000078
    1    2    0   16    6   -0.085732   -0.002207
    1    2    0    1    7   -0.220024    0.002092
    1    2    0    2    7   -0.020401    0.001719
    1    2    0    3    7    0.190234   -0.000003
    1    2    0    4    7   -0.281284   -0.000775
    1    2    0    5    7    0.034861   -0.000755
    1    2    0    6    7   -0.010014   -0.001501
    1    2    0    7    7    0.009510   -0.000139
    1    2    0    8    7   -0.086481   -0.000411
    1    2    0    9    7    0.045618   -0.000632
    1    2    0   10    7    0.028841    0.000830
    1    2    0   11    7   -0.045096    0.000673
    1    2    0   12    7    0.023243   -0.001594
    1    2    0   13    7   -0.035837    0.000096
    1    2    0   14    7   -0.018766   -0.000372
    1    2    0   15    7   -0.011082    0.000457
    1    2    0   16    7    0.004814    0.000781
    1    2    0    1    8    0.094798    0.000562
    1    2    0    2    8   -0.038973   -0.000538
    1    2    0    3    8   -0.159528    0.000862
    1    2    0    4    8    0.147105    0.000172
    1    2    0    5    8    0.076644    0.001429
    1    2    0    6    8    0.000913    0.000789
    1    2    0    7    8   -0.061754    0.000747
    1    2    0    8    8   -0.016190    0.000116
    1    2    0    9    8   -0.044248   -0.000019
    1    2    0   10    8    0.057166    0.000403
    1    2    0   11    8    0.078872    0.000603
    1    2    0   12    8   -0.026268   -0.001973
    1    2    0   13    8   -0.005165    0.000402
    1    2    0   14    8   -0.093499   -0.000629
    1    2    0   15    8    0.038600    0.000565
    1    2    0   16    8    0.048756    0.000947
    1    2    0    1    9   -0.043279    0.000368
    1    2    0    2    9    0.041816    0.000122
    1    2    0    3    9    0.030204    0.000361
    1    2    0    4    9    0.063644    0.000218
    1    2    0    5    9    0.016159   -0.000566
    1    2    0    6    9   -0.003403   -0.000105
    1    2    0    7    9    0.029006    0.000543
    1    2    0    8    9    0.008582    0.000166
    1    2    0    9    9   -0.162162    0.000007
    1    2    0   10    9    0.047085   -0.000107
    1    2    0   11    9   -0.054262   -0.000014
    1    2    0   12    9   -0.093674    0.001520
    1    2    0   13    9   -0.152921    0.000031
    1    2    0   14    9   -0.016513    0.000083
    1    2    0   15    9   -0.046047   -0.000001
    1    2    0   16    9   -0.024198   -0.000737
    1    2    0    1   10   -0.074739   -0.000868
    1    2    0    2   10   -0.025537   -0.000057
    1    2    0    3   10    0.026073   -0.000827
    1    2    0    4   10    0.002054   -0.000292
    1    2    0    5   10    0.067204    0.000866
    1    2    0    6   10    0.000088    0.000057
    1    2    0    7   10    0.007148   -0.000870
    1    2    0    8   10    0.051642   -0.000357
    1    2    0    9   10    0.046971    0.000110
    1    2    0   10   10    0.194304   -0.000000
    1    2    0   11   10    0.015864   -0.000169
    1    2    0   12   10   -0.017787    0.000482
    1    2    0   13   10   -0.025122   -0.000102
    1    2    0   14   10   -0.047904    0.000000
    1    2    0   15   10    0.005110   -0.000129
    1    2    0   16   10    0.022423   -0.000238
    1    2    0    1   11   -0.108152   -0.000347
    1    2    0    2   11    0.015303   -0.000141
    1    2    0    3   11    0.008103   -0.000270
    1    2    0    4   11   -0.009669   -0.000946
    1    2    0    5   11   -0.148449    0.000659
    1    2    0    6   11   -0.021921    0.000114
    1    2    0    7   11   -0.063748   -0.000527
    1    2    0    8   11    0.029038   -0.000868
    1    2    0    9   11   -0.065410   -0.000011
    1    2    0   10   11    0.008030    0.000165
    1    2    0   11   11    0.137697    0.000020
    1    2    0   12   11    0.001747   -0.002037
    1    2    0   13   11   -0.015925   -0.000037
    1    2    0   14   11   -0.005860   -0.000128
    1    2    0   15   11    0.066410    0.000007
    1    2    0   16   11   -0.010021    0.000983
    1    2    0    1   12   -0.001347    0.002059
    1    2    0    2   12   -0.096398    0.004358
    1    2    0    3   12    0.024888    0.001584
    1    2    0    4   12   -0.021177    0.001938
    1    2    0    5   12    0.009572   -0.001401
    1    2    0    6   12    0.046803   -0.004496
    1    2    0    7   12    0.030474    0.001600
    1    2    0    8   12    0.020466    0.001953
    1    2    0    9   12    0.098552   -0.001519
    1    2    0   10   12   -0.009709   -0.000481
    1    2    0   11   12   -0.007662    0.002037
    1    2    0   12   12    0.310814    0.000000
    1    2    0   13   12   -0.019318    0.001598
    1    2    0   14   12    0.025214    0.000426
    1    2    0   15   12   -0.055472    0.001615
    1    2    0   16   12    0.046313   -0.000015
    1    2    0    1   13    0.028536   -0.000123
    1    2    0    2   13   -0.005285   -0.000104
    1    2    0    3   13    0.006289   -0.000199
    1    2    0    4   13    0.015307   -0.000087
    1    2    0    5   13   -0.063471    0.000349
    1    2    0    6   13    0.013639    0.000091
    1    2    0    7   13   -0.000604   -0.000299
    1    2    0    8   13    0.007936    0.000075
    1    2    0    9   13   -0.149902   -0.000024
    1    2    0   10   13   -0.021518    0.000110
    1    2    0   11   13   -0.032258    0.000023
    1    2    0   12   13    0.018919   -0.001597
    1    2    0   13   13   -0.262208    0.000022
    1    2    0   14   13    0.016162   -0.000082
    1    2    0   15   13   -0.073313    0.000029
    1    2    0   16   13   -0.098682    0.000775
    1    2    0    1   14   -0.006508    0.000614
    1    2    0    2   14    0.003270    0.000022
    1    2    0    3   14    0.012563    0.000463
    1    2    0    4   14    0.033776    0.000787
    1    2    0    5   14    0.018334   -0.000608
    1    2    0    6   14   -0.004754   -0.000023
    1    2    0    7   14   -0.024713    0.000373
    1    2    0    8   14   -0.025037    0.000626
    1    2    0    9   14   -0.017163   -0.000084
    1    2    0   10   14   -0.048791   -0.000000
    1    2    0   11   14   -0.011222    0.000130
    1    2    0   12   14   -0.008588   -0.000426
    1    2    0   13   14    0.025151    0.000083
    1    2    0   14   14    0.059719   -0.000000
    1    2    0   15   14    0.000503    0.000101
    1    2    0   16   14   -0.004476    0.000209
    1    2    0    1   15   -0.116751   -0.000267
    1    2    0    2   15    0.031514   -0.000101
    1    2    0    3   15    0.015437   -0.000317
    1    2    0    4   15   -0.007841   -0.000544
    1    2    0    5   15   -0.096096    0.000526
    1    2    0    6   15   -0.010829    0.000082
    1    2    0    7   15   -0.025232   -0.000494
    1    2    0    8   15    0.017526   -0.000445
    1    2    0    9   15   -0.045340   -0.000006
    1    2    0   10   15    0.003571    0.000131
    1    2    0   11   15    0.067266    0.000003
    1    2    0   12   15    0.051490   -0.001614
    1    2    0   13   15   -0.071207   -0.000013
    1    2    0   14   15    0.003611   -0.000101
    1    2    0   15   15   -0.007740    0.000006
    1    2    0   16   15    0.060707    0.000778
    1    2    0    1   16    0.047612   -0.000986
    1    2    0    2   16    0.082049   -0.002139
    1    2    0    3   16   -0.022828   -0.000768
    1    2    0    4   16    0.038490   -0.000944
    1    2    0    5   16    0.012864    0.000661
    1    2    0    6   16    0.000352    0.002207
    1    2    0    7   16   -0.029887   -0.000781
    1    2    0    8   16   -0.013637   -0.000954
    1    2    0    9   16    0.019076    0.000735
    1    2    0   10   16   -0.014481    0.000237
    1    2    0   11   16    0.021922   -0.000982
    1    2    0   12   16    0.032965    0.000015
    1    2    0   13   16    0.092971   -0.000777
    1    2    0   14   16   -0.003113   -0.000210
    1    2    0   15   16   -0.053794   -0.000779
    1    2    0   16   16    0.253789   -0.000000
    2    0    0    1    1   -0.219946    0.000000
    2    0    0    2    1   -0.009175    0.010478
    2    0    0    3    1   -0.017958   -0.000424
    2    0    0    4    1   -0.193125   -0.002692
    2    0    0    5    1    0.208720    0.003072
    2    0    0    6    1   -0.051340   -0.010871
    2    0    0    7    1   -0.043841   -0.000218
    2    0    0    8    1   -0.184635   -0.002313
    2    0    0    9    1    0.038679   -0.000301
    2    0    0   10    1    0.084961    0.000881
    2    0    0   11    1   -0.004326    0.000249
    2    0    0   12    1   -0.019532   -0.002057
    2    0    0   13    1   -0.064643    0.000076
    2    0    0   14    1    0.055466   -0.000625
    2    0    0   15    1   -0.040097    0.000199
    2    0    0   16    1   -0.005394    0.000984
    2    0    0    1    2   -0.009175   -0.010478
    2    0    0    2    2   -0.197265    0.000000
    2    0    0    3    2   -0.066016    0.000009
    2    0    0    4    2   -0.003429   -0.002503
    2    0    0    5    2   -0.067279    0.010907
    2    0    0    6    2    0.188234   -0.000056
    2    0    0    7    2   -0.042862    0.000304
    2    0    0    8    2    0.079320   -0.001998
    2    0    0    9    2    0.006728   -0.000115
    2    0    0   10    2    0.009845    0.000056
    2    0    0   11    2    0.034668    0.000135
    2    0    0   12    2   -0.011588   -0.004361
    2    0    0   13    2   -0.029516    0.000116
    2    0    0   14    2    0.019918   -0.000022
    2    0    0   15    2    0.014293    0.000107
    2    0    0   16    2    0.005887    0.002141
    2    0    0    1    3   -0.017958    0.000424
    2    0    0    2    3   -0.066016   -0.000009
    2    0    0    3    3    0.194945    0.000000
    2    0    0    4    3   -0.094552    0.000901
    2    0    0    5    3    0.018376    0.001023
    2    0    0    6    3    0.012597    0.000154
    2    0    0    7    3    0.096880   -0.000129
    2    0    0    8    3   -0.048186    0.001108
    2    0    0    9    3    0.028187   -0.000216
    2    0    0   10    3    0.036890    0.000485
    2    0    0   11    3   -0.001056    0.000730
    2    0    0   12    3    0.021142   -0.001692
    2    0    0   13    3    0.008984    0.000087
    2    0    0   14    3   -0.090159   -0.000554
    2    0    0   15    3    0.018250    0.000482
    2    0    0   16    3   -0.001357    0.000837
    2    0    0    1    4   -0.193125    0.002692
    2    0    0    2    4   -0.003429    0.002503
    2    0    0    3    4   -0.094552   -0.000901
    2    0    0    4    4    0.502783    0.000000
    2    0    0    5    4    0.239812   -0.000645
    2    0    0    6    4   -0.058402   -0.002023
    2    0    0    7    4   -0.119137   -0.001027
    2    0    0    8    4    0.292988    0.000080
    2    0    0    9    4   -0.022576   -0.000364
    2    0    0   10    4    0.006319    0.001175
    2    0    0   11    4   -0.036536    0.000131
    2    0    0   12    4    0.056875   -0.001901
    2    0    0   13    4    0.001105   -0.000216
    2    0    0   14    4   -0.081476   -0.000439
    2    0    0   15    4   -0.028290    0.000124
    2    0    0   16    4   -0.032558    0.000933
    2    0    0    1    5    0.208720   -0.003072
    2    0    0    2    5   -0.067279   -0.010907
    2    0    0    3    5    0.018376   -0.001023
    2    0    0    4    5    0.239812    0.000645
    2    0    0    5    5   -0.247554    0.000000
    2    0    0    6    5    0.078793    0.011283
    2    0    0    7    5    0.054310   -0.000684
    2    0    0    8    5    0.270383    0.000994
    2    0    0    9    5    0.049120    0.000560
    2    0    0   10    5   -0.065694   -0.000876
    2    0    0   11    5   -0.060553   -0.000646
    2    0    0   12    5   -0.049524    0.001367
    2    0    0   13    5   -0.053267   -0.000341
    2    0    0   14    5   -0.008753    0.000622
    2    0    0   15    5   -0.017484   -0.000516
    2    0    0   16    5    0.032733   -0.000638
    2    0    0    1    6   -0.051340    0.010871
    2    0    0    2    6    0.188234    0.000056
    2    0    0    3    6    0.012597   -0.000154
    2    0    0    4    6   -0.058402    0.002023
    2    0    0    5    6    0.078793   -0.011283
    2    0    0    6    6   -0.209309    0.000000
    2    0    0    7    6    0.069976    0.000139
    2    0    0    8    6    0.051693    0.002517
    2    0    0    9    6    0.097166    0.000091
    2    0    0   10    6   -0.016959   -0.000056
    2    0    0   11    6    0.062926   -0.000100
    2    0    0   12    6    0.023838    0.004494
    2    0    0   13    6   -0.058203   -0.000107
    2    0    0   14    6   -0.000960    0.000022
    2    0    0   15    6    0.042525   -0.000087
    2    0    0   16    6    0.002995   -0.002206
    2    0    0    1    7   -0.043841    0.000218
    2    0    0    2    7   -0.042862   -0.000304
    2    0    0    3    7    0.096880    0.000129
    2    0    0    4    7   -0.119137    0.001027
    2    0    0    5    7    0.054310    0.000684
    2    0    0    6    7    0.069976   -0.000139
    2    0    0    7    7    0.211764    0.000000
    2    0    0    8    7   -0.097669    0.000468
    2    0    0    9    7    0.061888   -0.000040
    2    0    0   10    7   -0.008504    0.000439
    2    0    0   11    7    0.107096    0.000486
    2    0    0   12    7   -0.020289   -0.001667
    2    0    0   13    7   -0.064416   -0.000013
    2    0    0   14    7    0.008669   -0.000646
    2    0    0   15    7    0.050288    0.000315
    2    0    0   16    7    0.002630    0.000819
    2    0    0    1    8   -0.184635    0.002313
    2    0    0    2    8    0.079320    0.001998
    2    0    0    3    8   -0.048186   -0.001108
    2    0    0    4    8    0.292988   -0.000080
    2    0    0    5    8    0.270383   -0.000994
    2    0    0    6    8    0.051693   -0.002517
    2    0    0    7    8   -0.097669   -0.000468
    2    0    0    8    8    0.404563    0.000000
    2    0    0    9    8    0.027455   -0.000323
    2    0    0   10    8   -0.023983    0.001126
    2    0    0   11    8    0.054973    0.000093
    2    0    0   12    8    0.044289   -0.001881
    2    0    0   13    8   -0.046306   -0.000008
    2    0    0   14    8    0.025940   -0.000619
    2    0    0   15    8    0.015959    0.000206
    2    0    0   16    8   -0.017175    0.000919
    2    0    0    1    9    0.038679    0.000301
    2    0    0    2    9    0.006728    0.000115
    2    0    0    3    9    0.028187    0.000216
    2    0    0    4    9   -0.022576    0.000364
    2    0    0    5    9    0.049120   -0.000560
    2    0    0    6    9    0.097166   -0.000091
    2    0    0    7    9    0.061888    0.000040
    2    0    0    8    9    0.027455    0.000323
    2    0    0    9    9    0.101612    0.000000
    2    0    0   10    9   -0.021155   -0.000119
    2    0    0   11    9    0.064830    0.000008
    2    0    0   12    9    0.004696    0.001546
    2    0    0   13    9   -0.219846    0.000010
    2    0    0   14    9    0.010005    0.000091
    2    0    0   15    9   -0.003643    0.000003
    2    0    0   16    9   -0.005544   -0.000764
    2    0    0    1   10    0.084961   -0.000881
    2    0    0    2   10    0.009845   -0.000056
    2    0    0    3   10    0.036890   -0.000485
    2    0    0    4   10    0.006319   -0.001175
    2    0    0    5   10   -0.065694    0.000876
    2    0    0    6   10   -0.016959    0.000056
    2    0    0    7   10   -0.008504   -0.000439
    2    0    0    8   10   -0.023983   -0.001126
    2    0    0    9   10   -0.021155    0.000119
    2    0    0   10   10   -0.223853   -0.000000
    2    0    0   11   10   -0.024956   -0.000181
    2    0    0   12   10   -0.018163    0.000446
    2    0    0   13   10    0.077378   -0.000109
    2    0    0   14   10    0.115608   -0.000000
    2    0    0   15   10    0.000708   -0.000138
    2    0    0   16   10    0.001978   -0.000213
    2    0    0    1   11   -0.004326   -0.000249
    2    0    0    2   11    0.034668   -0.000135
    2    0    0    3   11   -0.001056   -0.000730
    2    0    0    4   11   -0.036536   -0.000131
    2    0    0    5   11   -0.060553    0.000646
    2    0    0    6   11    0.062926    0.000100
    2    0    0    7   11    0.107096   -0.000486
    2    0    0    8   11    0.054973   -0.000093
    2    0    0    9   11    0.064830   -0.000008
    2    0    0   10   11   -0.024956    0.000181
    2    0    0   11   11    0.274353    0.000000
    2    0    0   12   11    0.001059   -0.002102
    2    0    0   13   11    0.373893   -0.000006
    2    0    0   14   11    0.050176   -0.000141
    2    0    0   15   11    0.442536    0.000005
    2    0    0   16   11    0.000161    0.001043
    2    0    0    1   12   -0.019532    0.002057
    2    0    0    2   12   -0.011588    0.004361
    2    0    0    3   12    0.021142    0.001692
    2    0    0    4   12    0.056875    0.001901
    2    0    0    5   12   -0.049524   -0.001367
    2    0    0    6   12    0.023838   -0.004494
    2    0    0    7   12   -0.020289    0.001667
    2    0    0    8   12    0.044289    0.001881
    2    0    0    9   12    0.004696   -0.001546
    2    0    0   10   12   -0.018163   -0.000446
    2    0    0   11   12    0.001059    0.002102
    2    0    0   12   12   -0.673872   -0.000000
    2    0    0   13   12    0.002682    0.001607
    2    0    0   14   12    0.013652    0.000397
    2    0    0   15   12   -0.001767    0.001664
    2    0    0   16   12    0.275501   -0.000015
    2    0    0    1   13   -0.064643   -0.000076
    2    0    0    2   13   -0.029516   -0.000116
    2    0    0    3   13    0.008984   -0.000087
    2    0    0    4   13    0.001105    0.000216
    2    0    0    5   13   -0.053267    0.000341
    2    0    0    6   13   -0.058203    0.000107
    2    0    0    7   13   -0.064416    0.000013
    2    0    0    8   13   -0.046306    0.000008
    2    0    0    9   13   -0.219846   -0.000010
    2    0    0   10   13    0.077378    0.000109
    2    0    0   11   13    0.373893    0.000006
    2    0    0   12   13    0.002682   -0.001607
    2    0    0   13   13   -0.093599    0.000000
    2    0    0   14   13   -0.087000   -0.000089
    2    0    0   15   13    0.070588    0.000006
    2    0    0   16   13    0.002495    0.000792
    2    0    0    1   14    0.055466    0.000625
    2    0    0    2   14    0.019918    0.000022
    2    0    0    3   14   -0.090159    0.000554
    2    0    0    4   14   -0.081476    0.000439
    2    0    0    5   14   -0.008753   -0.000622
    2    0    0    6   14   -0.000960   -0.000022
    2    0    0    7   14    0.008669    0.000646
    2    0    0    8   14    0.025940    0.000619
    2    0    0    9   14    0.010005   -0.000091
    2    0    0   10   14    0.115608    0.000000
    2    0    0   11   14    0.050176    0.000141
    2    0    0   12   14    0.013652   -0.000397
    2    0    0   13   14   -0.087000    0.000089
    2    0    0   14   14   -0.142136    0.000000
    2    0    0   15   14    0.010599    0.000111
    2    0    0   16   14   -0.004031    0.000190
    2    0    0    1   15   -0.040097   -0.000199
    2    0    0    2   15    0.014293   -0.000107
    2    0    0    3   15    0.018250   -0.000482
    2    0    0    4   15   -0.028290   -0.000124
    2    0    0    5   15   -0.017484    0.000516
    2    0    0    6   15    0.042525    0.000087
    2    0    0    7   15    0.050288   -0.000315
    2    0    0    8   15    0.015959   -0.000206
    2    0    0    9   15   -0.003643   -0.000003
    2    0    0   10   15    0.000708    0.000138
    2    0    0   11   15    0.442536   -0.000005
    2    0    0   12   15   -0.001767   -0.001664
    2    0    0   13   15    0.070588   -0.000006
    2    0    0   14   15    0.010599   -0.000111
    2    0    0   15   15    0.280338    0.000000
    2    0    0   16   15    0.002771    0.000827
    2    0    0    1   16   -0.005394   -0.000984
    2    0    0    2   16    0.005887   -0.002141
    2    0    0    3   16   -0.001357   -0.000837
    2    0    0    4   16   -0.032558   -0.000933
    2    0    0    5   16    0.032733    0.000638
    2    0    0    6   16    0.002995    0.002206
    2    0    0    7   16    0.002630   -0.000819
    2    0    0    8   16   -0.017175   -0.000919
    2    0    0    9   16   -0.005544    0.000764
    2    0    0   10   16    0.001978    0.000213
    2    0    0   11   16    0.000161   -0.001043
    2    0    0   12   16    0.275501    0.000015
    2    0    0   13   16    0.002495   -0.000792
    2    0    0   14   16   -0.004031   -0.000190
    2    0    0   15   16    0.002771   -0.000827
    2    0    0   16   16   -0.127841    0.000000
    2    1    0    1    1    0.223825    0.000039
    2    1    0    2    1    0.015612    0.010470
    2    1    0    3    1   -0.166423   -0.000532
    2    1    0    4    1   -0.028247   -0.002412
    2    1    0    5    1    0.205793    0.003088
    2    1    0    6    1   -0.031736   -0.010867
    2    1    0    7    1   -0.203028   -0.000559
    2    1    0    8    1    0.142489   -0.002588
    2    1    0    9    1   -0.045307   -0.000290
    2    1    0   10    1    0.091250    0.000862
    2    1    0   11    1   -0.121598    0.000244
    2    1    0   12    1    0.001392   -0.002076
    2    1    0   13    1    0.029009    0.000074
    2    1    0   14    1    0.041351   -0.000614
    2    1    0   15    1   -0.093458    0.000198
    2    1    0   16    1   -0.023262    0.000997
    2    1    0    1    2    0.029342   -0.010489
    2    1    0    2    2   -0.127118   -0.000000
    2    1    0    3    2    0.042674    0.000389
    2    1    0    4    2    0.072177   -0.001993
    2    1    0    5    2   -0.040800    0.010897
    2    1    0    6    2    0.203983   -0.000056
    2    1    0    7    2    0.022042    0.000083
    2    1    0    8    2   -0.014410   -0.002503
    2    1    0    9    2   -0.011591   -0.000106
    2    1    0   10    2   -0.022694    0.000058
    2    1    0   11    2   -0.081850    0.000124
    2    1    0   12    2    0.051703   -0.004359
    2    1    0   13    2   -0.007953    0.000125
    2    1    0   14    2    0.025651   -0.000024
    2    1    0   15    2   -0.067904    0.000107
    2    1    0   16    2   -0.045941    0.002140
    2    1    0    1    3    0.089585    0.000152
    2    1    0    2    3   -0.023344   -0.000382
    2    1    0    3    3    0.097545   -0.000227
    2    1    0    4    3    0.021194    0.001106
    2    1    0    5    3    0.295218    0.000633
    2    1    0    6    3   -0.020935   -0.000057
    2    1    0    7    3    0.285391   -0.000315
    2    1    0    8    3   -0.218431    0.001053
    2    1    0    9    3   -0.033945    0.000353
    2    1    0   10    3    0.075697    0.000369
    2    1    0   11    3    0.036225   -0.000100
    2    1    0   12    3    0.009842   -0.001593
    2    1    0   13    3    0.045373   -0.000343
    2    1    0   14    3   -0.094648   -0.000583
    2    1    0   15    3    0.048603   -0.000136
    2    1    0   16    3    0.016786    0.000742
    2    1    0    1    4    0.086182    0.002265
    2    1    0    2    4    0.064560    0.002022
    2    1    0    3    4   -0.048481   -0.001402
    2    1    0    4    4   -0.060295   -0.000015
    2    1    0    5    4   -0.037017   -0.001033
    2    1    0    6    4   -0.020131   -0.002519
    2    1    0    7    4   -0.118012   -0.000859
    2    1    0    8    4    0.124757    0.000152
    2    1    0    9    4   -0.061043   -0.000335
    2    1    0   10    4    0.015926    0.001137
    2    1    0   11    4   -0.018597    0.000130
    2    1    0   12    4    0.008473   -0.001890
    2    1    0   13    4    0.005841   -0.000117
    2    1    0   14    4   -0.068120   -0.000606
    2    1    0   15    4   -0.010665    0.000166
    2    1    0   16    4    0.015619    0.000937
    2    1    0    1    5   -0.296462   -0.003058
    2    1    0    2    5    0.020218   -0.010906
    2    1    0    3    5    0.034822   -0.000617
    2    1    0    4    5    0.018780    0.001062
    2    1    0    5    5    0.250541   -0.000006
    2    1    0    6    5    0.014729    0.011290
    2    1    0    7    5    0.036488   -0.000838
    2    1    0    8    5   -0.011430    0.000610
    2    1    0    9    5    0.009807    0.000530
    2    1    0   10    5   -0.057310   -0.000875
    2    1    0   11    5    0.014834   -0.000607
    2    1    0   12    5    0.037083    0.001387
    2    1    0   13    5   -0.151897   -0.000293
    2    1    0   14    5    0.062412    0.000618
    2    1    0   15    5   -0.042266   -0.000472
    2    1    0   16    5   -0.027798   -0.000651
    2    1    0    1    6    0.090423    0.010859
    2    1    0    2    6    0.162968    0.000056
    2    1    0    3    6    0.005066    0.000031
    2    1    0    4    6   -0.023164    0.002517
    2    1    0    5    6    0.000346   -0.011271
    2    1    0    6    6   -0.141545   -0.000000
    2    1    0    7    6   -0.002740   -0.000232
    2    1    0    8    6   -0.082425    0.002046
    2    1    0    9    6   -0.070050    0.000093
    2    1    0   10    6    0.011358   -0.000059
    2    1    0   11    6    0.051867   -0.000100
    2    1    0   12    6    0.057362    0.004495
    2    1    0   13    6    0.061408   -0.000098
    2    1    0   14    6   -0.020026    0.000024
    2    1    0   15    6    0.039326   -0.000080
    2    1    0   16    6   -0.031620   -0.002207
    2    1    0    1    7    0.007091    0.000575
    2    1    0    2    7   -0.005471   -0.000115
    2    1    0    3    7   -0.125244    0.000005
    2    1    0    4    7   -0.045892    0.000448
    2    1    0    5    7    0.196465    0.000698
    2    1    0    6    7   -0.080614    0.000226
    2    1    0    7    7    0.074048    0.000007
    2    1    0    8    7   -0.044020    0.001055
    2    1    0    9    7   -0.018998    0.000272
    2    1    0   10    7    0.034989    0.000368
    2    1    0   11    7    0.025244   -0.000031
    2    1    0   12    7    0.010496   -0.001587
    2    1    0   13    7    0.046650   -0.000394
    2    1    0   14    7   -0.064563   -0.000475
    2    1    0   15    7    0.048854   -0.000138
    2    1    0   16    7    0.010542    0.000736
    2    1    0    1    8   -0.029506    0.002673
    2    1    0    2    8    0.031000    0.002501
    2    1    0    3    8   -0.040499   -0.000644
    2    1    0    4    8    0.177609   -0.000156
    2    1    0    5    8    0.091866   -0.000589
    2    1    0    6    8   -0.088905   -0.002025
    2    1    0    7    8   -0.049162   -0.000717
    2    1    0    8    8   -0.028462   -0.000115
    2    1    0    9    8   -0.028129   -0.000343
    2    1    0   10    8    0.025640    0.001188
    2    1    0   11    8    0.023924    0.000083
    2    1    0   12    8    0.011398   -0.001891
    2    1    0   13    8   -0.037989   -0.000152
    2    1    0   14    8   -0.041185   -0.000445
    2    1    0   15    8   -0.018171    0.000134
    2    1    0   16    8   -0.008630    0.000925
    2    1    0    1    9    0.047644    0.000353
    2    1    0    2    9    0.036752    0.000113
    2    1    0    3    9    0.035465    0.000717
    2    1    0    4    9    0.033057    0.000345
    2    1    0    5    9    0.021781   -0.000594
    2    1    0    6    9   -0.001143   -0.000094
    2    1    0    7    9    0.053860    0.000712
    2    1    0    8    9    0.056623    0.000374
    2    1    0    9    9    0.062414    0.000034
    2    1    0   10    9   -0.005415   -0.000130
    2    1    0   11    9   -0.074807   -0.000067
    2    1    0   12    9   -0.091557    0.001558
    2    1    0   13    9    0.241940   -0.000018
    2    1    0   14    9    0.036826    0.000103
    2    1    0   15    9    0.086520   -0.000059
    2    1    0   16    9    0.252416   -0.000768
    2    1    0    1   10   -0.121430   -0.000882
    2    1    0    2   10    0.008051   -0.000059
    2    1    0    3   10    0.030468   -0.000414
    2    1    0    4   10    0.104963   -0.001119
    2    1    0    5   10   -0.035303    0.000867
    2    1    0    6   10   -0.030552    0.000058
    2    1    0    7   10   -0.110260   -0.000466
    2    1    0    8   10    0.010728   -0.001193
    2    1    0    9   10    0.034361    0.000099
    2    1    0   10   10   -0.093030   -0.000006
    2    1    0   11   10    0.026846   -0.000148
    2    1    0   12   10    0.019696    0.000461
    2    1    0   13   10   -0.014988   -0.000082
    2    1    0   14   10    0.281222    0.000005
    2    1    0   15   10    0.025672   -0.000108
    2    1    0   16   10    0.001453   -0.000221
    2    1    0    1   11    0.035248   -0.000341
    2    1    0    2   11   -0.068719   -0.000130
    2    1    0    3   11    0.013720   -0.001430
    2    1    0    4   11    0.052255   -0.000116
    2    1    0    5   11    0.080690    0.000707
    2    1    0    6   11    0.093088    0.000105
    2    1    0    7   11    0.059180   -0.001450
    2    1    0    8   11   -0.018531   -0.000167
    2    1    0    9   11    0.092994   -0.000083
    2    1    0   10   11    0.022952    0.000202
    2    1    0   11   11    0.207598    0.000148
    2    1    0   12   11    0.089929   -0.002103
    2    1    0   13   11   -0.230613    0.000043
    2    1    0   14   11    0.004016   -0.000162
    2    1    0   15   11    0.120168    0.000120
    2    1    0   16   11    0.153157    0.001037
    2    1    0    1   12   -0.114800    0.002043
    2    1    0    2   12   -0.000626    0.004359
    2    1    0    3   12   -0.017187    0.001699
    2    1    0    4   12    0.017925    0.001880
    2    1    0    5   12   -0.078108   -0.001386
    2    1    0    6   12   -0.019940   -0.004498
    2    1    0    7   12   -0.000675    0.001705
    2    1    0    8   12   -0.005363    0.001895
    2    1    0    9   12    0.150668   -0.001508
    2    1    0   10   12   -0.028190   -0.000469
    2    1    0   11   12    0.045608    0.002035
    2    1    0   12   12   -0.193342    0.000025
    2    1    0   13   12    0.018460    0.001585
    2    1    0   14   12    0.009805    0.000416
    2    1    0   15   12    0.119445    0.001614
    2    1    0   16   12   -0.099311   -0.000036
    2    1    0    1   13   -0.105271   -0.000142
    2    1    0    2   13   -0.025314   -0.000108
    2    1    0    3   13    0.011389   -0.000721
    2    1    0    4   13   -0.009460    0.000104
    2    1    0    5   13   -0.058167    0.000392
    2    1    0    6   13    0.012432    0.000100
    2    1    0    7   13   -0.014168   -0.000584
    2    1    0    8   13   -0.018493    0.000153
    2    1    0    9   13   -0.005225   -0.000050
    2    1    0   10   13    0.007734    0.000128
    2    1    0   11   13   -0.004591    0.000087
    2    1    0   12   13   -0.076980   -0.001629
    2    1    0   13   13   -0.014227    0.000012
    2    1    0   14   13   -0.004288   -0.000100
    2    1    0   15   13    0.030938    0.000061
    2    1    0   16   13   -0.040420    0.000802
    2    1    0    1   14    0.023189    0.000622
    2    1    0    2   14    0.001304    0.000024
    2    1    0    3   14    0.014687    0.000634
    2    1    0    4   14   -0.005942    0.000622
    2    1    0    5   14   -0.101034   -0.000610
    2    1    0    6   14    0.001043   -0.000024
    2    1    0    7   14    0.000566    0.000541
    2    1    0    8   14   -0.022146    0.000441
    2    1    0    9   14   -0.021185   -0.000072
    2    1    0   10   14    0.083839    0.000005
    2    1    0   11   14   -0.008965    0.000108
    2    1    0   12   14   -0.011780   -0.000409
    2    1    0   13   14   -0.024851    0.000073
    2    1    0   14   14   -0.125846   -0.000004
    2    1    0   15   14   -0.023019    0.000086
    2    1    0   16   14    0.000877    0.000197
    2    1    0    1   15   -0.011614   -0.000279
    2    1    0    2   15   -0.045533   -0.000099
    2    1    0    3   15    0.036723   -0.001082
    2    1    0    4   15    0.030126   -0.000160
    2    1    0    5   15    0.001727    0.000574
    2    1    0    6   15    0.075950    0.000085
    2    1    0    7   15    0.046745   -0.001046
    2    1    0    8   15    0.011209   -0.000185
    2    1    0    9   15    0.020207   -0.000067
    2    1    0   10   15    0.010860    0.000159
    2    1    0   11   15    0.095512    0.000120
    2    1    0   12   15   -0.002516   -0.001667
    2    1    0   13   15   -0.027613    0.000026
    2    1    0   14   15    0.015535   -0.000127
    2    1    0   15   15    0.102590    0.000092
    2    1    0   16   15    0.105835    0.000822
    2    1    0    1   16    0.055327   -0.000976
    2    1    0    2   16    0.030232   -0.002140
    2    1    0    3   16    0.015962   -0.000843
    2    1    0    4   16    0.009032   -0.000920
    2    1    0    5   16    0.042309    0.000651
    2    1    0    6   16    0.036776    0.002209
    2    1    0    7   16    0.009787   -0.000852
    2    1    0    8   16   -0.007622   -0.000934
    2    1    0    9   16   -0.042707    0.000731
    2    1    0   10   16    0.007561    0.000227
    2    1    0   11   16    0.035434   -0.000986
    2    1    0   12   16    0.119164   -0.000005
    2    1    0   13   16    0.022721   -0.000771
    2    1    0   14   16    0.000814   -0.000202
    2    1    0   15   16    0.029186   -0.000783
    2    1    0   16   16    0.013035    0.000016
    2    2    0    1    1   -0.288128   -0.000000
    2    2    0    2    1   -0.042819    0.010474
    2    2    0    3    1   -0.257915   -0.000850
    2    2    0    4    1    0.142021   -0.002667
    2    2    0    5    1   -0.170403    0.003096
    2    2    0    6    1    0.010976   -0.010850
    2    2    0    7    1   -0.037387   -0.000705
    2    2    0    8    1    0.113561   -0.002263
    2    2    0    9    1    0.031733   -0.000332
    2    2    0   10    1   -0.003049    0.000868
    2    2    0   11    1   -0.147660    0.000318
    2    2    0   12    1   -0.035824   -0.002060
    2    2    0   13    1   -0.004059    0.000149
    2    2    0   14    1    0.026700   -0.000612
    2    2    0   15    1   -0.093055    0.000275
    2    2    0   16    1    0.004953    0.000991
    2    2    0    1    2   -0.042819   -0.010474
    2    2    0    2    2   -0.194874   -0.000000
    2    2    0    3    2   -0.047455    0.000045
    2    2    0    4    2    0.007586   -0.002502
    2    2    0    5    2   -0.060193    0.010891
    2    2    0    6    2    0.151513   -0.000056
    2    2    0    7    2   -0.050645    0.000314
    2    2    0    8    2    0.055140   -0.002026
    2    2    0    9    2   -0.021192   -0.000116
    2    2    0   10    2   -0.002136    0.000057
    2    2    0   11    2    0.022601    0.000134
    2    2    0   12    2   -0.088318   -0.004358
    2    2    0   13    2   -0.014655    0.000119
    2    2    0   14    2    0.012752   -0.000023
    2    2    0   15    2    0.000224    0.000107
    2    2    0   16    2    0.013306    0.002139
    2    2    0    1    3   -0.257915    0.000850
    2    2    0    2    3   -0.047455   -0.000045
    2    2    0    3    3    0.302952    0.000000
    2    2    0    4    3   -0.226245    0.000981
    2    2    0    5    3    0.108324    0.000514
    2    2    0    6    3    0.054322    0.000142
    2    2    0    7    3    0.085673   -0.000139
    2    2    0    8    3   -0.220696    0.001356
    2    2    0    9    3   -0.033742   -0.000259
    2    2    0   10    3   -0.059356    0.000366
    2    2    0   11    3   -0.028882    0.000691
    2    2    0   12    3    0.043138   -0.001624
    2    2    0   13    3   -0.044120    0.000342
    2    2    0   14    3   -0.045999   -0.000472
    2    2    0   15    3   -0.045057    0.000540
    2    2    0   16    3   -0.009247    0.000778
    2    2    0    1    4    0.142021    0.002667
    2    2    0    2    4    0.007586    0.002502
    2    2    0    3    4   -0.226245   -0.000981
    2    2    0    4    4    0.205493    0.000000
    2    2    0    5    4   -0.024963   -0.000751
    2    2    0    6    4   -0.060568   -0.002044
    2    2    0    7    4   -0.199951   -0.001153
    2    2    0    8    4   -0.133778    0.000214
    2    2    0    9    4    0.034148   -0.000424
    2    2    0   10    4    0.020404    0.001189
    2    2    0   11    4   -0.039793    0.000232
    2    2    0   12    4   -0.018759   -0.001883
    2    2    0   13    4   -0.017451   -0.000208
    2    2    0   14    4   -0.002344   -0.000443
    2    2    0   15    4    0.007646    0.000181
    2    2    0   16    4    0.005536    0.000925
    2    2    0    1    5   -0.170403   -0.003096
    2    2    0    2    5   -0.060193   -0.010891
    2    2    0    3    5    0.108324   -0.000514
    2    2    0    4    5   -0.024963    0.000751
    2    2    0    5    5   -0.339435   -0.000000
    2    2    0    6    5    0.059124    0.011291
    2    2    0    7    5    0.233741   -0.000360
    2    2    0    8    5   -0.100078    0.000915
    2    2    0    9    5    0.065135    0.000554
    2    2    0   10    5    0.069500   -0.000864
    2    2    0   11    5    0.001198   -0.000646
    2    2    0   12    5   -0.013414    0.001400
    2    2    0   13    5    0.008957   -0.000365
    2    2    0   14    5    0.082749    0.000610
    2    2    0   15    5    0.010321   -0.000530
    2    2    0   16    5    0.011132   -0.000662
    2    2    0    1    6    0.010976    0.010850
    2    2    0    2    6    0.151513    0.000056
    2    2    0    3    6    0.054322   -0.000142
    2    2    0    4    6   -0.060568    0.002044
    2    2    0    5    6    0.059124   -0.011291
    2    2    0    6    6   -0.207113   -0.000000
    2    2    0    7    6    0.090203    0.000121
    2    2    0    8    6   -0.027720    0.002520
    2    2    0    9    6   -0.013950    0.000102
    2    2    0   10    6   -0.001631   -0.000057
    2    2    0   11    6   -0.014389   -0.000111
    2    2    0   12    6    0.007761    0.004496
    2    2    0   13    6    0.011566   -0.000088
    2    2    0   14    6   -0.002044    0.000023
    2    2    0   15    6   -0.019732   -0.000080
    2    2    0   16    6   -0.022639   -0.002207
    2    2    0    1    7   -0.037387    0.000705
    2    2    0    2    7   -0.050645   -0.000314
    2    2    0    3    7    0.085673    0.000139
    2    2    0    4    7   -0.199951    0.001153
    2    2    0    5    7    0.233741    0.000360
    2    2    0    6    7    0.090203   -0.000121
    2    2    0    7    7    0.293090    0.000000
    2    2    0    8    7   -0.129768    0.000603
    2    2    0    9    7    0.011423   -0.000398
    2    2    0   10    7    0.030435    0.000342
    2    2    0   11    7   -0.001638    0.000914
    2    2    0   12    7    0.046206   -0.001632
    2    2    0   13    7   -0.038975    0.000466
    2    2    0   14    7   -0.005371   -0.000573
    2    2    0   15    7   -0.025391    0.000695
    2    2    0   16    7   -0.025535    0.000794
    2    2    0    1    8    0.113561    0.002263
    2    2    0    2    8    0.055140    0.002026
    2    2    0    3    8   -0.220696   -0.001356
    2    2    0    4    8   -0.133778   -0.000214
    2    2    0    5    8   -0.100078   -0.000915
    2    2    0    6    8   -0.027720   -0.002520
    2    2    0    7    8   -0.129768   -0.000603
    2    2    0    8    8    0.284654    0.000000
    2    2    0    9    8   -0.003219   -0.000319
    2    2    0   10    8    0.060561    0.001145
    2    2    0   11    8   -0.009869    0.000093
    2    2    0   12    8    0.000590   -0.001893
    2    2    0   13    8    0.038212   -0.000119
    2    2    0   14    8   -0.032845   -0.000610
    2    2    0   15    8    0.028586    0.000145
    2    2    0   16    8    0.016049    0.000935
    2    2    0    1    9    0.031733    0.000332
    2    2    0    2    9   -0.021192    0.000116
    2    2    0    3    9   -0.033742    0.000259
    2    2    0    4    9    0.034148    0.000424
    2    2    0    5    9    0.065135   -0.000554
    2    2    0    6    9   -0.013950   -0.000102
    2    2    0    7    9    0.011423    0.000398
    2    2    0    8    9   -0.003219    0.000319
    2    2    0    9    9    0.118538    0.000000
    2    2    0   10    9    0.034149   -0.000110
    2    2    0   11    9    0.045944    0.000008
    2    2    0   12    9    0.075873    0.001519
    2    2    0   13    9    0.034266    0.000006
    2    2    0   14    9   -0.042218    0.000084
    2    2    0   15    9    0.065067   -0.000002
    2    2    0   16    9   -0.032714   -0.000736
    2    2    0    1   10   -0.003049   -0.000868
    2    2    0    2   10   -0.002136   -0.000057
    2    2    0    3   10   -0.059356   -0.000366
    2    2    0    4   10    0.020404   -0.001189
    2    2    0    5   10    0.069500    0.000864
    2    2    0    6   10   -0.001631    0.000057
    2    2    0    7   10    0.030435   -0.000342
    2    2    0    8   10    0.060561   -0.001145
    2    2    0    9   10    0.034149    0.000110
    2    2    0   10   10    0.113969    0.000000
    2    2    0   11   10   -0.021874   -0.000168
    2    2    0   12   10    0.005671    0.000481
    2    2    0   13   10   -0.000950   -0.000108
    2    2    0   14   10   -0.072285    0.000000
    2    2    0   15   10   -0.004703   -0.000132
    2    2    0   16   10    0.010019   -0.000237
    2    2    0    1   11   -0.147660   -0.000318
    2    2    0    2   11    0.022601   -0.000134
    2    2    0    3   11   -0.028882   -0.000691
    2    2    0    4   11   -0.039793   -0.000232
    2    2    0    5   11    0.001198    0.000646
    2    2    0    6   11   -0.014389    0.000111
    2    2    0    7   11   -0.001638   -0.000914
    2    2    0    8   11   -0.009869   -0.000093
    2    2    0    9   11    0.045944   -0.000008
    2    2    0   10   11   -0.021874    0.000168
    2    2    0   11   11    0.007691   -0.000000
    2    2    0   12   11    0.069950   -0.002037
    2    2    0   13   11   -0.009773   -0.000013
    2    2    0   14   11    0.006009   -0.000128
    2    2    0   15   11    0.047433    0.000007
    2    2    0   16   11    0.015096    0.000982
    2    2    0    1   12   -0.035824    0.002060
    2    2    0    2   12   -0.088318    0.004358
    2    2    0    3   12    0.043138    0.001624
    2    2    0    4   12   -0.018759    0.001883
    2    2    0    5   12   -0.013414   -0.001400
    2    2    0    6   12    0.007761   -0.004496
    2    2    0    7   12    0.046206    0.001632
    2    2    0    8   12    0.000590    0.001893
    2    2    0    9   12    0.075873   -0.001519
    2    2    0   10   12    0.005671   -0.000481
    2    2    0   11   12    0.069950    0.002037
    2    2    0   12   12    0.035981    0.000000
    2    2    0   13   12    0.056727    0.001598
    2    2    0   14   12    0.012826    0.000426
    2    2    0   15   12    0.081434    0.001614
    2    2    0   16   12   -0.055108   -0.000015
    2    2    0    1   13   -0.004059   -0.000149
    2    2    0    2   13   -0.014655   -0.000119
    2    2    0    3   13   -0.044120   -0.000342
    2    2    0    4   13   -0.017451    0.000208
    2    2    0    5   13    0.008957    0.000365
    2    2    0    6   13    0.011566    0.000088
    2    2    0    7   13   -0.038975   -0.000466
    2    2    0    8   13    0.038212    0.000119
    2    2    0    9   13    0.034266   -0.000006
    2    2    0   10   13   -0.000950    0.000108
    2    2    0   11   13   -0.009773    0.000013
    2    2    0   12   13    0.056727   -0.001598
    2    2    0   13   13    0.137895    0.000000
    2    2    0   14   13   -0.006001   -0.000084
    2    2    0   15   13    0.057102    0.000018
    2    2    0   16   13   -0.039279    0.000775
    2    2    0    1   14    0.026700    0.000612
    2    2    0    2   14    0.012752    0.000023
    2    2    0    3   14   -0.045999    0.000472
    2    2    0    4   14   -0.002344    0.000443
    2    2    0    5   14    0.082749   -0.000610
    2    2    0    6   14   -0.002044   -0.000023
    2    2    0    7   14   -0.005371    0.000573
    2    2    0    8   14   -0.032845    0.000610
    2    2    0    9   14   -0.042218   -0.000084
    2    2    0   10   14   -0.072285   -0.000000
    2    2    0   11   14    0.006009    0.000128
    2    2    0   12   14    0.012826   -0.000426
    2    2    0   13   14   -0.006001    0.000084
    2    2    0   14   14    0.022879   -0.000000
    2    2    0   15   14   -0.010833    0.000101
    2    2    0   16   14    0.005911    0.000210
    2    2    0    1   15   -0.093055   -0.000275
    2    2    0    2   15    0.000224   -0.000107
    2    2    0    3   15   -0.045057   -0.000540
    2    2    0    4   15    0.007646   -0.000181
    2    2    0    5   15    0.010321    0.000530
    2    2    0    6   15   -0.019732    0.000080
    2    2    0    7   15   -0.025391   -0.000695
    2    2    0    8   15    0.028586   -0.000145
    2    2    0    9   15    0.065067    0.000002
    2    2    0   10   15   -0.004703    0.000132
    2    2    0   11   15    0.047433   -0.000007
    2    2    0   12   15    0.081434   -0.001614
    2    2    0   13   15    0.057102   -0.000018
    2    2    0   14   15   -0.010833   -0.000101
    2    2    0   15   15    0.096975   -0.000000
    2    2    0   16   15    0.033886    0.000778
    2    2    0    1   16    0.004953   -0.000991
    2    2    0    2   16    0.013306   -0.002139
    2    2    0    3   16   -0.009247   -0.000778
    2    2    0    4   16    0.005536   -0.000925
    2    2    0    5   16    0.011132    0.000662
    2    2    0    6   16   -0.022639    0.002207
    2    2    0    7   16   -0.025535   -0.000794
    2    2    0    8   16    0.016049   -0.000935
    2    2    0    9   16   -0.032714    0.000736
    2    2    0   10   16    0.010019    0.000237
    2    2    0   11   16    0.015096   -0.000982
    2    2    0   12   16   -0.055108    0.000015
    2    2    0   13   16   -0.039279   -0.000775
    2    2    0   14   16    0.005911   -0.000210
    2    2    0   15   16    0.033886   -0.000778
    2    2    0   16   16    0.036232    0.000000
