 written on 16Sep2026 at 19:36:11 
          16
          19
    2    1    2    1    1    1    1    2    1    1    1    2    1    1    1
    1    2    1    2
   -2   -2    0    1    1   -0.179111    0.000000
   -2   -2    0    2    1   -0.040527    0.001238
   -2   -2    0    3    1   -0.256741   -0.017058
   -2   -2    0    4    1    0.144143   -0.025352
   -2   -2    0    5    1   -0.389699    0.000569
   -2   -2    0    6    1    0.059678   -0.001369
   -2   -2    0    7    1   -0.157809   -0.009617
   -2   -2    0    8    1    0.058438   -0.005688
   -2   -2    0    9    1   -0.048602    0.000805
   -2   -2    0   10    1   -0.027225    0.001354
   -2   -2    0   11    1   -0.057865   -0.002771
   -2   -2    0   12    1    0.055747   -0.038005
   -2   -2    0   13    1   -0.024734   -0.001898
   -2   -2    0   14    1    0.043553   -0.001196
   -2   -2    0   15    1   -0.087754    0.018976
   -2   -2    0   16    1    0.035989    0.008079
   -2   -2    0    1    2   -0.040527   -0.001238
   -2   -2    0    2    2   -0.202072    0.000000
   -2   -2    0    3    2   -0.088841    0.005022
   -2   -2    0    4    2    0.060054    0.009003
   -2   -2    0    5    2   -0.095980    0.000656
   -2   -2    0    6    2    0.169126    0.000046
   -2   -2    0    7    2   -0.093706    0.016482
   -2   -2    0    8    2    0.035086    0.028980
   -2   -2    0    9    2    0.012675    0.000022
   -2   -2    0   10    2   -0.005400   -0.000185
   -2   -2    0   11    2   -0.023990   -0.002820
   -2   -2    0   12    2    0.050394   -0.018926
   -2   -2    0   13    2   -0.002994    0.000020
   -2   -2    0   14    2    0.008653    0.000135
   -2   -2    0   15    2   -0.030273    0.014071
   -2   -2    0   16    2   -0.001329    0.017203
   -2   -2    0    1    3   -0.256741    0.017058
   -2   -2    0    2    3   -0.088841   -0.005022
   -2   -2    0    3    3    0.279900   -0.000000
   -2   -2    0    4    3   -0.054706   -0.012953
   -2   -2    0    5    3    0.077193   -0.006800
   -2   -2    0    6    3    0.032054    0.014322
   -2   -2    0    7    3    0.055081   -0.000443
   -2   -2    0    8    3   -0.063899    0.010344
   -2   -2    0    9    3   -0.043421   -0.003310
   -2   -2    0   10    3   -0.050514   -0.020962
   -2   -2    0   11    3   -0.058612    0.003320
   -2   -2    0   12    3    0.060902   -0.030395
   -2   -2    0   13    3    0.028288    0.036938
   -2   -2    0   14    3    0.008974    0.006132
   -2   -2    0   15    3   -0.063807    0.009371
   -2   -2    0   16    3    0.030266    0.014462
   -2   -2    0    1    4    0.144143    0.025352
   -2   -2    0    2    4    0.060054   -0.009003
   -2   -2    0    3    4   -0.054706    0.012953
   -2   -2    0    4    4    0.198515   -0.000000
   -2   -2    0    5    4   -0.009615    0.003936
   -2   -2    0    6    4   -0.002634    0.022980
   -2   -2    0    7    4   -0.058804    0.003134
   -2   -2    0    8    4    0.003394    0.001418
   -2   -2    0    9    4    0.017926   -0.006870
   -2   -2    0   10    4    0.025149   -0.030539
   -2   -2    0   11    4    0.060898    0.019599
   -2   -2    0   12    4    0.012647    0.003185
   -2   -2    0   13    4    0.008543    0.078346
   -2   -2    0   14    4    0.003669    0.004266
   -2   -2    0   15    4    0.034295   -0.009412
   -2   -2    0   16    4   -0.011174   -0.007828
   -2   -2    0    1    5   -0.389699   -0.000569
   -2   -2    0    2    5   -0.095980   -0.000656
   -2   -2    0    3    5    0.077193    0.006800
   -2   -2    0    4    5   -0.009615   -0.003936
   -2   -2    0    5    5   -0.345993    0.000000
   -2   -2    0    6    5    0.104667    0.000794
   -2   -2    0    7    5    0.188200    0.035831
   -2   -2    0    8    5   -0.102547    0.040847
   -2   -2    0    9    5   -0.052160   -0.000809
   -2   -2    0   10    5   -0.049747   -0.001351
   -2   -2    0   11    5   -0.039619   -0.009073
   -2   -2    0   12    5    0.063523    0.019933
   -2   -2    0   13    5    0.028108    0.001904
   -2   -2    0   14    5    0.021593    0.001187
   -2   -2    0   15    5   -0.053623   -0.004359
   -2   -2    0   16    5    0.023124    0.017753
   -2   -2    0    1    6    0.059678    0.001369
   -2   -2    0    2    6    0.169126   -0.000046
   -2   -2    0    3    6    0.032054   -0.014322
   -2   -2    0    4    6   -0.002634   -0.022980
   -2   -2    0    5    6    0.104667   -0.000794
   -2   -2    0    6    6   -0.229654    0.000000
   -2   -2    0    7    6    0.040624   -0.011386
   -2   -2    0    8    6   -0.028383   -0.018041
   -2   -2    0    9    6   -0.037974   -0.000023
   -2   -2    0   10    6    0.016967    0.000185
   -2   -2    0   11    6   -0.001851   -0.024934
   -2   -2    0   12    6    0.021963   -0.023799
   -2   -2    0   13    6    0.014036   -0.000020
   -2   -2    0   14    6    0.009046   -0.000136
   -2   -2    0   15    6   -0.025847    0.001800
   -2   -2    0   16    6   -0.008575    0.013912
   -2   -2    0    1    7   -0.157809    0.009617
   -2   -2    0    2    7   -0.093706   -0.016482
   -2   -2    0    3    7    0.055081    0.000443
   -2   -2    0    4    7   -0.058804   -0.003134
   -2   -2    0    5    7    0.188200   -0.035831
   -2   -2    0    6    7    0.040624    0.011386
   -2   -2    0    7    7    0.342361   -0.000000
   -2   -2    0    8    7   -0.206617   -0.004336
   -2   -2    0    9    7   -0.051602   -0.011471
   -2   -2    0   10    7   -0.040335   -0.010124
   -2   -2    0   11    7    0.014329   -0.006781
   -2   -2    0   12    7    0.032721    0.004163
   -2   -2    0   13    7    0.007388   -0.018726
   -2   -2    0   14    7    0.024420    0.022181
   -2   -2    0   15    7   -0.008831    0.004179
   -2   -2    0   16    7   -0.024551    0.003461
   -2   -2    0    1    8    0.058438    0.005688
   -2   -2    0    2    8    0.035086   -0.028980
   -2   -2    0    3    8   -0.063899   -0.010344
   -2   -2    0    4    8    0.003394   -0.001418
   -2   -2    0    5    8   -0.102547   -0.040847
   -2   -2    0    6    8   -0.028383    0.018041
   -2   -2    0    7    8   -0.206617    0.004336
   -2   -2    0    8    8    0.090737    0.000000
   -2   -2    0    9    8    0.025993   -0.021722
   -2   -2    0   10    8    0.012167   -0.011843
   -2   -2    0   11    8    0.013450   -0.019821
   -2   -2    0   12    8    0.103325    0.006000
   -2   -2    0   13    8   -0.012609   -0.018231
   -2   -2    0   14    8   -0.007487    0.032292
   -2   -2    0   15    8   -0.065049   -0.000482
   -2   -2    0   16    8   -0.058639    0.001208
   -2   -2    0    1    9   -0.048602   -0.000805
   -2   -2    0    2    9    0.012675   -0.000022
   -2   -2    0    3    9   -0.043421    0.003310
   -2   -2    0    4    9    0.017926    0.006870
   -2   -2    0    5    9   -0.052160    0.000809
   -2   -2    0    6    9   -0.037974    0.000023
   -2   -2    0    7    9   -0.051602    0.011471
   -2   -2    0    8    9    0.025993    0.021722
   -2   -2    0    9    9    0.118679    0.000000
   -2   -2    0   10    9    0.014820   -0.000015
   -2   -2    0   11    9   -0.096945    0.007118
   -2   -2    0   12    9    0.048451    0.010146
   -2   -2    0   13    9   -0.016780    0.000011
   -2   -2    0   14    9   -0.021622    0.000014
   -2   -2    0   15    9    0.030851   -0.004299
   -2   -2    0   16    9   -0.014281   -0.011503
   -2   -2    0    1   10   -0.027225   -0.001354
   -2   -2    0    2   10   -0.005400    0.000185
   -2   -2    0    3   10   -0.050514    0.020962
   -2   -2    0    4   10    0.025149    0.030539
   -2   -2    0    5   10   -0.049747    0.001351
   -2   -2    0    6   10    0.016967   -0.000185
   -2   -2    0    7   10   -0.040335    0.010124
   -2   -2    0    8   10    0.012167    0.011843
   -2   -2    0    9   10    0.014820    0.000015
   -2   -2    0   10   10   -0.208380   -0.000000
   -2   -2    0   11   10    0.077199    0.000414
   -2   -2    0   12   10   -0.022028   -0.013994
   -2   -2    0   13   10   -0.014548   -0.000020
   -2   -2    0   14   10    0.096048   -0.000001
   -2   -2    0   15   10   -0.001944    0.014834
   -2   -2    0   16   10   -0.008532    0.016295
   -2   -2    0    1   11   -0.057865    0.002771
   -2   -2    0    2   11   -0.023990    0.002820
   -2   -2    0    3   11   -0.058612   -0.003320
   -2   -2    0    4   11    0.060898   -0.019599
   -2   -2    0    5   11   -0.039619    0.009073
   -2   -2    0    6   11   -0.001851    0.024934
   -2   -2    0    7   11    0.014329    0.006781
   -2   -2    0    8   11    0.013450    0.019821
   -2   -2    0    9   11   -0.096945   -0.007118
   -2   -2    0   10   11    0.077199   -0.000414
   -2   -2    0   11   11    0.450856   -0.000000
   -2   -2    0   12   11    0.036576    0.050072
   -2   -2    0   13   11   -0.010013   -0.007612
   -2   -2    0   14   11   -0.055277    0.023390
   -2   -2    0   15   11    0.093051   -0.010645
   -2   -2    0   16   11   -0.141770   -0.002622
   -2   -2    0    1   12    0.055747    0.038005
   -2   -2    0    2   12    0.050394    0.018926
   -2   -2    0    3   12    0.060902    0.030395
   -2   -2    0    4   12    0.012647   -0.003185
   -2   -2    0    5   12    0.063523   -0.019933
   -2   -2    0    6   12    0.021963    0.023799
   -2   -2    0    7   12    0.032721   -0.004163
   -2   -2    0    8   12    0.103325   -0.006000
   -2   -2    0    9   12    0.048451   -0.010146
   -2   -2    0   10   12   -0.022028    0.013994
   -2   -2    0   11   12    0.036576   -0.050072
   -2   -2    0   12   12    0.521037   -0.000000
   -2   -2    0   13   12   -0.004525   -0.024884
   -2   -2    0   14   12    0.040961    0.023091
   -2   -2    0   15   12   -0.164333   -0.019893
   -2   -2    0   16   12   -0.084556    0.009694
   -2   -2    0    1   13   -0.024734    0.001898
   -2   -2    0    2   13   -0.002994   -0.000020
   -2   -2    0    3   13    0.028288   -0.036938
   -2   -2    0    4   13    0.008543   -0.078346
   -2   -2    0    5   13    0.028108   -0.001904
   -2   -2    0    6   13    0.014036    0.000020
   -2   -2    0    7   13    0.007388    0.018726
   -2   -2    0    8   13   -0.012609    0.018231
   -2   -2    0    9   13   -0.016780   -0.000011
   -2   -2    0   10   13   -0.014548    0.000020
   -2   -2    0   11   13   -0.010013    0.007612
   -2   -2    0   12   13   -0.004525    0.024884
   -2   -2    0   13   13   -0.579855    0.000000
   -2   -2    0   14   13   -0.001607   -0.000018
   -2   -2    0   15   13   -0.021561   -0.004404
   -2   -2    0   16   13   -0.002290   -0.003452
   -2   -2    0    1   14    0.043553    0.001196
   -2   -2    0    2   14    0.008653   -0.000135
   -2   -2    0    3   14    0.008974   -0.006132
   -2   -2    0    4   14    0.003669   -0.004266
   -2   -2    0    5   14    0.021593   -0.001187
   -2   -2    0    6   14    0.009046    0.000136
   -2   -2    0    7   14    0.024420   -0.022181
   -2   -2    0    8   14   -0.007487   -0.032292
   -2   -2    0    9   14   -0.021622   -0.000014
   -2   -2    0   10   14    0.096048    0.000001
   -2   -2    0   11   14   -0.055277   -0.023390
   -2   -2    0   12   14    0.040961   -0.023091
   -2   -2    0   13   14   -0.001607    0.000018
   -2   -2    0   14   14   -0.123558    0.000000
   -2   -2    0   15   14   -0.058506   -0.000776
   -2   -2    0   16   14    0.021645    0.010148
   -2   -2    0    1   15   -0.087754   -0.018976
   -2   -2    0    2   15   -0.030273   -0.014071
   -2   -2    0    3   15   -0.063807   -0.009371
   -2   -2    0    4   15    0.034295    0.009412
   -2   -2    0    5   15   -0.053623    0.004359
   -2   -2    0    6   15   -0.025847   -0.001800
   -2   -2    0    7   15   -0.008831   -0.004179
   -2   -2    0    8   15   -0.065049    0.000482
   -2   -2    0    9   15    0.030851    0.004299
   -2   -2    0   10   15   -0.001944   -0.014834
   -2   -2    0   11   15    0.093051    0.010645
   -2   -2    0   12   15   -0.164333    0.019893
   -2   -2    0   13   15   -0.021561    0.004404
   -2   -2    0   14   15   -0.058506    0.000776
   -2   -2    0   15   15    0.158091    0.000000
   -2   -2    0   16   15   -0.017101   -0.005223
   -2   -2    0    1   16    0.035989   -0.008079
   -2   -2    0    2   16   -0.001329   -0.017203
   -2   -2    0    3   16    0.030266   -0.014462
   -2   -2    0    4   16   -0.011174    0.007828
   -2   -2    0    5   16    0.023124   -0.017753
   -2   -2    0    6   16   -0.008575   -0.013912
   -2   -2    0    7   16   -0.024551   -0.003461
   -2   -2    0    8   16   -0.058639   -0.001208
   -2   -2    0    9   16   -0.014281    0.011503
   -2   -2    0   10   16   -0.008532   -0.016295
   -2   -2    0   11   16   -0.141770    0.002622
   -2   -2    0   12   16   -0.084556   -0.009694
   -2   -2    0   13   16   -0.002290    0.003452
   -2   -2    0   14   16    0.021645   -0.010148
   -2   -2    0   15   16   -0.017101    0.005223
   -2   -2    0   16   16    0.123875   -0.000000
   -2   -1    0    1    1    0.168635   -0.000009
   -2   -1    0    2    1   -0.049859    0.001242
   -2   -1    0    3    1    0.025175    0.019368
   -2   -1    0    4    1   -0.019429   -0.009922
   -2   -1    0    5    1   -0.389764    0.000575
   -2   -1    0    6    1    0.059679   -0.001367
   -2   -1    0    7    1    0.041193    0.028247
   -2   -1    0    8    1   -0.143276    0.009092
   -2   -1    0    9    1    0.030850    0.000797
   -2   -1    0   10    1   -0.120175    0.001341
   -2   -1    0   11    1    0.018799    0.011530
   -2   -1    0   12    1    0.004920    0.008223
   -2   -1    0   13    1   -0.024781   -0.001899
   -2   -1    0   14    1    0.043537   -0.001194
   -2   -1    0   15    1    0.011346   -0.004943
   -2   -1    0   16    1   -0.076615   -0.018994
   -2   -1    0    1    2   -0.015877   -0.001240
   -2   -1    0    2    2   -0.132236   -0.000000
   -2   -1    0    3    2    0.020178    0.017757
   -2   -1    0    4    2    0.021900    0.028879
   -2   -1    0    5    2   -0.095972    0.000671
   -2   -1    0    6    2    0.169130    0.000046
   -2   -1    0    7    2    0.021314    0.006664
   -2   -1    0    8    2   -0.002361    0.009797
   -2   -1    0    9    2    0.015163    0.000022
   -2   -1    0   10    2   -0.029224   -0.000185
   -2   -1    0   11    2    0.004072    0.019796
   -2   -1    0   12    2   -0.006852    0.023116
   -2   -1    0   13    2   -0.002979    0.000021
   -2   -1    0   14    2    0.008651    0.000136
   -2   -1    0   15    2    0.004459   -0.004880
   -2   -1    0   16    2   -0.014683   -0.013589
   -2   -1    0    1    3   -0.072676   -0.004172
   -2   -1    0    2    3    0.012872   -0.017322
   -2   -1    0    3    3    0.070927   -0.015177
   -2   -1    0    4    3   -0.066314    0.015025
   -2   -1    0    5    3   -0.005794   -0.001301
   -2   -1    0    6    3   -0.015586    0.011551
   -2   -1    0    7    3    0.069396   -0.008106
   -2   -1    0    8    3   -0.008236   -0.005453
   -2   -1    0    9    3    0.024040   -0.007977
   -2   -1    0   10    3    0.032950   -0.007595
   -2   -1    0   11    3   -0.001887   -0.009118
   -2   -1    0   12    3    0.006524    0.016971
   -2   -1    0   13    3   -0.010869   -0.011318
   -2   -1    0   14    3    0.000566    0.018476
   -2   -1    0   15    3    0.016476   -0.000894
   -2   -1    0   16    3    0.017133   -0.001656
   -2   -1    0    1    4   -0.059268   -0.028045
   -2   -1    0    2    4    0.018075   -0.029381
   -2   -1    0    3    4   -0.056677   -0.008206
   -2   -1    0    4    4    0.076379    0.016389
   -2   -1    0    5    4    0.054296    0.008280
   -2   -1    0    6    4   -0.046984    0.018969
   -2   -1    0    7    4   -0.006877    0.004153
   -2   -1    0    8    4   -0.007266    0.008076
   -2   -1    0    9    4    0.007363   -0.022895
   -2   -1    0   10    4    0.021956   -0.013608
   -2   -1    0   11    4    0.004149   -0.029707
   -2   -1    0   12    4    0.001320    0.006536
   -2   -1    0   13    4   -0.042851   -0.015381
   -2   -1    0   14    4   -0.007584    0.032327
   -2   -1    0   15    4   -0.003436   -0.009429
   -2   -1    0   16    4   -0.081656   -0.006699
   -2   -1    0    1    5    0.300807   -0.000553
   -2   -1    0    2    5   -0.098602   -0.000665
   -2   -1    0    3    5    0.197917    0.001477
   -2   -1    0    4    5   -0.062691    0.039079
   -2   -1    0    5    5    0.228038    0.000008
   -2   -1    0    6    5    0.116140    0.000791
   -2   -1    0    7    5    0.175695   -0.010679
   -2   -1    0    8    5    0.125771    0.009169
   -2   -1    0    9    5    0.033507   -0.000812
   -2   -1    0   10    5   -0.049763   -0.001337
   -2   -1    0   11    5   -0.017248    0.013437
   -2   -1    0   12    5    0.011316    0.031006
   -2   -1    0   13    5    0.029524    0.001907
   -2   -1    0   14    5    0.000971    0.001190
   -2   -1    0   15    5    0.014878   -0.009881
   -2   -1    0   16    5    0.027240   -0.008840
   -2   -1    0    1    6    0.019378    0.001344
   -2   -1    0    2    6    0.205104   -0.000047
   -2   -1    0    3    6   -0.014589   -0.011938
   -2   -1    0    4    6   -0.008521   -0.018160
   -2   -1    0    5    6    0.089891   -0.000792
   -2   -1    0    6    6   -0.148592   -0.000000
   -2   -1    0    7    6   -0.052847   -0.014221
   -2   -1    0    8    6   -0.038469   -0.022259
   -2   -1    0    9    6    0.013294   -0.000019
   -2   -1    0   10    6    0.001576    0.000185
   -2   -1    0   11    6   -0.042045    0.007386
   -2   -1    0   12    6   -0.020853    0.019255
   -2   -1    0   13    6    0.054603   -0.000021
   -2   -1    0   14    6   -0.003417   -0.000136
   -2   -1    0   15    6    0.043354   -0.011428
   -2   -1    0   16    6    0.035605   -0.018429
   -2   -1    0    1    7   -0.183050    0.025963
   -2   -1    0    2    7    0.041085   -0.005626
   -2   -1    0    3    7    0.217321   -0.004603
   -2   -1    0    4    7   -0.317799   -0.004168
   -2   -1    0    5    7    0.001249   -0.002801
   -2   -1    0    6    7    0.039193    0.013911
   -2   -1    0    7    7    0.152683    0.011900
   -2   -1    0    8    7    0.000358    0.008519
   -2   -1    0    9    7    0.073060    0.002036
   -2   -1    0   10    7   -0.054070   -0.016862
   -2   -1    0   11    7   -0.069815   -0.000670
   -2   -1    0   12    7   -0.073660   -0.006777
   -2   -1    0   13    7    0.034659    0.044150
   -2   -1    0   14    7    0.030368    0.002196
   -2   -1    0   15    7    0.057003    0.005310
   -2   -1    0   16    7    0.078618    0.013004
   -2   -1    0    1    8    0.068628    0.030747
   -2   -1    0    2    8    0.055880   -0.008910
   -2   -1    0    3    8   -0.074074    0.010272
   -2   -1    0    4    8    0.118412    0.004375
   -2   -1    0    5    8    0.010891   -0.002893
   -2   -1    0    6    8    0.014181    0.022850
   -2   -1    0    7    8    0.002266   -0.007472
   -2   -1    0    8    8    0.053298   -0.010663
   -2   -1    0    9    8   -0.033720   -0.006502
   -2   -1    0   10    8    0.020015   -0.030161
   -2   -1    0   11    8    0.054683    0.017060
   -2   -1    0   12    8   -0.041072   -0.002740
   -2   -1    0   13    8    0.016862    0.077205
   -2   -1    0   14    8    0.017233    0.004149
   -2   -1    0   15    8    0.053986   -0.007395
   -2   -1    0   16    8   -0.005402   -0.006049
   -2   -1    0    1    9   -0.067885   -0.000796
   -2   -1    0    2    9    0.036281   -0.000023
   -2   -1    0    3    9   -0.039253    0.010998
   -2   -1    0    4    9   -0.024961    0.021094
   -2   -1    0    5    9   -0.052137    0.000796
   -2   -1    0    6    9   -0.037977    0.000024
   -2   -1    0    7    9   -0.004178    0.007407
   -2   -1    0    8    9   -0.059892    0.012927
   -2   -1    0    9    9    0.064124    0.000001
   -2   -1    0   10    9   -0.002379   -0.000015
   -2   -1    0   11    9    0.057412    0.001808
   -2   -1    0   12    9    0.044364   -0.012296
   -2   -1    0   13    9   -0.016772    0.000009
   -2   -1    0   14    9   -0.021628    0.000014
   -2   -1    0   15    9   -0.000515    0.004461
   -2   -1    0   16    9    0.058078   -0.003855
   -2   -1    0    1   10   -0.002849   -0.001350
   -2   -1    0    2   10   -0.053608    0.000185
   -2   -1    0    3   10    0.022602    0.007770
   -2   -1    0    4   10    0.017016    0.012168
   -2   -1    0    5   10   -0.049768    0.001334
   -2   -1    0    6   10    0.016963   -0.000185
   -2   -1    0    7   10    0.005052    0.017994
   -2   -1    0    8   10   -0.004825    0.028882
   -2   -1    0    9   10   -0.004088    0.000017
   -2   -1    0   10   10   -0.066427   -0.000000
   -2   -1    0   11   10    0.075368    0.008788
   -2   -1    0   12   10    0.026694    0.022573
   -2   -1    0   13   10   -0.014563   -0.000023
   -2   -1    0   14   10    0.096050   -0.000001
   -2   -1    0   15   10   -0.003048   -0.010676
   -2   -1    0   16   10   -0.026808   -0.011002
   -2   -1    0    1   11   -0.095741   -0.011246
   -2   -1    0    2   11    0.108992   -0.019796
   -2   -1    0    3   11   -0.032273    0.014569
   -2   -1    0    4   11   -0.099381    0.015697
   -2   -1    0    5   11    0.015018   -0.004706
   -2   -1    0    6   11    0.000976   -0.006722
   -2   -1    0    7   11    0.091628    0.012239
   -2   -1    0    8   11   -0.024821   -0.004762
   -2   -1    0    9   11   -0.269316   -0.011398
   -2   -1    0   10   11   -0.178510   -0.011415
   -2   -1    0   11   11   -0.005310   -0.007631
   -2   -1    0   12   11    0.077152   -0.012876
   -2   -1    0   13   11   -0.038141    0.058280
   -2   -1    0   14   11    0.007223   -0.012994
   -2   -1    0   15   11   -0.138751   -0.003593
   -2   -1    0   16   11   -0.010130    0.011629
   -2   -1    0    1   12   -0.047976    0.019462
   -2   -1    0    2   12    0.053862   -0.022620
   -2   -1    0    3   12   -0.096451   -0.001474
   -2   -1    0    4   12    0.086040   -0.002135
   -2   -1    0    5   12   -0.061709   -0.032162
   -2   -1    0    6   12   -0.007808   -0.018646
   -2   -1    0    7   12    0.029171    0.031745
   -2   -1    0    8   12    0.030576   -0.002792
   -2   -1    0    9   12   -0.151650    0.003774
   -2   -1    0   10   12   -0.121074   -0.025093
   -2   -1    0   11   12    0.057074   -0.004543
   -2   -1    0   12   12   -0.126978    0.005959
   -2   -1    0   13   12   -0.183963    0.015305
   -2   -1    0   14   12   -0.011839   -0.012732
   -2   -1    0   15   12    0.004130   -0.014265
   -2   -1    0   16   12    0.143651    0.003575
   -2   -1    0    1   13    0.091443    0.001886
   -2   -1    0    2   13   -0.114761   -0.000021
   -2   -1    0    3   13    0.001957    0.006000
   -2   -1    0    4   13   -0.024119    0.018415
   -2   -1    0    5   13   -0.085008   -0.001895
   -2   -1    0    6   13    0.096437    0.000021
   -2   -1    0    7   13    0.005253   -0.053405
   -2   -1    0    8   13   -0.001410   -0.084608
   -2   -1    0    9   13   -0.194947   -0.000010
   -2   -1    0   10   13    0.072419    0.000023
   -2   -1    0   11   13    0.062881   -0.044671
   -2   -1    0   12   13    0.165565   -0.004861
   -2   -1    0   13   13    0.196958    0.000003
   -2   -1    0   14   13   -0.012878   -0.000020
   -2   -1    0   15   13   -0.057498   -0.013427
   -2   -1    0   16   13   -0.070968    0.026614
   -2   -1    0    1   14    0.067264    0.001199
   -2   -1    0    2   14    0.013478   -0.000135
   -2   -1    0    3   14   -0.025277   -0.020668
   -2   -1    0    4   14   -0.028407   -0.032700
   -2   -1    0    5   14    0.065737   -0.001187
   -2   -1    0    6   14   -0.021502    0.000136
   -2   -1    0    7   14    0.018388   -0.003514
   -2   -1    0    8   14    0.010150   -0.002406
   -2   -1    0    9   14    0.010662   -0.000015
   -2   -1    0   10   14    0.168183    0.000001
   -2   -1    0   11   14    0.036344    0.014813
   -2   -1    0   12   14   -0.005576    0.013199
   -2   -1    0   13   14   -0.058490    0.000021
   -2   -1    0   14   14   -0.064967    0.000000
   -2   -1    0   15   14    0.034382   -0.002757
   -2   -1    0   16   14    0.033860   -0.015652
   -2   -1    0    1   15   -0.028222   -0.000659
   -2   -1    0    2   15    0.002384    0.004873
   -2   -1    0    3   15    0.028601    0.010547
   -2   -1    0    4   15   -0.088901   -0.006530
   -2   -1    0    5   15    0.010762    0.000937
   -2   -1    0    6   15    0.040718    0.011112
   -2   -1    0    7   15    0.006496    0.003629
   -2   -1    0    8   15   -0.041231    0.019470
   -2   -1    0    9   15   -0.097886   -0.013918
   -2   -1    0   10   15   -0.006534    0.009474
   -2   -1    0   11   15    0.100005   -0.008965
   -2   -1    0   12   15   -0.002591   -0.003075
   -2   -1    0   13   15   -0.060280    0.021452
   -2   -1    0   14   15    0.011773    0.004487
   -2   -1    0   15   15    0.091844   -0.002327
   -2   -1    0   16   15    0.037271    0.001749
   -2   -1    0    1   16    0.023672    0.022988
   -2   -1    0    2   16   -0.018493    0.013737
   -2   -1    0    3   16    0.051665    0.013701
   -2   -1    0    4   16    0.041344   -0.005710
   -2   -1    0    5   16    0.019946   -0.011120
   -2   -1    0    6   16    0.033738    0.017691
   -2   -1    0    7   16   -0.018034   -0.005127
   -2   -1    0    8   16    0.062250    0.003862
   -2   -1    0    9   16    0.038832   -0.004717
   -2   -1    0   10   16    0.035229    0.010964
   -2   -1    0   11   16   -0.021838   -0.020802
   -2   -1    0   12   16    0.113508    0.009153
   -2   -1    0   13   16   -0.066199   -0.019109
   -2   -1    0   14   16    0.021492    0.016622
   -2   -1    0   15   16    0.031522   -0.006682
   -2   -1    0   16   16    0.041736    0.001548
   -2    0    0    1    1   -0.179174   -0.000000
   -2    0    0    2    1   -0.040537    0.001255
   -2    0    0    3    1   -0.018532    0.016979
   -2    0    0    4    1   -0.277591    0.005222
   -2    0    0    5    1    0.300846    0.000569
   -2    0    0    6    1    0.019364   -0.001362
   -2    0    0    7    1   -0.068879    0.032494
   -2    0    0    8    1   -0.216386    0.022341
   -2    0    0    9    1   -0.048617    0.000785
   -2    0    0   10    1   -0.027232    0.001335
   -2    0    0   11    1    0.004812   -0.006985
   -2    0    0   12    1   -0.047849   -0.023802
   -2    0    0   13    1    0.091449   -0.001904
   -2    0    0   14    1    0.067269   -0.001195
   -2    0    0   15    1   -0.007207   -0.004197
   -2    0    0   16    1   -0.035922   -0.012783
   -2    0    0    1    2   -0.040537   -0.001255
   -2    0    0    2    2   -0.202070    0.000000
   -2    0    0    3    2   -0.048098    0.006120
   -2    0    0    4    2   -0.010788    0.009777
   -2    0    0    5    2   -0.098605    0.000692
   -2    0    0    6    2    0.205105    0.000046
   -2    0    0    7    2   -0.033019    0.017486
   -2    0    0    8    2    0.023690    0.029261
   -2    0    0    9    2    0.012670    0.000023
   -2    0    0   10    2   -0.005402   -0.000185
   -2    0    0   11    2    0.021150   -0.003047
   -2    0    0   12    2   -0.028107   -0.018541
   -2    0    0   13    2   -0.114761    0.000021
   -2    0    0   14    2    0.013479    0.000136
   -2    0    0   15    2   -0.034569    0.013488
   -2    0    0   16    2   -0.001053    0.016806
   -2    0    0    1    3   -0.018532   -0.016979
   -2    0    0    2    3   -0.048098   -0.006120
   -2    0    0    3    3    0.256047   -0.000000
   -2    0    0    4    3   -0.062967   -0.008260
   -2    0    0    5    3    0.082601    0.014377
   -2    0    0    6    3    0.066456    0.014496
   -2    0    0    7    3    0.017726    0.007251
   -2    0    0    8    3   -0.239880    0.014464
   -2    0    0    9    3    0.001821   -0.000145
   -2    0    0   10    3   -0.025552   -0.016638
   -2    0    0   11    3    0.097746   -0.012664
   -2    0    0   12    3    0.009108   -0.005971
   -2    0    0   13    3    0.056411    0.047487
   -2    0    0   14    3   -0.021162    0.003587
   -2    0    0   15    3    0.045188   -0.009922
   -2    0    0   16    3   -0.094857    0.001785
   -2    0    0    1    4   -0.277591   -0.005222
   -2    0    0    2    4   -0.010788   -0.009777
   -2    0    0    3    4   -0.062967    0.008260
   -2    0    0    4    4    0.213068   -0.000000
   -2    0    0    5    4    0.249663   -0.016147
   -2    0    0    6    4   -0.020279    0.022139
   -2    0    0    7    4   -0.041831   -0.024615
   -2    0    0    8    4    0.308068   -0.008072
   -2    0    0    9    4   -0.050401   -0.013047
   -2    0    0   10    4   -0.019438   -0.028794
   -2    0    0   11    4   -0.019084    0.005015
   -2    0    0   12    4   -0.097502   -0.011132
   -2    0    0   13    4    0.006355    0.085179
   -2    0    0   14    4   -0.008833    0.002558
   -2    0    0   15    4    0.026570   -0.014826
   -2    0    0   16    4    0.043458   -0.003012
   -2    0    0    1    5    0.300846   -0.000569
   -2    0    0    2    5   -0.098605   -0.000692
   -2    0    0    3    5    0.082601   -0.014377
   -2    0    0    4    5    0.249663    0.016147
   -2    0    0    5    5   -0.346030   -0.000000
   -2    0    0    6    5    0.104672    0.000778
   -2    0    0    7    5    0.005659   -0.032556
   -2    0    0    8    5    0.184808   -0.010171
   -2    0    0    9    5    0.033499   -0.000800
   -2    0    0   10    5   -0.049736   -0.001321
   -2    0    0   11    5    0.001205   -0.008166
   -2    0    0   12    5    0.014108   -0.010884
   -2    0    0   13    5    0.028096    0.001896
   -2    0    0   14    5    0.021595    0.001191
   -2    0    0   15    5   -0.023694    0.013519
   -2    0    0   16    5   -0.051416    0.024417
   -2    0    0    1    6    0.019364    0.001362
   -2    0    0    2    6    0.205105   -0.000046
   -2    0    0    3    6    0.066456   -0.014496
   -2    0    0    4    6   -0.020279   -0.022139
   -2    0    0    5    6    0.104672   -0.000778
   -2    0    0    6    6   -0.229653   -0.000000
   -2    0    0    7    6    0.039652   -0.012810
   -2    0    0    8    6   -0.026821   -0.019026
   -2    0    0    9    6    0.013294   -0.000025
   -2    0    0   10    6    0.001576    0.000185
   -2    0    0   11    6   -0.033944   -0.024909
   -2    0    0   12    6   -0.008061   -0.024737
   -2    0    0   13    6    0.014043   -0.000021
   -2    0    0   14    6    0.009045   -0.000136
   -2    0    0   15    6   -0.023814    0.002097
   -2    0    0   16    6   -0.012004    0.013684
   -2    0    0    1    7   -0.068879   -0.032494
   -2    0    0    2    7   -0.033019   -0.017486
   -2    0    0    3    7    0.017726   -0.007251
   -2    0    0    4    7   -0.041831    0.024615
   -2    0    0    5    7    0.005659    0.032556
   -2    0    0    6    7    0.039652    0.012810
   -2    0    0    7    7    0.090959   -0.000000
   -2    0    0    8    7   -0.047711   -0.001477
   -2    0    0    9    7    0.008959   -0.006146
   -2    0    0   10    7   -0.050394   -0.008271
   -2    0    0   11    7   -0.058454   -0.018042
   -2    0    0   12    7    0.075084    0.027030
   -2    0    0   13    7    0.037849   -0.009831
   -2    0    0   14    7    0.014568    0.021298
   -2    0    0   15    7   -0.065854   -0.016414
   -2    0    0   16    7    0.015867   -0.020000
   -2    0    0    1    8   -0.216386   -0.022341
   -2    0    0    2    8    0.023690   -0.029261
   -2    0    0    3    8   -0.239880   -0.014464
   -2    0    0    4    8    0.308068    0.008072
   -2    0    0    5    8    0.184808    0.010171
   -2    0    0    6    8   -0.026821    0.019026
   -2    0    0    7    8   -0.047711    0.001477
   -2    0    0    8    8    0.332923   -0.000000
   -2    0    0    9    8    0.072343   -0.021759
   -2    0    0   10    8   -0.052762   -0.013698
   -2    0    0   11    8   -0.125519   -0.032565
   -2    0    0   12    8   -0.035731    0.007405
   -2    0    0   13    8   -0.050288   -0.017184
   -2    0    0   14    8    0.011737    0.032410
   -2    0    0   15    8   -0.003130   -0.005408
   -2    0    0   16    8    0.029890    0.001123
   -2    0    0    1    9   -0.048617   -0.000785
   -2    0    0    2    9    0.012670   -0.000023
   -2    0    0    3    9    0.001821    0.000145
   -2    0    0    4    9   -0.050401    0.013047
   -2    0    0    5    9    0.033499    0.000800
   -2    0    0    6    9    0.013294    0.000025
   -2    0    0    7    9    0.008959    0.006146
   -2    0    0    8    9    0.072343    0.021759
   -2    0    0    9    9    0.118672    0.000000
   -2    0    0   10    9    0.014821   -0.000014
   -2    0    0   11    9   -0.003863    0.005744
   -2    0    0   12    9   -0.074768   -0.005440
   -2    0    0   13    9   -0.194946    0.000011
   -2    0    0   14    9    0.010663    0.000013
   -2    0    0   15    9   -0.028847    0.004742
   -2    0    0   16    9   -0.099853   -0.002949
   -2    0    0    1   10   -0.027232   -0.001335
   -2    0    0    2   10   -0.005402    0.000185
   -2    0    0    3   10   -0.025552    0.016638
   -2    0    0    4   10   -0.019438    0.028794
   -2    0    0    5   10   -0.049736    0.001321
   -2    0    0    6   10    0.001576   -0.000185
   -2    0    0    7   10   -0.050394    0.008271
   -2    0    0    8   10   -0.052762    0.013698
   -2    0    0    9   10    0.014821    0.000014
   -2    0    0   10   10   -0.208374    0.000000
   -2    0    0   11   10    0.043451    0.002099
   -2    0    0   12   10    0.039369   -0.014791
   -2    0    0   13   10    0.072421   -0.000024
   -2    0    0   14   10    0.168183   -0.000001
   -2    0    0   15   10    0.049899    0.017049
   -2    0    0   16   10   -0.044025    0.018092
   -2    0    0    1   11    0.004812    0.006985
   -2    0    0    2   11    0.021150    0.003047
   -2    0    0    3   11    0.097746    0.012664
   -2    0    0    4   11   -0.019084   -0.005015
   -2    0    0    5   11    0.001205    0.008166
   -2    0    0    6   11   -0.033944    0.024909
   -2    0    0    7   11   -0.058454    0.018042
   -2    0    0    8   11   -0.125519    0.032565
   -2    0    0    9   11   -0.003863   -0.005744
   -2    0    0   10   11    0.043451   -0.002099
   -2    0    0   11   11    0.635651   -0.000000
   -2    0    0   12   11   -0.035625    0.018296
   -2    0    0   13   11    0.347980   -0.022654
   -2    0    0   14   11   -0.036469    0.023287
   -2    0    0   15   11    0.128452    0.001391
   -2    0    0   16   11   -0.067763    0.014389
   -2    0    0    1   12   -0.047849    0.023802
   -2    0    0    2   12   -0.028107    0.018541
   -2    0    0    3   12    0.009108    0.005971
   -2    0    0    4   12   -0.097502    0.011132
   -2    0    0    5   12    0.014108    0.010884
   -2    0    0    6   12   -0.008061    0.024737
   -2    0    0    7   12    0.075084   -0.027030
   -2    0    0    8   12   -0.035731   -0.007405
   -2    0    0    9   12   -0.074768    0.005440
   -2    0    0   10   12    0.039369    0.014791
   -2    0    0   11   12   -0.035625   -0.018296
   -2    0    0   12   12    0.348966   -0.000000
   -2    0    0   13   12   -0.110364   -0.039401
   -2    0    0   14   12    0.061567    0.021475
   -2    0    0   15   12   -0.026199   -0.008454
   -2    0    0   16   12    0.094499   -0.000621
   -2    0    0    1   13    0.091449    0.001904
   -2    0    0    2   13   -0.114761   -0.000021
   -2    0    0    3   13    0.056411   -0.047487
   -2    0    0    4   13    0.006355   -0.085179
   -2    0    0    5   13    0.028096   -0.001896
   -2    0    0    6   13    0.014043    0.000021
   -2    0    0    7   13    0.037849    0.009831
   -2    0    0    8   13   -0.050288    0.017184
   -2    0    0    9   13   -0.194946   -0.000011
   -2    0    0   10   13    0.072421    0.000024
   -2    0    0   11   13    0.347980    0.022654
   -2    0    0   12   13   -0.110364    0.039401
   -2    0    0   13   13   -0.579850   -0.000000
   -2    0    0   14   13   -0.001616   -0.000019
   -2    0    0   15   13    0.075340   -0.004143
   -2    0    0   16   13   -0.145462   -0.013057
   -2    0    0    1   14    0.067269    0.001195
   -2    0    0    2   14    0.013479   -0.000136
   -2    0    0    3   14   -0.021162   -0.003587
   -2    0    0    4   14   -0.008833   -0.002558
   -2    0    0    5   14    0.021595   -0.001191
   -2    0    0    6   14    0.009045    0.000136
   -2    0    0    7   14    0.014568   -0.021298
   -2    0    0    8   14    0.011737   -0.032410
   -2    0    0    9   14    0.010663   -0.000013
   -2    0    0   10   14    0.168183    0.000001
   -2    0    0   11   14   -0.036469   -0.023287
   -2    0    0   12   14    0.061567   -0.021475
   -2    0    0   13   14   -0.001616    0.000019
   -2    0    0   14   14   -0.123558   -0.000000
   -2    0    0   15   14   -0.035033   -0.001374
   -2    0    0   16   14   -0.018833    0.009537
   -2    0    0    1   15   -0.007207    0.004197
   -2    0    0    2   15   -0.034569   -0.013488
   -2    0    0    3   15    0.045188    0.009922
   -2    0    0    4   15    0.026570    0.014826
   -2    0    0    5   15   -0.023694   -0.013519
   -2    0    0    6   15   -0.023814   -0.002097
   -2    0    0    7   15   -0.065854    0.016414
   -2    0    0    8   15   -0.003130    0.005408
   -2    0    0    9   15   -0.028847   -0.004742
   -2    0    0   10   15    0.049899   -0.017049
   -2    0    0   11   15    0.128452   -0.001391
   -2    0    0   12   15   -0.026199    0.008454
   -2    0    0   13   15    0.075340    0.004143
   -2    0    0   14   15   -0.035033    0.001374
   -2    0    0   15   15    0.129883   -0.000000
   -2    0    0   16   15   -0.014517    0.014977
   -2    0    0    1   16   -0.035922    0.012783
   -2    0    0    2   16   -0.001053   -0.016806
   -2    0    0    3   16   -0.094857   -0.001785
   -2    0    0    4   16    0.043458    0.003012
   -2    0    0    5   16   -0.051416   -0.024417
   -2    0    0    6   16   -0.012004   -0.013684
   -2    0    0    7   16    0.015867    0.020000
   -2    0    0    8   16    0.029890   -0.001123
   -2    0    0    9   16   -0.099853    0.002949
   -2    0    0   10   16   -0.044025   -0.018092
   -2    0    0   11   16   -0.067763   -0.014389
   -2    0    0   12   16    0.094499    0.000621
   -2    0    0   13   16   -0.145462    0.013057
   -2    0    0   14   16   -0.018833   -0.009537
   -2    0    0   15   16   -0.014517   -0.014977
   -2    0    0   16   16    0.157981   -0.000000
   -1   -2    0    1    1    0.168638    0.000004
   -1   -2    0    2    1   -0.015886    0.001237
   -1   -2    0    3    1   -0.025998    0.013028
   -1   -2    0    4    1    0.048379    0.029313
   -1   -2    0    5    1    0.300811    0.000581
   -1   -2    0    6    1    0.019370   -0.001373
   -1   -2    0    7    1   -0.169985   -0.026242
   -1   -2    0    8    1    0.141776   -0.027045
   -1   -2    0    9    1   -0.067884    0.000794
   -1   -2    0   10    1   -0.002849    0.001351
   -1   -2    0   11    1   -0.013889    0.009230
   -1   -2    0   12    1    0.024818   -0.021656
   -1   -2    0   13    1    0.091439   -0.001905
   -1   -2    0   14    1    0.067268   -0.001195
   -1   -2    0   15    1   -0.011898    0.000684
   -1   -2    0   16    1    0.017243   -0.022411
   -1   -2    0    1    2   -0.049853   -0.001241
   -1   -2    0    2    2   -0.132236    0.000000
   -1   -2    0    3    2   -0.025709    0.017192
   -1   -2    0    4    2   -0.048440    0.028723
   -1   -2    0    5    2   -0.098604    0.000688
   -1   -2    0    6    2    0.205104    0.000047
   -1   -2    0    7    2   -0.020462    0.005257
   -1   -2    0    8    2   -0.050032    0.008271
   -1   -2    0    9    2    0.036281    0.000022
   -1   -2    0   10    2   -0.053608   -0.000185
   -1   -2    0   11    2   -0.011247    0.024584
   -1   -2    0   12    2   -0.161852    0.016735
   -1   -2    0   13    2   -0.114763    0.000023
   -1   -2    0   14    2    0.013478    0.000136
   -1   -2    0   15    2    0.041241   -0.001291
   -1   -2    0   16    2    0.043629   -0.018073
   -1   -2    0    1    3   -0.020753    0.012848
   -1   -2    0    2    3   -0.025584   -0.016811
   -1   -2    0    3    3    0.118451    0.011168
   -1   -2    0    4    3   -0.036028    0.018108
   -1   -2    0    5    3    0.179045   -0.035737
   -1   -2    0    6    3   -0.003943    0.011166
   -1   -2    0    7    3    0.317843    0.003418
   -1   -2    0    8    3   -0.259576    0.003156
   -1   -2    0    9    3   -0.001500   -0.013603
   -1   -2    0   10    3   -0.012303   -0.009581
   -1   -2    0   11    3    0.086320   -0.006615
   -1   -2    0   12    3   -0.013842    0.014472
   -1   -2    0   13    3    0.012038   -0.017042
   -1   -2    0   14    3    0.017469    0.020974
   -1   -2    0   15    3    0.045705   -0.007043
   -1   -2    0   16    3   -0.035366   -0.002940
   -1   -2    0    1    4   -0.008714    0.001685
   -1   -2    0    2    4   -0.056240   -0.028305
   -1   -2    0    3    4   -0.052345    0.003797
   -1   -2    0    4    4    0.037040   -0.011851
   -1   -2    0    5    4   -0.164183   -0.031964
   -1   -2    0    6    4    0.008969    0.018815
   -1   -2    0    7    4   -0.013826    0.017198
   -1   -2    0    8    4    0.028091   -0.002842
   -1   -2    0    9    4    0.038951   -0.017484
   -1   -2    0   10    4   -0.045792   -0.013547
   -1   -2    0   11    4    0.017013   -0.029982
   -1   -2    0   12    4   -0.055732   -0.002460
   -1   -2    0   13    4    0.002838   -0.021690
   -1   -2    0   14    4    0.046578    0.035421
   -1   -2    0   15    4    0.066759    0.004625
   -1   -2    0   16    4    0.008866    0.007305
   -1   -2    0    1    5   -0.389753   -0.000564
   -1   -2    0    2    5   -0.095965   -0.000669
   -1   -2    0    3    5   -0.004778    0.007643
   -1   -2    0    4    5   -0.013256   -0.014119
   -1   -2    0    5    5    0.228050   -0.000003
   -1   -2    0    6    5    0.089898    0.000796
   -1   -2    0    7    5    0.042751    0.018339
   -1   -2    0    8    5   -0.002899   -0.004690
   -1   -2    0    9    5   -0.052163   -0.000804
   -1   -2    0   10    5   -0.049774   -0.001333
   -1   -2    0   11    5    0.055463   -0.000391
   -1   -2    0   12    5    0.040552    0.029290
   -1   -2    0   13    5   -0.085003    0.001910
   -1   -2    0   14    5    0.065738    0.001189
   -1   -2    0   15    5    0.011948   -0.006008
   -1   -2    0   16    5    0.027757    0.007366
   -1   -2    0    1    6    0.059688    0.001365
   -1   -2    0    2    6    0.169130   -0.000046
   -1   -2    0    3    6    0.028834   -0.011684
   -1   -2    0    4    6    0.030553   -0.019408
   -1   -2    0    5    6    0.116133   -0.000789
   -1   -2    0    6    6   -0.148592    0.000000
   -1   -2    0    7    6    0.021057   -0.013842
   -1   -2    0    8    6   -0.017219   -0.023426
   -1   -2    0    9    6   -0.037977   -0.000023
   -1   -2    0   10    6    0.016964    0.000185
   -1   -2    0   11    6   -0.022980   -0.004627
   -1   -2    0   12    6   -0.043406    0.025972
   -1   -2    0   13    6    0.096433   -0.000021
   -1   -2    0   14    6   -0.021502   -0.000136
   -1   -2    0   15    6    0.004242   -0.019548
   -1   -2    0   16    6   -0.025553   -0.012323
   -1   -2    0    1    7    0.099895    0.005215
   -1   -2    0    2    7    0.019591   -0.005788
   -1   -2    0    3    7    0.047095    0.009102
   -1   -2    0    4    7   -0.058965    0.000735
   -1   -2    0    5    7    0.023082   -0.020502
   -1   -2    0    6    7    0.020884    0.013466
   -1   -2    0    7    7    0.069678   -0.007577
   -1   -2    0    8    7   -0.074607    0.008744
   -1   -2    0    9    7    0.044775   -0.007870
   -1   -2    0   10    7    0.003931   -0.018982
   -1   -2    0   11    7    0.017739   -0.001867
   -1   -2    0   12    7   -0.028030   -0.027066
   -1   -2    0   13    7    0.024976    0.042298
   -1   -2    0   14    7    0.006782    0.003243
   -1   -2    0   15    7    0.044863    0.001835
   -1   -2    0   16    7   -0.000046    0.009706
   -1   -2    0    1    8    0.037877   -0.016385
   -1   -2    0    2    8   -0.004508   -0.009252
   -1   -2    0    3    8   -0.058144   -0.005445
   -1   -2    0    4    8    0.020837   -0.008387
   -1   -2    0    5    8   -0.185543   -0.003957
   -1   -2    0    6    8    0.088537    0.022825
   -1   -2    0    7    8   -0.047849   -0.027722
   -1   -2    0    8    8    0.144489    0.006894
   -1   -2    0    9    8    0.019102   -0.010400
   -1   -2    0   10    8   -0.008193   -0.030533
   -1   -2    0   11    8   -0.038571    0.017261
   -1   -2    0   12    8    0.082513   -0.008349
   -1   -2    0   13    8    0.041328    0.081742
   -1   -2    0   14    8   -0.009470    0.005329
   -1   -2    0   15    8   -0.005474   -0.004880
   -1   -2    0   16    8    0.008128   -0.006939
   -1   -2    0    1    9    0.030838   -0.000802
   -1   -2    0    2    9    0.015162   -0.000022
   -1   -2    0    3    9   -0.010279    0.015145
   -1   -2    0    4    9   -0.035139    0.018428
   -1   -2    0    5    9    0.033508    0.000798
   -1   -2    0    6    9    0.013296    0.000025
   -1   -2    0    7    9    0.056800    0.005610
   -1   -2    0    8    9   -0.046179    0.001461
   -1   -2    0    9    9    0.064127    0.000002
   -1   -2    0   10    9   -0.004088   -0.000018
   -1   -2    0   11    9   -0.014979   -0.000437
   -1   -2    0   12    9    0.319853   -0.004605
   -1   -2    0   13    9   -0.194941    0.000009
   -1   -2    0   14    9    0.010663    0.000013
   -1   -2    0   15    9   -0.091902    0.004173
   -1   -2    0   16    9    0.069950    0.006266
   -1   -2    0    1   10   -0.120181   -0.001342
   -1   -2    0    2   10   -0.029224    0.000185
   -1   -2    0    3   10   -0.012309    0.010811
   -1   -2    0    4   10   -0.061794    0.014233
   -1   -2    0    5   10   -0.049746    0.001329
   -1   -2    0    6   10    0.001576   -0.000185
   -1   -2    0    7   10   -0.046189    0.020369
   -1   -2    0    8   10    0.028355    0.030749
   -1   -2    0    9   10   -0.002381    0.000015
   -1   -2    0   10   10   -0.066427    0.000000
   -1   -2    0   11   10    0.003297    0.028263
   -1   -2    0   12   10    0.195986    0.015931
   -1   -2    0   13   10    0.072419   -0.000022
   -1   -2    0   14   10    0.168183   -0.000001
   -1   -2    0   15   10   -0.019976    0.002794
   -1   -2    0   16   10    0.012545   -0.017370
   -1   -2    0    1   11   -0.021453   -0.018808
   -1   -2    0    2   11   -0.011490   -0.024859
   -1   -2    0    3   11   -0.036397   -0.006351
   -1   -2    0    4   11   -0.014416    0.036634
   -1   -2    0    5   11   -0.006167   -0.001666
   -1   -2    0    6   11   -0.032464    0.004328
   -1   -2    0    7   11   -0.037772   -0.014178
   -1   -2    0    8   11   -0.110589   -0.011109
   -1   -2    0    9   11   -0.007299    0.013059
   -1   -2    0   10   11    0.005129   -0.025408
   -1   -2    0   11   11   -0.163885   -0.001699
   -1   -2    0   12   11   -0.037787    0.014605
   -1   -2    0   13   11   -0.142719   -0.000328
   -1   -2    0   14   11    0.007820    0.006511
   -1   -2    0   15   11    0.118657    0.011299
   -1   -2    0   16   11    0.010320    0.011863
   -1   -2    0    1   12   -0.013121   -0.017099
   -1   -2    0    2   12   -0.038944   -0.017212
   -1   -2    0    3   12   -0.018562   -0.007116
   -1   -2    0    4   12    0.035178   -0.006313
   -1   -2    0    5   12   -0.047823   -0.023458
   -1   -2    0    6   12   -0.001978   -0.026624
   -1   -2    0    7   12    0.099867    0.009931
   -1   -2    0    8   12   -0.080278    0.002017
   -1   -2    0    9   12   -0.065794   -0.000196
   -1   -2    0   10   12   -0.099327   -0.015867
   -1   -2    0   11   12   -0.015528    0.005410
   -1   -2    0   12   12    0.020413    0.002631
   -1   -2    0   13   12   -0.146610    0.021994
   -1   -2    0   14   12   -0.054054   -0.020243
   -1   -2    0   15   12    0.002526   -0.014208
   -1   -2    0   16   12    0.085385   -0.011805
   -1   -2    0    1   13   -0.024752    0.001893
   -1   -2    0    2   13   -0.002974   -0.000021
   -1   -2    0    3   13    0.034206    0.011701
   -1   -2    0    4   13    0.030309    0.024874
   -1   -2    0    5   13    0.029535   -0.001903
   -1   -2    0    6   13    0.054605    0.000023
   -1   -2    0    7   13    0.022872   -0.041139
   -1   -2    0    8   13   -0.004225   -0.068967
   -1   -2    0    9   13   -0.016782   -0.000013
   -1   -2    0   10   13   -0.014564    0.000022
   -1   -2    0   11   13    0.125543   -0.000818
   -1   -2    0   12   13    0.112411   -0.040869
   -1   -2    0   13   13    0.196958    0.000000
   -1   -2    0   14   13   -0.058489   -0.000019
   -1   -2    0   15   13    0.015917    0.019283
   -1   -2    0   16   13    0.081251    0.000644
   -1   -2    0    1   14    0.043537    0.001195
   -1   -2    0    2   14    0.008651   -0.000136
   -1   -2    0    3   14    0.011644   -0.021319
   -1   -2    0    4   14    0.016064   -0.034104
   -1   -2    0    5   14    0.000973   -0.001189
   -1   -2    0    6   14   -0.003417    0.000135
   -1   -2    0    7   14    0.006860   -0.004865
   -1   -2    0    8   14   -0.019542   -0.005996
   -1   -2    0    9   14   -0.021629   -0.000013
   -1   -2    0   10   14    0.096050    0.000001
   -1   -2    0   11   14   -0.001110   -0.007662
   -1   -2    0   12   14   -0.027817    0.021296
   -1   -2    0   13   14   -0.012878    0.000018
   -1   -2    0   14   14   -0.064967    0.000000
   -1   -2    0   15   14   -0.006151   -0.019727
   -1   -2    0   16   14   -0.010171   -0.010565
   -1   -2    0    1   15    0.063943   -0.000283
   -1   -2    0    2   15    0.038269    0.001148
   -1   -2    0    3   15   -0.059886   -0.005816
   -1   -2    0    4   15   -0.044190    0.009562
   -1   -2    0    5   15    0.020551    0.017862
   -1   -2    0    6   15    0.004555    0.020018
   -1   -2    0    7   15   -0.071973   -0.009927
   -1   -2    0    8   15   -0.004549    0.009249
   -1   -2    0    9   15   -0.051309    0.005123
   -1   -2    0   10   15    0.037390   -0.001859
   -1   -2    0   11   15    0.065189    0.001806
   -1   -2    0   12   15    0.099373    0.011466
   -1   -2    0   13   15    0.016635   -0.018870
   -1   -2    0   14   15   -0.006727    0.018706
   -1   -2    0   15   15    0.017616    0.007025
   -1   -2    0   16   15    0.006360   -0.001923
   -1   -2    0    1   16    0.060126    0.013631
   -1   -2    0    2   16    0.040249    0.017982
   -1   -2    0    3   16   -0.031656    0.005161
   -1   -2    0    4   16   -0.001184    0.003895
   -1   -2    0    5   16   -0.019394    0.012092
   -1   -2    0    6   16   -0.030189    0.012940
   -1   -2    0    7   16   -0.018713   -0.017298
   -1   -2    0    8   16    0.123219    0.000262
   -1   -2    0    9   16   -0.034871   -0.005221
   -1   -2    0   10   16    0.039932    0.015848
   -1   -2    0   11   16    0.150672    0.003963
   -1   -2    0   12   16   -0.065468   -0.002429
   -1   -2    0   13   16    0.087140   -0.016376
   -1   -2    0   14   16   -0.037002    0.010407
   -1   -2    0   15   16    0.001601   -0.000624
   -1   -2    0   16   16    0.110763   -0.006594
   -1   -1    0    1    1   -0.999098   -0.000013
   -1   -1    0    2    1   -0.099240    0.001241
   -1   -1    0    3    1    0.934449    0.009743
   -1   -1    0    4    1    0.596214   -0.024126
   -1   -1    0    5    1   -0.437634    0.000566
   -1   -1    0    6    1    0.019623   -0.001347
   -1   -1    0    7    1   -0.320748    0.017566
   -1   -1    0    8    1   -0.232989   -0.001989
   -1   -1    0    9    1    0.106573    0.000797
   -1   -1    0   10    1   -0.107228    0.001348
   -1   -1    0   11    1    0.028200   -0.013915
   -1   -1    0   12    1   -0.007161   -0.040241
   -1   -1    0   13    1   -0.024705   -0.001895
   -1   -1    0   14    1    0.078376   -0.001199
   -1   -1    0   15    1    0.027833    0.010336
   -1   -1    0   16    1   -0.006907    0.008695
   -1   -1    0    1    2   -0.099242   -0.001268
   -1   -1    0    2    2    0.009632   -0.000000
   -1   -1    0    3    2    0.102141    0.006703
   -1   -1    0    4    2   -0.033708    0.008308
   -1   -1    0    5    2   -0.133486    0.000683
   -1   -1    0    6    2   -0.042956    0.000046
   -1   -1    0    7    2    0.046126    0.018108
   -1   -1    0    8    2   -0.042502    0.028332
   -1   -1    0    9    2    0.084197    0.000027
   -1   -1    0   10    2   -0.030543   -0.000185
   -1   -1    0   11    2    0.031435   -0.001122
   -1   -1    0   12    2    0.077717   -0.024835
   -1   -1    0   13    2   -0.045953    0.000021
   -1   -1    0   14    2    0.029893    0.000136
   -1   -1    0   15    2    0.010325    0.015379
   -1   -1    0   16    2    0.007852    0.012907
   -1   -1    0    1    3   -0.063258    0.031467
   -1   -1    0    2    3    0.087742   -0.005849
   -1   -1    0    3    3   -0.119287   -0.004063
   -1   -1    0    4    3    0.247474    0.006570
   -1   -1    0    5    3    0.365705   -0.007931
   -1   -1    0    6    3    0.012546    0.013524
   -1   -1    0    7    3   -0.081412   -0.001447
   -1   -1    0    8    3    0.220595   -0.003505
   -1   -1    0    9    3    0.044539   -0.000818
   -1   -1    0   10    3    0.009276   -0.016596
   -1   -1    0   11    3   -0.021238   -0.007773
   -1   -1    0   12    3   -0.033077   -0.012203
   -1   -1    0   13    3   -0.004293    0.044679
   -1   -1    0   14    3    0.041072    0.000697
   -1   -1    0   15    3    0.009679    0.001045
   -1   -1    0   16    3    0.014389    0.017212
   -1   -1    0    1    4   -1.068379    0.017168
   -1   -1    0    2    4   -0.057965   -0.008495
   -1   -1    0    3    4    1.212539    0.021945
   -1   -1    0    4    4    0.707500    0.004572
   -1   -1    0    5    4    0.261979    0.011070
   -1   -1    0    6    4    0.063434    0.023583
   -1   -1    0    7    4    0.241681    0.013486
   -1   -1    0    8    4   -0.310044    0.002986
   -1   -1    0    9    4    0.093911   -0.003287
   -1   -1    0   10    4   -0.113433   -0.031871
   -1   -1    0   11    4   -0.037689    0.013095
   -1   -1    0   12    4   -0.023252   -0.001348
   -1   -1    0   13    4    0.050521    0.075083
   -1   -1    0   14    4    0.040184    0.007003
   -1   -1    0   15    4    0.013553   -0.008221
   -1   -1    0   16    4    0.022896   -0.006183
   -1   -1    0    1    5   -0.437641   -0.000560
   -1   -1    0    2    5   -0.133485   -0.000681
   -1   -1    0    3    5   -0.033495   -0.020031
   -1   -1    0    4    5   -0.429892   -0.009727
   -1   -1    0    5    5   -1.161815   -0.000005
   -1   -1    0    6    5    0.085467    0.000787
   -1   -1    0    7    5    0.038450    0.011997
   -1   -1    0    8    5    0.970374    0.033277
   -1   -1    0    9    5    0.159557   -0.000804
   -1   -1    0   10    5   -0.147842   -0.001329
   -1   -1    0   11    5   -0.001058    0.008685
   -1   -1    0   12    5   -0.000989    0.017093
   -1   -1    0   13    5   -0.102751    0.001915
   -1   -1    0   14    5    0.019155    0.001191
   -1   -1    0   15    5    0.034124    0.007649
   -1   -1    0   16    5   -0.008014    0.013996
   -1   -1    0    1    6    0.019620    0.001350
   -1   -1    0    2    6   -0.042956   -0.000046
   -1   -1    0    3    6   -0.035691   -0.014418
   -1   -1    0    4    6   -0.018461   -0.023479
   -1   -1    0    5    6    0.085470   -0.000768
   -1   -1    0    6    6   -0.008385    0.000000
   -1   -1    0    7    6   -0.034154   -0.011435
   -1   -1    0    8    6    0.055986   -0.018617
   -1   -1    0    9    6   -0.027504   -0.000022
   -1   -1    0   10    6    0.071157    0.000185
   -1   -1    0   11    6    0.037663   -0.021737
   -1   -1    0   12    6   -0.082655   -0.016500
   -1   -1    0   13    6   -0.015822   -0.000020
   -1   -1    0   14    6   -0.019621   -0.000135
   -1   -1    0   15    6   -0.003581    0.004124
   -1   -1    0   16    6   -0.030876    0.019315
   -1   -1    0    1    7    0.019368    0.015734
   -1   -1    0    2    7    0.043641   -0.017502
   -1   -1    0    3    7   -0.445896    0.001294
   -1   -1    0    4    7   -0.028209    0.004424
   -1   -1    0    5    7   -0.851745   -0.027781
   -1   -1    0    6    7   -0.069575    0.010853
   -1   -1    0    7    7   -0.187214    0.004244
   -1   -1    0    8    7    1.054108   -0.027655
   -1   -1    0    9    7    0.001661   -0.008200
   -1   -1    0   10    7    0.016437   -0.005350
   -1   -1    0   11    7    0.012040   -0.015464
   -1   -1    0   12    7    0.008122    0.011557
   -1   -1    0   13    7   -0.108207   -0.009305
   -1   -1    0   14    7    0.011486    0.016745
   -1   -1    0   15    7   -0.070254   -0.003277
   -1   -1    0   16    7   -0.050495   -0.001207
   -1   -1    0    1    8    0.384991   -0.001556
   -1   -1    0    2    8   -0.046814   -0.028383
   -1   -1    0    3    8   -0.009269    0.006073
   -1   -1    0    4    8    0.049949   -0.001796
   -1   -1    0    5    8   -0.532830   -0.035717
   -1   -1    0    6    8   -0.006163    0.018622
   -1   -1    0    7    8    0.503199    0.009759
   -1   -1    0    8    8    0.695737   -0.003703
   -1   -1    0    9    8    0.150163   -0.019176
   -1   -1    0   10    8   -0.049344   -0.013513
   -1   -1    0   11    8    0.002632   -0.022745
   -1   -1    0   12    8   -0.130247   -0.005149
   -1   -1    0   13    8   -0.054954   -0.021101
   -1   -1    0   14    8    0.034093    0.035212
   -1   -1    0   15    8    0.110524    0.004914
   -1   -1    0   16    8    0.021955   -0.001867
   -1   -1    0    1    9    0.106600   -0.000807
   -1   -1    0    2    9    0.084200   -0.000021
   -1   -1    0    3    9   -0.070998    0.005364
   -1   -1    0    4    9   -0.087760    0.002414
   -1   -1    0    5    9    0.159547    0.000811
   -1   -1    0    6    9   -0.027503    0.000021
   -1   -1    0    7    9   -0.140376    0.015395
   -1   -1    0    8    9   -0.074353    0.016668
   -1   -1    0    9    9   -0.838962    0.000003
   -1   -1    0   10    9   -0.012450   -0.000019
   -1   -1    0   11    9    0.435162    0.015231
   -1   -1    0   12    9    0.574065    0.009311
   -1   -1    0   13    9   -0.124483    0.000009
   -1   -1    0   14    9    0.030064    0.000014
   -1   -1    0   15    9   -0.313248   -0.000855
   -1   -1    0   16    9   -0.184418   -0.009945
   -1   -1    0    1   10   -0.107234   -0.001328
   -1   -1    0    2   10   -0.030543    0.000185
   -1   -1    0    3   10    0.099628    0.017982
   -1   -1    0    4   10    0.039959    0.031180
   -1   -1    0    5   10   -0.147850    0.001326
   -1   -1    0    6   10    0.071157   -0.000185
   -1   -1    0    7   10    0.042048    0.007817
   -1   -1    0    8   10   -0.008927    0.012440
   -1   -1    0    9   10   -0.012451    0.000012
   -1   -1    0   10   10   -0.114978    0.000001
   -1   -1    0   11   10   -0.105930   -0.007031
   -1   -1    0   12   10    0.018318   -0.023149
   -1   -1    0   13   10    0.089825   -0.000022
   -1   -1    0   14   10   -0.057819   -0.000001
   -1   -1    0   15   10    0.005814    0.008785
   -1   -1    0   16   10    0.030154    0.009882
   -1   -1    0    1   11   -0.015109    0.004557
   -1   -1    0    2   11   -0.022775    0.000758
   -1   -1    0    3   11    0.032248    0.000163
   -1   -1    0    4   11   -0.061814   -0.020493
   -1   -1    0    5   11    0.076779   -0.001998
   -1   -1    0    6   11    0.111249    0.022016
   -1   -1    0    7   11   -0.109882    0.011038
   -1   -1    0    8   11   -0.086730    0.041129
   -1   -1    0    9   11   -0.268765   -0.012225
   -1   -1    0   10   11   -0.046789    0.007280
   -1   -1    0   11   11   -0.327983   -0.009306
   -1   -1    0   12   11    0.195495    0.017173
   -1   -1    0   13   11   -0.066256    0.025178
   -1   -1    0   14   11    0.053818    0.011757
   -1   -1    0   15   11    0.037961   -0.008424
   -1   -1    0   16   11    0.437472   -0.006555
   -1   -1    0    1   12    0.038547    0.029162
   -1   -1    0    2   12   -0.013795    0.024874
   -1   -1    0    3   12   -0.013126    0.035059
   -1   -1    0    4   12   -0.054128   -0.002994
   -1   -1    0    5   12    0.023205   -0.012395
   -1   -1    0    6   12    0.041209    0.016468
   -1   -1    0    7   12   -0.086567   -0.003753
   -1   -1    0    8   12    0.006553   -0.006638
   -1   -1    0    9   12   -0.674216   -0.022625
   -1   -1    0   10   12    0.114208    0.020698
   -1   -1    0   11   12    1.266918   -0.014572
   -1   -1    0   12   12    0.523073    0.008598
   -1   -1    0   13   12    0.077340   -0.007731
   -1   -1    0   14   12   -0.013501    0.016040
   -1   -1    0   15   12    0.420609   -0.007900
   -1   -1    0   16   12   -0.432933    0.007018
   -1   -1    0    1   13   -0.024711    0.001894
   -1   -1    0    2   13   -0.045954   -0.000021
   -1   -1    0    3   13   -0.017488   -0.055367
   -1   -1    0    4   13    0.013331   -0.068860
   -1   -1    0    5   13   -0.102719   -0.001897
   -1   -1    0    6   13   -0.015822    0.000022
   -1   -1    0    7   13   -0.008590    0.001207
   -1   -1    0    8   13    0.108374    0.026495
   -1   -1    0    9   13   -0.124487   -0.000007
   -1   -1    0   10   13    0.089830    0.000021
   -1   -1    0   11   13   -0.087389   -0.012757
   -1   -1    0   12   13    0.009699   -0.000702
   -1   -1    0   13   13   -1.062288   -0.000004
   -1   -1    0   14   13    0.032130   -0.000020
   -1   -1    0   15   13   -0.191772   -0.020130
   -1   -1    0   16   13    1.091200   -0.021903
   -1   -1    0    1   14    0.078372    0.001199
   -1   -1    0    2   14    0.029893   -0.000136
   -1   -1    0    3   14   -0.007338   -0.003242
   -1   -1    0    4   14   -0.040158   -0.006035
   -1   -1    0    5   14    0.019161   -0.001193
   -1   -1    0    6   14   -0.019621    0.000135
   -1   -1    0    7   14   -0.018912   -0.019708
   -1   -1    0    8   14   -0.015107   -0.034132
   -1   -1    0    9   14    0.030065   -0.000013
   -1   -1    0   10   14   -0.057819    0.000001
   -1   -1    0   11   14    0.047408   -0.011076
   -1   -1    0   12   14   -0.027062   -0.014517
   -1   -1    0   13   14    0.032130    0.000019
   -1   -1    0   14   14    0.028679   -0.000000
   -1   -1    0   15   14    0.045446    0.008646
   -1   -1    0   16   14   -0.020838    0.016199
   -1   -1    0    1   15   -0.026041   -0.015551
   -1   -1    0    2   15   -0.019906   -0.015582
   -1   -1    0    3   15    0.010928   -0.004288
   -1   -1    0    4   15   -0.011416    0.006447
   -1   -1    0    5   15    0.036858   -0.004754
   -1   -1    0    6   15    0.006424   -0.004010
   -1   -1    0    7   15   -0.009597    0.004129
   -1   -1    0    8   15   -0.043960    0.011416
   -1   -1    0    9   15    0.019559    0.000675
   -1   -1    0   10   15   -0.030254   -0.009050
   -1   -1    0   11   15   -0.684248    0.008968
   -1   -1    0   12   15    0.016199   -0.012198
   -1   -1    0   13   15   -1.053296    0.028552
   -1   -1    0   14   15    0.029810   -0.007935
   -1   -1    0   15   15   -0.260789    0.004701
   -1   -1    0   16   15    0.833500   -0.009747
   -1   -1    0    1   16   -0.019866   -0.013418
   -1   -1    0    2   16   -0.042891   -0.012791
   -1   -1    0    3   16   -0.009493   -0.002852
   -1   -1    0    4   16    0.041206    0.005031
   -1   -1    0    5   16   -0.065510   -0.014534
   -1   -1    0    6   16   -0.016004   -0.019381
   -1   -1    0    7   16    0.157522    0.001435
   -1   -1    0    8   16   -0.023188   -0.007062
   -1   -1    0    9   16    0.366299    0.002433
   -1   -1    0   10   16   -0.036243   -0.011466
   -1   -1    0   11   16    0.012769    0.013184
   -1   -1    0   12   16    0.293572   -0.008542
   -1   -1    0   13   16   -0.386769    0.013694
   -1   -1    0   14   16   -0.046965   -0.015397
   -1   -1    0   15   16    0.391055    0.002294
   -1   -1    0   16   16    0.437423   -0.005027
   -1    0    0    1    1   -0.999021    0.000011
   -1    0    0    2    1   -0.099229    0.001260
   -1    0    0    3    1    0.949162    0.007501
   -1    0    0    4    1    0.425998   -0.008619
   -1    0    0    5    1    0.300851    0.000559
   -1    0    0    6    1    0.019371   -0.001341
   -1    0    0    7    1    0.040822    0.022695
   -1    0    0    8    1   -0.218338    0.012879
   -1    0    0    9    1    0.106599    0.000800
   -1    0    0   10    1   -0.107236    0.001340
   -1    0    0   11    1   -0.007006    0.012764
   -1    0    0   12    1   -0.019340    0.006034
   -1    0    0   13    1    0.091458   -0.001887
   -1    0    0   14    1    0.067271   -0.001201
   -1    0    0   15    1    0.018111   -0.008124
   -1    0    0   16    1   -0.023859   -0.018361
   -1    0    0    1    2   -0.099232   -0.001235
   -1    0    0    2    2    0.009625    0.000000
   -1    0    0    3    2   -0.011438    0.017499
   -1    0    0    4    2    0.001345    0.028155
   -1    0    0    5    2   -0.098606    0.000661
   -1    0    0    6    2    0.205104    0.000046
   -1    0    0    7    2   -0.040305    0.006603
   -1    0    0    8    2   -0.015626    0.009210
   -1    0    0    9    2    0.084200    0.000021
   -1    0    0   10    2   -0.030543   -0.000185
   -1    0    0   11    2    0.042255    0.024415
   -1    0    0   12    2   -0.004795    0.017254
   -1    0    0   13    2   -0.114771    0.000019
   -1    0    0   14    2    0.013478    0.000135
   -1    0    0   15    2    0.043177   -0.001567
   -1    0    0   16    2    0.040181   -0.017903
   -1    0    0    1    3   -0.975417   -0.025393
   -1    0    0    2    3   -0.039132   -0.017741
   -1    0    0    3    3    1.113738   -0.019542
   -1    0    0    4    3    0.447000    0.012303
   -1    0    0    5    3   -0.082868    0.024338
   -1    0    0    6    3   -0.006104    0.012299
   -1    0    0    7    3   -0.006308   -0.009506
   -1    0    0    8    3    0.169198   -0.013009
   -1    0    0    9    3    0.111209   -0.007895
   -1    0    0   10    3   -0.104109   -0.007096
   -1    0    0   11    3   -0.064812   -0.023629
   -1    0    0   12    3   -0.019080    0.032325
   -1    0    0   13    3    0.004729   -0.008681
   -1    0    0   14    3    0.043389    0.019201
   -1    0    0   15    3    0.047395   -0.015250
   -1    0    0   16    3    0.097697   -0.003625
   -1    0    0    1    4    0.416912   -0.036283
   -1    0    0    2    4    0.001089   -0.028891
   -1    0    0    3    4   -0.564148   -0.024812
   -1    0    0    4    4   -0.537101    0.020970
   -1    0    0    5    4    0.273432    0.015399
   -1    0    0    6    4    0.013021    0.019580
   -1    0    0    7    4   -0.074042   -0.013306
   -1    0    0    8    4    0.343147    0.009671
   -1    0    0    9    4   -0.023429   -0.019292
   -1    0    0   10    4    0.016687   -0.014929
   -1    0    0   11    4   -0.039344   -0.028735
   -1    0    0   12    4    0.045334    0.002056
   -1    0    0   13    4    0.028921   -0.018653
   -1    0    0   14    4    0.003634    0.035059
   -1    0    0   15    4   -0.045526   -0.003376
   -1    0    0   16    4    0.039055   -0.005107
   -1    0    0    1    5   -3.699154   -0.000564
   -1    0    0    2    5   -0.080613   -0.000668
   -1    0    0    3    5    4.522539    0.002194
   -1    0    0    4    5    2.606015    0.033312
   -1    0    0    5    5   -1.161754   -0.000013
   -1    0    0    6    5    0.085467    0.000775
   -1    0    0    7    5    0.898494   -0.017066
   -1    0    0    8    5   -0.416156    0.001529
   -1    0    0    9    5    0.174280   -0.000808
   -1    0    0   10    5    0.003796   -0.001340
   -1    0    0   11    5   -0.166273    0.017727
   -1    0    0   12    5   -0.078775    0.028155
   -1    0    0   13    5   -0.102721    0.001889
   -1    0    0   14    5    0.019163    0.001188
   -1    0    0   15    5    0.006741   -0.003493
   -1    0    0   16    5    0.059494   -0.012653
   -1    0    0    1    6    0.092476    0.001361
   -1    0    0    2    6   -2.593848   -0.000047
   -1    0    0    3    6    0.041244   -0.011915
   -1    0    0    4    6    0.037659   -0.018688
   -1    0    0    5    6    0.085476   -0.000794
   -1    0    0    6    6   -0.008392   -0.000000
   -1    0    0    7    6    0.056634   -0.014346
   -1    0    0    8    6    0.027145   -0.022832
   -1    0    0    9    6   -0.127245   -0.000021
   -1    0    0   10    6    0.096392    0.000185
   -1    0    0   11    6    0.119430   -0.003781
   -1    0    0   12    6    0.038609    0.026592
   -1    0    0   13    6   -0.015829   -0.000022
   -1    0    0   14    6   -0.019620   -0.000136
   -1    0    0   15    6   -0.004944   -0.019575
   -1    0    0   16    6   -0.008877   -0.013002
   -1    0    0    1    7   -4.583609    0.002369
   -1    0    0    2    7   -0.077019   -0.006033
   -1    0    0    3    7    3.090010   -0.004019
   -1    0    0    4    7    2.667852   -0.020924
   -1    0    0    5    7   -0.903724    0.022048
   -1    0    0    6    7   -0.015741    0.014691
   -1    0    0    7    7    1.139124    0.015721
   -1    0    0    8    7   -0.350914   -0.001422
   -1    0    0    9    7    0.028412    0.001203
   -1    0    0   10    7   -0.024807   -0.016844
   -1    0    0   11    7    0.059959   -0.007242
   -1    0    0   12    7   -0.023313   -0.004703
   -1    0    0   13    7   -0.069684    0.046329
   -1    0    0   14    7    0.036921    0.003294
   -1    0    0   15    7    0.035409   -0.004518
   -1    0    0   16    7    0.052751    0.005882
   -1    0    0    1    8   -2.667920    0.023533
   -1    0    0    2    8   -0.060345   -0.008361
   -1    0    0    3    8    2.699930    0.032065
   -1    0    0    4    8   -0.091175    0.004068
   -1    0    0    5    8   -0.382066    0.002272
   -1    0    0    6    8    0.027403    0.023399
   -1    0    0    7    8    0.277773    0.010552
   -1    0    0    8    8   -0.642136   -0.014358
   -1    0    0    9    8    0.007589   -0.003989
   -1    0    0   10    8   -0.024064   -0.031802
   -1    0    0   11    8   -0.021933    0.011159
   -1    0    0   12    8    0.080101   -0.013878
   -1    0    0   13    8    0.009880    0.074345
   -1    0    0   14    8    0.017620    0.007079
   -1    0    0   15    8   -0.114806   -0.006043
   -1    0    0   16    8   -0.066195   -0.009146
   -1    0    0    1    9    0.106597   -0.000794
   -1    0    0    2    9    0.084202   -0.000026
   -1    0    0    3    9   -0.110673    0.007362
   -1    0    0    4    9   -0.008193    0.016618
   -1    0    0    5    9    0.033502    0.000811
   -1    0    0    6    9    0.013294    0.000019
   -1    0    0    7    9   -0.012704    0.003956
   -1    0    0    8    9    0.080399    0.007879
   -1    0    0    9    9   -0.838952   -0.000004
   -1    0    0   10    9   -0.012453   -0.000012
   -1    0    0   11    9    0.722196    0.002273
   -1    0    0   12    9    0.081673   -0.013120
   -1    0    0   13    9   -0.194943    0.000013
   -1    0    0   14    9    0.010664    0.000015
   -1    0    0   15    9    0.024423    0.003320
   -1    0    0   16    9   -0.110865   -0.002304
   -1    0    0    1   10   -0.107210   -0.001350
   -1    0    0    2   10   -0.030544    0.000185
   -1    0    0    3   10    0.076552    0.006695
   -1    0    0    4   10    0.016643    0.012842
   -1    0    0    5   10   -0.049738    0.001339
   -1    0    0    6   10    0.001577   -0.000185
   -1    0    0    7   10    0.011168    0.016701
   -1    0    0    8   10   -0.073132    0.029441
   -1    0    0    9   10   -0.012450    0.000016
   -1    0    0   10   10   -0.114983    0.000000
   -1    0    0   11   10   -0.052673    0.028958
   -1    0    0   12   10   -0.044385    0.013413
   -1    0    0   13   10    0.072427   -0.000018
   -1    0    0   14   10    0.168184   -0.000001
   -1    0    0   15   10   -0.015790    0.003954
   -1    0    0   16   10    0.006508   -0.017411
   -1    0    0    1   11   -0.008578    0.009632
   -1    0    0    2   11   -0.064730   -0.024138
   -1    0    0    3   11   -0.049035    0.015474
   -1    0    0    4   11    0.011712    0.032971
   -1    0    0    5   11   -0.032338   -0.021071
   -1    0    0    6   11    0.009514    0.004132
   -1    0    0    7   11   -0.029630    0.019423
   -1    0    0    8   11    0.124748    0.007380
   -1    0    0    9   11   -0.707476    0.000495
   -1    0    0   10   11    0.061563   -0.028992
   -1    0    0   11   11    0.901946   -0.016426
   -1    0    0   12   11    0.528255   -0.004868
   -1    0    0   13   11   -0.217063   -0.000960
   -1    0    0   14   11   -0.020653    0.007599
   -1    0    0   15   11    0.107744   -0.001020
   -1    0    0   16   11    0.037598    0.016433
   -1    0    0    1   12   -0.006223    0.010584
   -1    0    0    2   12   -0.004367   -0.016703
   -1    0    0    3   12    0.000579   -0.009049
   -1    0    0    4   12    0.060553   -0.001810
   -1    0    0    5   12   -0.028386   -0.024573
   -1    0    0    6   12   -0.074126   -0.026044
   -1    0    0    7   12   -0.079157    0.017551
   -1    0    0    8   12   -0.046288   -0.003421
   -1    0    0    9   12    0.068400   -0.008717
   -1    0    0   10   12   -0.047554   -0.018377
   -1    0    0   11   12   -0.536033    0.006301
   -1    0    0   12   12   -0.691680    0.014526
   -1    0    0   13   12    0.008984    0.032426
   -1    0    0   14   12   -0.005341   -0.019773
   -1    0    0   15   12   -0.010338   -0.019175
   -1    0    0   16   12    0.104599    0.000903
   -1    0    0    1   13   -0.098516    0.001899
   -1    0    0    2   13    0.001009   -0.000021
   -1    0    0    3   13    0.141429    0.006848
   -1    0    0    4   13    0.087769    0.027914
   -1    0    0    5   13   -0.102741   -0.001910
   -1    0    0    6   13   -0.015828    0.000021
   -1    0    0    7   13    0.119923   -0.053697
   -1    0    0    8   13    0.013513   -0.076353
   -1    0    0    9   13   -2.899463   -0.000011
   -1    0    0   10   13   -0.092337    0.000019
   -1    0    0   11   13    5.497951    0.011859
   -1    0    0   12   13    3.205288   -0.030422
   -1    0    0   13   13   -1.062197    0.000001
   -1    0    0   14   13    0.032128   -0.000017
   -1    0    0   15   13    0.876797    0.029415
   -1    0    0   16   13   -0.592447    0.008161
   -1    0    0    1   14    0.132589    0.001198
   -1    0    0    2   14    0.033757   -0.000136
   -1    0    0    3   14   -0.015861   -0.019970
   -1    0    0    4   14   -0.000469   -0.034457
   -1    0    0    5   14    0.019149   -0.001188
   -1    0    0    6   14   -0.019621    0.000135
   -1    0    0    7   14   -0.022091   -0.002910
   -1    0    0    8   14    0.017467   -0.004249
   -1    0    0    9   14    0.071485   -0.000013
   -1    0    0   10   14   -2.460191    0.000001
   -1    0    0   11   14   -0.084347   -0.008208
   -1    0    0   12   14   -0.075672    0.021765
   -1    0    0   13   14    0.032134    0.000017
   -1    0    0   14   14    0.028675    0.000000
   -1    0    0   15   14    0.008821   -0.019410
   -1    0    0   16   14   -0.000504   -0.009607
   -1    0    0    1   15   -0.080091    0.013207
   -1    0    0    2   15    0.037761    0.001604
   -1    0    0    3   15   -0.030331    0.010295
   -1    0    0    4   15    0.001077    0.003246
   -1    0    0    5   15   -0.023624   -0.007746
   -1    0    0    6   15    0.013374    0.019218
   -1    0    0    7   15    0.040252    0.010151
   -1    0    0    8   15    0.138149    0.021829
   -1    0    0    9   15   -3.284380   -0.003932
   -1    0    0   10   15    0.093386   -0.003066
   -1    0    0   11   15    2.458726   -0.010306
   -1    0    0   12   15    2.491968   -0.003714
   -1    0    0   13   15   -0.826217   -0.020327
   -1    0    0   14   15   -0.021300    0.019500
   -1    0    0   15   15    0.797643    0.002612
   -1    0    0   16   15   -0.222456    0.001631
   -1    0    0    1   16   -0.026640    0.017675
   -1    0    0    2   16    0.040003    0.018187
   -1    0    0    3   16    0.008764    0.019507
   -1    0    0    4   16   -0.061062   -0.008524
   -1    0    0    5   16    0.044582   -0.007898
   -1    0    0    6   16   -0.009403    0.012252
   -1    0    0    7   16   -0.078929   -0.003790
   -1    0    0    8   16   -0.050009   -0.001935
   -1    0    0    9   16   -1.908431   -0.013775
   -1    0    0   10   16    0.071846    0.015785
   -1    0    0   11   16    2.507698   -0.007983
   -1    0    0   12   16   -0.426762    0.010319
   -1    0    0   13   16   -0.593682   -0.008856
   -1    0    0   14   16    0.000498    0.011370
   -1    0    0   15   16    0.206149   -0.009986
   -1    0    0   16   16   -0.613280   -0.003499
   -1    1    0    1    1    0.168637    0.000005
   -1    1    0    2    1   -0.015879    0.001235
   -1    1    0    3    1    0.088354   -0.009772
   -1    1    0    4    1   -0.064054    0.006568
   -1    1    0    5    1   -0.010395    0.000571
   -1    1    0    6    1    0.135625   -0.001380
   -1    1    0    7    1    0.008564    0.002528
   -1    1    0    8    1   -0.025984    0.026077
   -1    1    0    9    1   -0.067892    0.000791
   -1    1    0   10    1   -0.002824    0.001348
   -1    1    0   11    1    0.041521    0.010030
   -1    1    0   12    1   -0.032689   -0.025981
   -1    1    0   13    1   -0.164981   -0.001897
   -1    1    0   14    1   -0.040971   -0.001194
   -1    1    0   15    1   -0.019048    0.006204
   -1    1    0   16    1   -0.025641   -0.012168
   -1    1    0    1    2   -0.049861   -0.001227
   -1    1    0    2    2   -0.132237   -0.000000
   -1    1    0    3    2    0.051259    0.006407
   -1    1    0    4    2   -0.021301    0.009116
   -1    1    0    5    2   -0.079530    0.000653
   -1    1    0    6    2    0.170738    0.000046
   -1    1    0    7    2    0.043429    0.017730
   -1    1    0    8    2   -0.043731    0.028643
   -1    1    0    9    2    0.036292    0.000021
   -1    1    0   10    2   -0.053606   -0.000185
   -1    1    0   11    2   -0.131739   -0.000564
   -1    1    0   12    2    0.109769   -0.024420
   -1    1    0   13    2    0.135656    0.000021
   -1    1    0   14    2    0.033628    0.000135
   -1    1    0   15    2   -0.019692    0.015256
   -1    1    0   16    2   -0.009331    0.012485
   -1    1    0    1    3    0.071789   -0.023382
   -1    1    0    2    3    0.045439   -0.007028
   -1    1    0    3    3    0.058352   -0.004490
   -1    1    0    4    3    0.069797   -0.023961
   -1    1    0    5    3   -0.049276    0.007662
   -1    1    0    6    3   -0.035697    0.013873
   -1    1    0    7    3   -0.111388    0.005653
   -1    1    0    8    3   -0.010197    0.033433
   -1    1    0    9    3    0.037848   -0.008418
   -1    1    0   10    3   -0.001110   -0.016589
   -1    1    0   11    3   -0.031442   -0.007249
   -1    1    0   12    3    0.117300   -0.005078
   -1    1    0   13    3   -0.017934    0.055704
   -1    1    0   14    3   -0.007381    0.001693
   -1    1    0   15    3   -0.061438   -0.011798
   -1    1    0   16    3   -0.000643    0.006736
   -1    1    0    1    4   -0.033304   -0.013480
   -1    1    0    2    4   -0.017635   -0.009260
   -1    1    0    3    4    0.020803    0.004791
   -1    1    0    4    4    0.099337    0.004641
   -1    1    0    5    4    0.038641   -0.009013
   -1    1    0    6    4    0.036079    0.022773
   -1    1    0    7    4   -0.010100   -0.036094
   -1    1    0    8    4   -0.062880   -0.006622
   -1    1    0    9    4   -0.029853   -0.009447
   -1    1    0   10    4   -0.003376   -0.030149
   -1    1    0   11    4    0.077121    0.009041
   -1    1    0   12    4    0.074860   -0.015671
   -1    1    0   13    4    0.040059    0.081906
   -1    1    0   14    4    0.011860    0.005283
   -1    1    0   15    4   -0.008918   -0.003865
   -1    1    0   16    4   -0.036319   -0.001462
   -1    1    0    1    5   -0.437577   -0.000573
   -1    1    0    2    5   -0.133488   -0.000667
   -1    1    0    3    5   -0.388975    0.018805
   -1    1    0    4    5    0.234610    0.010311
   -1    1    0    5    5    0.228034   -0.000000
   -1    1    0    6    5    0.089897    0.000796
   -1    1    0    7    5   -0.015318   -0.000313
   -1    1    0    8    5    0.008216   -0.017826
   -1    1    0    9    5    0.159562   -0.000806
   -1    1    0   10    5   -0.147846   -0.001343
   -1    1    0   11    5   -0.008938   -0.018497
   -1    1    0   12    5    0.042794   -0.013785
   -1    1    0   13    5   -0.085029    0.001902
   -1    1    0   14    5    0.065718    0.001187
   -1    1    0   15    5    0.011168    0.008919
   -1    1    0   16    5    0.000945    0.020627
   -1    1    0    1    6    0.019630    0.001365
   -1    1    0    2    6   -0.042961   -0.000046
   -1    1    0    3    6   -0.082035   -0.013148
   -1    1    0    4    6    0.063401   -0.022648
   -1    1    0    5    6    0.116122   -0.000804
   -1    1    0    6    6   -0.148592    0.000000
   -1    1    0    7    6   -0.089507   -0.011410
   -1    1    0    8    6    0.047226   -0.019548
   -1    1    0    9    6   -0.027497   -0.000023
   -1    1    0   10    6    0.071158    0.000185
   -1    1    0   11    6   -0.033442   -0.022524
   -1    1    0   12    6    0.041854   -0.017367
   -1    1    0   13    6    0.096433   -0.000023
   -1    1    0   14    6   -0.021500   -0.000136
   -1    1    0   15    6   -0.012817    0.003893
   -1    1    0   16    6   -0.014507    0.019073
   -1    1    0    1    7    0.416160   -0.031728
   -1    1    0    2    7    0.041996   -0.018228
   -1    1    0    3    7   -0.065434   -0.006692
   -1    1    0    4    7   -0.231256    0.001746
   -1    1    0    5    7   -0.251019    0.018903
   -1    1    0    6    7    0.000768    0.012006
   -1    1    0    7    7    0.128399    0.003846
   -1    1    0    8    7   -0.055241    0.012465
   -1    1    0    9    7    0.131303   -0.013963
   -1    1    0   10    7   -0.008396   -0.008265
   -1    1    0   11    7   -0.135244   -0.004732
   -1    1    0   12    7    0.076354    0.017058
   -1    1    0   13    7   -0.027105   -0.003708
   -1    1    0   14    7   -0.026144    0.019154
   -1    1    0   15    7    0.014687   -0.012700
   -1    1    0   16    7    0.040744   -0.018962
   -1    1    0    1    8   -0.251691   -0.029624
   -1    1    0    2    8   -0.042887   -0.028714
   -1    1    0    3    8   -0.235896   -0.019024
   -1    1    0    4    8   -0.327898    0.007784
   -1    1    0    5    8    0.157154    0.015354
   -1    1    0    6    8   -0.005077    0.019604
   -1    1    0    7    8   -0.008247   -0.004265
   -1    1    0    8    8    0.087989   -0.003715
   -1    1    0    9    8   -0.089348   -0.019228
   -1    1    0   10    8   -0.008920   -0.015334
   -1    1    0   11    8    0.067897   -0.029272
   -1    1    0   12    8   -0.003713   -0.003763
   -1    1    0   13    8    0.018830   -0.020038
   -1    1    0   14    8    0.022625    0.035332
   -1    1    0   15    8    0.021772    0.000580
   -1    1    0   16    8    0.046784   -0.001948
   -1    1    0    1    9    0.030868   -0.000795
   -1    1    0    2    9    0.015162   -0.000022
   -1    1    0    3    9   -0.033929    0.004877
   -1    1    0    4    9    0.017688    0.008578
   -1    1    0    5    9   -0.067783    0.000799
   -1    1    0    6    9   -0.132159    0.000025
   -1    1    0    7    9   -0.006990    0.009680
   -1    1    0    8    9   -0.002335    0.016719
   -1    1    0    9    9    0.064101   -0.000002
   -1    1    0   10    9   -0.004080   -0.000014
   -1    1    0   11    9    0.296554    0.010917
   -1    1    0   12    9   -0.164446   -0.006267
   -1    1    0   13    9   -0.140211    0.000011
   -1    1    0   14    9   -0.039301    0.000014
   -1    1    0   15    9    0.014034    0.008596
   -1    1    0   16    9   -0.002699   -0.001397
   -1    1    0    1   10   -0.120202   -0.001357
   -1    1    0    2   10   -0.029224    0.000185
   -1    1    0    3   10   -0.011367    0.015995
   -1    1    0    4   10    0.001540    0.029429
   -1    1    0    5   10    0.224114    0.001344
   -1    1    0    6   10    0.002849   -0.000185
   -1    1    0    7   10    0.016439    0.007022
   -1    1    0    8   10   -0.024559    0.014270
   -1    1    0    9   10   -0.002382    0.000017
   -1    1    0   10   10   -0.066426    0.000000
   -1    1    0   11   10    0.133187   -0.006320
   -1    1    0   12   10   -0.051944   -0.023952
   -1    1    0   13   10   -0.247193   -0.000022
   -1    1    0   14   10    0.064158   -0.000001
   -1    1    0   15   10   -0.031451    0.011005
   -1    1    0   16   10    0.007639    0.011683
   -1    1    0    1   11   -0.003152    0.012111
   -1    1    0    2   11   -0.025898    0.000861
   -1    1    0    3   11    0.014718   -0.006266
   -1    1    0    4   11   -0.015288    0.009294
   -1    1    0    5   11    0.010267    0.006368
   -1    1    0    6   11    0.038040    0.022284
   -1    1    0    7   11    0.105358    0.005259
   -1    1    0    8   11   -0.025164    0.035454
   -1    1    0    9   11   -0.036681    0.001444
   -1    1    0   10   11   -0.121099    0.008906
   -1    1    0   11   11   -0.053397   -0.008777
   -1    1    0   12   11   -0.043465    0.003710
   -1    1    0   13   11   -0.088758    0.009232
   -1    1    0   14   11    0.046326    0.009269
   -1    1    0   15   11   -0.057198    0.004074
   -1    1    0   16   11    0.002588    0.007696
   -1    1    0    1   12    0.033295    0.014904
   -1    1    0    2   12    0.049417    0.024421
   -1    1    0    3   12    0.010041    0.012852
   -1    1    0    4   12    0.005263    0.011349
   -1    1    0    5   12   -0.005188    0.018455
   -1    1    0    6   12   -0.000598    0.017344
   -1    1    0    7   12   -0.013994   -0.029145
   -1    1    0    8   12    0.130748   -0.008035
   -1    1    0    9   12    0.018255   -0.007060
   -1    1    0   10   12    0.092703    0.021520
   -1    1    0   11   12   -0.018487    0.015146
   -1    1    0   12   12   -0.092562    0.008573
   -1    1    0   13   12    0.051953   -0.022272
   -1    1    0   14   12   -0.018797    0.014432
   -1    1    0   15   12    0.019181    0.005677
   -1    1    0   16   12   -0.045867   -0.003286
   -1    1    0    1   13   -0.024685    0.001902
   -1    1    0    2   13   -0.045964   -0.000022
   -1    1    0    3   13   -0.043008   -0.052213
   -1    1    0    4   13    0.049767   -0.075676
   -1    1    0    5   13    0.029558   -0.001899
   -1    1    0    6   13    0.054601    0.000020
   -1    1    0    7   13   -0.070320    0.005586
   -1    1    0    8   13    0.040685    0.025429
   -1    1    0    9   13   -0.124476   -0.000011
   -1    1    0   10   13    0.089833    0.000024
   -1    1    0   11   13   -0.146436   -0.011933
   -1    1    0   12   13    0.074900    0.013837
   -1    1    0   13   13    0.196934    0.000006
   -1    1    0   14   13   -0.058475   -0.000018
   -1    1    0   15   13   -0.042694   -0.029369
   -1    1    0   16   13    0.021120   -0.031514
   -1    1    0    1   14    0.078381    0.001194
   -1    1    0    2   14    0.029895   -0.000135
   -1    1    0    3   14   -0.054309   -0.000260
   -1    1    0    4   14    0.040120   -0.004319
   -1    1    0    5   14    0.000985   -0.001184
   -1    1    0    6   14   -0.003417    0.000136
   -1    1    0    7   14   -0.036137   -0.017439
   -1    1    0    8   14    0.029556   -0.034264
   -1    1    0    9   14    0.030067   -0.000015
   -1    1    0   10   14   -0.057827    0.000001
   -1    1    0   11   14    0.038966   -0.011706
   -1    1    0   12   14   -0.015368   -0.012914
   -1    1    0   13   14   -0.012875    0.000020
   -1    1    0   14   14   -0.064968    0.000000
   -1    1    0   15   14    0.028471    0.007120
   -1    1    0   16   14   -0.028890    0.015587
   -1    1    0    1   15   -0.026009    0.004456
   -1    1    0    2   15   -0.049194   -0.015186
   -1    1    0    3   15    0.011427   -0.002780
   -1    1    0    4   15   -0.000281    0.019862
   -1    1    0    5   15   -0.011511   -0.011190
   -1    1    0    6   15   -0.016552   -0.003945
   -1    1    0    7   15    0.070031    0.009327
   -1    1    0    8   15   -0.084953    0.003119
   -1    1    0    9   15    0.330463    0.000255
   -1    1    0   10   15   -0.069082   -0.008922
   -1    1    0   11   15    0.030881   -0.002792
   -1    1    0   12   15   -0.408870   -0.011235
   -1    1    0   13   15   -0.024057    0.030420
   -1    1    0   14   15    0.005851   -0.008757
   -1    1    0   15   15    0.084396    0.004962
   -1    1    0   16   15   -0.040129    0.006010
   -1    1    0    1   16    0.005179    0.007431
   -1    1    0    2   16    0.008232   -0.012379
   -1    1    0    3   16   -0.014047   -0.002990
   -1    1    0    4   16    0.037362    0.000302
   -1    1    0    5   16   -0.006646   -0.021145
   -1    1    0    6   16   -0.013201   -0.019176
   -1    1    0    7   16   -0.065750    0.013207
   -1    1    0    8   16   -0.004711   -0.006917
   -1    1    0    9   16   -0.193969   -0.006119
   -1    1    0   10   16    0.028064   -0.013259
   -1    1    0   11   16   -0.393939    0.009937
   -1    1    0   12   16   -0.423962    0.001764
   -1    1    0   13   16    0.015108    0.023294
   -1    1    0   14   16   -0.015508   -0.014780
   -1    1    0   15   16   -0.037697   -0.009436
   -1    1    0   16   16    0.042121   -0.005048
    0   -2    0    1    1   -0.179142   -0.000000
    0   -2    0    2    1   -0.040533    0.001256
    0   -2    0    3    1    0.178347   -0.005938
    0   -2    0    4    1    0.180399    0.016681
    0   -2    0    5    1    0.300801    0.000562
    0   -2    0    6    1    0.019364   -0.001334
    0   -2    0    7    1    0.082599   -0.000894
    0   -2    0    8    1    0.175972    0.035248
    0   -2    0    9    1   -0.048621    0.000805
    0   -2    0   10    1   -0.027225    0.001339
    0   -2    0   11    1    0.058349   -0.002130
    0   -2    0   12    1    0.037370   -0.010654
    0   -2    0   13    1    0.091425   -0.001882
    0   -2    0   14    1    0.067266   -0.001204
    0   -2    0   15    1    0.000554    0.000767
    0   -2    0   16    1   -0.004336   -0.002068
    0   -2    0    1    2   -0.040533   -0.001256
    0   -2    0    2    2   -0.202070   -0.000000
    0   -2    0    3    2   -0.008241    0.005303
    0   -2    0    4    2    0.060557    0.010139
    0   -2    0    5    2   -0.098609    0.000672
    0   -2    0    6    2    0.205105    0.000046
    0   -2    0    7    2   -0.054094    0.016445
    0   -2    0    8    2   -0.010372    0.029629
    0   -2    0    9    2    0.012669    0.000025
    0   -2    0   10    2   -0.005402   -0.000185
    0   -2    0   11    2    0.066325   -0.002823
    0   -2    0   12    2    0.049879   -0.018105
    0   -2    0   13    2   -0.114764    0.000020
    0   -2    0   14    2    0.013479    0.000135
    0   -2    0   15    2   -0.032881    0.013698
    0   -2    0   16    2    0.002150    0.017080
    0   -2    0    1    3    0.178347    0.005938
    0   -2    0    2    3   -0.008241   -0.005303
    0   -2    0    3    3    0.301462   -0.000000
    0   -2    0    4    3   -0.056448   -0.021348
    0   -2    0    5    3   -0.106044   -0.026111
    0   -2    0    6    3    0.065269    0.013561
    0   -2    0    7    3    0.354008    0.005907
    0   -2    0    8    3    0.113419    0.036345
    0   -2    0    9    3    0.034118   -0.010401
    0   -2    0   10    3    0.002278   -0.020778
    0   -2    0   11    3   -0.060316    0.010449
    0   -2    0   12    3   -0.053407   -0.012618
    0   -2    0   13    3    0.040895    0.039652
    0   -2    0   14    3    0.003298    0.005467
    0   -2    0   15    3    0.036160    0.001769
    0   -2    0   16    3    0.038750    0.005648
    0   -2    0    1    4    0.180399   -0.016681
    0   -2    0    2    4    0.060557   -0.010139
    0   -2    0    3    4   -0.056448    0.021348
    0   -2    0    4    4    0.184033   -0.000000
    0   -2    0    5    4   -0.216231   -0.002715
    0   -2    0    6    4   -0.025109    0.022600
    0   -2    0    7    4   -0.080565   -0.013645
    0   -2    0    8    4   -0.012746   -0.006969
    0   -2    0    9    4    0.019143   -0.006957
    0   -2    0   10    4    0.025216   -0.027350
    0   -2    0   11    4   -0.082539   -0.003680
    0   -2    0   12    4    0.035644   -0.016790
    0   -2    0   13    4   -0.003866    0.087304
    0   -2    0   14    4    0.033805    0.002003
    0   -2    0   15    4   -0.072913   -0.010707
    0   -2    0   16    4    0.040588   -0.001080
    0   -2    0    1    5    0.300801   -0.000562
    0   -2    0    2    5   -0.098609   -0.000672
    0   -2    0    3    5   -0.106044    0.026111
    0   -2    0    4    5   -0.216231    0.002715
    0   -2    0    5    5   -0.346022   -0.000000
    0   -2    0    6    5    0.104671    0.000776
    0   -2    0    7    5   -0.094429    0.014023
    0   -2    0    8    5   -0.122273   -0.023458
    0   -2    0    9    5    0.033504   -0.000806
    0   -2    0   10    5   -0.049753   -0.001330
    0   -2    0   11    5    0.026941   -0.015997
    0   -2    0   12    5    0.005751   -0.029755
    0   -2    0   13    5    0.028098    0.001898
    0   -2    0   14    5    0.021595    0.001192
    0   -2    0   15    5    0.053532    0.007113
    0   -2    0   16    5    0.026614    0.011159
    0   -2    0    1    6    0.019364    0.001334
    0   -2    0    2    6    0.205105   -0.000046
    0   -2    0    3    6    0.065269   -0.013561
    0   -2    0    4    6   -0.025109   -0.022600
    0   -2    0    5    6    0.104671   -0.000776
    0   -2    0    6    6   -0.229653   -0.000000
    0   -2    0    7    6    0.040080   -0.011657
    0   -2    0    8    6   -0.029174   -0.019469
    0   -2    0    9    6    0.013292   -0.000018
    0   -2    0   10    6    0.001576    0.000184
    0   -2    0   11    6    0.007701   -0.025308
    0   -2    0   12    6    0.064600   -0.024983
    0   -2    0   13    6    0.014045   -0.000021
    0   -2    0   14    6    0.009045   -0.000135
    0   -2    0   15    6   -0.021501    0.001777
    0   -2    0   16    6   -0.008352    0.013535
    0   -2    0    1    7    0.082599    0.000894
    0   -2    0    2    7   -0.054094   -0.016445
    0   -2    0    3    7    0.354008   -0.005907
    0   -2    0    4    7   -0.080565    0.013645
    0   -2    0    5    7   -0.094429   -0.014023
    0   -2    0    6    7    0.040080    0.011657
    0   -2    0    7    7    0.335677   -0.000000
    0   -2    0    8    7    0.064135    0.017852
    0   -2    0    9    7   -0.070514   -0.014743
    0   -2    0   10    7    0.009725   -0.011869
    0   -2    0   11    7   -0.063237    0.008118
    0   -2    0   12    7   -0.128889    0.016371
    0   -2    0   13    7    0.056965   -0.020287
    0   -2    0   14    7    0.003712    0.022406
    0   -2    0   15    7   -0.008302   -0.003849
    0   -2    0   16    7    0.048024   -0.016149
    0   -2    0    1    8    0.175972   -0.035248
    0   -2    0    2    8   -0.010372   -0.029629
    0   -2    0    3    8    0.113419   -0.036345
    0   -2    0    4    8   -0.012746    0.006969
    0   -2    0    5    8   -0.122273    0.023458
    0   -2    0    6    8   -0.029174    0.019469
    0   -2    0    7    8    0.064135   -0.017852
    0   -2    0    8    8    0.104529   -0.000000
    0   -2    0    9    8   -0.057314   -0.016140
    0   -2    0   10    8    0.048799   -0.012510
    0   -2    0   11    8    0.058654   -0.021327
    0   -2    0   12    8   -0.061103   -0.005368
    0   -2    0   13    8    0.002823   -0.013430
    0   -2    0   14    8   -0.007764    0.032149
    0   -2    0   15    8    0.031933    0.007864
    0   -2    0   16    8   -0.044562    0.000502
    0   -2    0    1    9   -0.048621   -0.000805
    0   -2    0    2    9    0.012669   -0.000025
    0   -2    0    3    9    0.034118    0.010401
    0   -2    0    4    9    0.019143    0.006957
    0   -2    0    5    9    0.033504    0.000806
    0   -2    0    6    9    0.013292    0.000018
    0   -2    0    7    9   -0.070514    0.014743
    0   -2    0    8    9   -0.057314    0.016140
    0   -2    0    9    9    0.118680    0.000000
    0   -2    0   10    9    0.014817   -0.000016
    0   -2    0   11    9    0.049555   -0.005510
    0   -2    0   12    9    0.052977    0.000850
    0   -2    0   13    9   -0.194942    0.000006
    0   -2    0   14    9    0.010665    0.000015
    0   -2    0   15    9    0.065694   -0.003207
    0   -2    0   16    9    0.081374    0.003716
    0   -2    0    1   10   -0.027225   -0.001339
    0   -2    0    2   10   -0.005402    0.000185
    0   -2    0    3   10    0.002278    0.020778
    0   -2    0    4   10    0.025216    0.027350
    0   -2    0    5   10   -0.049753    0.001330
    0   -2    0    6   10    0.001576   -0.000184
    0   -2    0    7   10    0.009725    0.011869
    0   -2    0    8   10    0.048799    0.012510
    0   -2    0    9   10    0.014817    0.000016
    0   -2    0   10   10   -0.208374    0.000000
    0   -2    0   11   10    0.009186   -0.000136
    0   -2    0   12   10   -0.021932   -0.014660
    0   -2    0   13   10    0.072423   -0.000019
    0   -2    0   14   10    0.168182   -0.000001
    0   -2    0   15   10    0.054521    0.015545
    0   -2    0   16   10   -0.038536    0.018650
    0   -2    0    1   11    0.058349    0.002130
    0   -2    0    2   11    0.066325    0.002823
    0   -2    0    3   11   -0.060316   -0.010449
    0   -2    0    4   11   -0.082539    0.003680
    0   -2    0    5   11    0.026941    0.015997
    0   -2    0    6   11    0.007701    0.025308
    0   -2    0    7   11   -0.063237   -0.008118
    0   -2    0    8   11    0.058654    0.021327
    0   -2    0    9   11    0.049555    0.005510
    0   -2    0   10   11    0.009186    0.000136
    0   -2    0   11   11    0.452000   -0.000000
    0   -2    0   12   11   -0.151235    0.016713
    0   -2    0   13   11    0.248346   -0.024136
    0   -2    0   14   11   -0.065932    0.021885
    0   -2    0   15   11    0.129584    0.001359
    0   -2    0   16   11   -0.011999   -0.005698
    0   -2    0    1   12    0.037370    0.010654
    0   -2    0    2   12    0.049879    0.018105
    0   -2    0    3   12   -0.053407    0.012618
    0   -2    0    4   12    0.035644    0.016790
    0   -2    0    5   12    0.005751    0.029755
    0   -2    0    6   12    0.064600    0.024983
    0   -2    0    7   12   -0.128889   -0.016371
    0   -2    0    8   12   -0.061103    0.005368
    0   -2    0    9   12    0.052977   -0.000850
    0   -2    0   10   12   -0.021932    0.014660
    0   -2    0   11   12   -0.151235   -0.016713
    0   -2    0   12   12    0.510265    0.000000
    0   -2    0   13   12   -0.251193   -0.025307
    0   -2    0   14   12    0.013992    0.022482
    0   -2    0   15   12   -0.049107   -0.001703
    0   -2    0   16   12    0.078729   -0.000315
    0   -2    0    1   13    0.091425    0.001882
    0   -2    0    2   13   -0.114764   -0.000020
    0   -2    0    3   13    0.040895   -0.039652
    0   -2    0    4   13   -0.003866   -0.087304
    0   -2    0    5   13    0.028098   -0.001898
    0   -2    0    6   13    0.014045    0.000021
    0   -2    0    7   13    0.056965    0.020287
    0   -2    0    8   13    0.002823    0.013430
    0   -2    0    9   13   -0.194942   -0.000006
    0   -2    0   10   13    0.072423    0.000019
    0   -2    0   11   13    0.248346    0.024136
    0   -2    0   12   13   -0.251193    0.025307
    0   -2    0   13   13   -0.579853   -0.000000
    0   -2    0   14   13   -0.001618   -0.000019
    0   -2    0   15   13    0.148423   -0.005544
    0   -2    0   16   13    0.007821   -0.020667
    0   -2    0    1   14    0.067266    0.001204
    0   -2    0    2   14    0.013479   -0.000135
    0   -2    0    3   14    0.003298   -0.005467
    0   -2    0    4   14    0.033805   -0.002003
    0   -2    0    5   14    0.021595   -0.001192
    0   -2    0    6   14    0.009045    0.000135
    0   -2    0    7   14    0.003712   -0.022406
    0   -2    0    8   14   -0.007764   -0.032149
    0   -2    0    9   14    0.010665   -0.000015
    0   -2    0   10   14    0.168182    0.000001
    0   -2    0   11   14   -0.065932   -0.021885
    0   -2    0   12   14    0.013992   -0.022482
    0   -2    0   13   14   -0.001618    0.000019
    0   -2    0   14   14   -0.123558   -0.000000
    0   -2    0   15   14   -0.012602   -0.000586
    0   -2    0   16   14    0.022752    0.008586
    0   -2    0    1   15    0.000554   -0.000767
    0   -2    0    2   15   -0.032881   -0.013698
    0   -2    0    3   15    0.036160   -0.001769
    0   -2    0    4   15   -0.072913    0.010707
    0   -2    0    5   15    0.053532   -0.007113
    0   -2    0    6   15   -0.021501   -0.001777
    0   -2    0    7   15   -0.008302    0.003849
    0   -2    0    8   15    0.031933   -0.007864
    0   -2    0    9   15    0.065694    0.003207
    0   -2    0   10   15    0.054521   -0.015545
    0   -2    0   11   15    0.129584   -0.001359
    0   -2    0   12   15   -0.049107    0.001703
    0   -2    0   13   15    0.148423    0.005544
    0   -2    0   14   15   -0.012602    0.000586
    0   -2    0   15   15    0.147477   -0.000000
    0   -2    0   16   15    0.019808    0.003256
    0   -2    0    1   16   -0.004336    0.002068
    0   -2    0    2   16    0.002150   -0.017080
    0   -2    0    3   16    0.038750   -0.005648
    0   -2    0    4   16    0.040588    0.001080
    0   -2    0    5   16    0.026614   -0.011159
    0   -2    0    6   16   -0.008352   -0.013535
    0   -2    0    7   16    0.048024    0.016149
    0   -2    0    8   16   -0.044562   -0.000502
    0   -2    0    9   16    0.081374   -0.003716
    0   -2    0   10   16   -0.038536   -0.018650
    0   -2    0   11   16   -0.011999    0.005698
    0   -2    0   12   16    0.078729    0.000315
    0   -2    0   13   16    0.007821    0.020667
    0   -2    0   14   16    0.022752   -0.008586
    0   -2    0   15   16    0.019808   -0.003256
    0   -2    0   16   16    0.129985   -0.000000
    0   -1    0    1    1   -0.999019    0.000006
    0   -1    0    2    1   -0.099228    0.001262
    0   -1    0    3    1   -0.863667    0.034709
    0   -1    0    4    1    0.637200    0.039514
    0   -1    0    5    1   -3.699134    0.000570
    0   -1    0    6    1    0.092481   -0.001362
    0   -1    0    7    1    0.022600   -0.002223
    0   -1    0    8    1    5.360743   -0.017816
    0   -1    0    9    1    0.106581    0.000796
    0   -1    0   10    1   -0.107228    0.001334
    0   -1    0   11    1    0.005662   -0.012061
    0   -1    0   12    1   -0.040802   -0.006329
    0   -1    0   13    1   -0.098492   -0.001893
    0   -1    0   14    1    0.132589   -0.001198
    0   -1    0   15    1    0.016859   -0.013456
    0   -1    0   16    1    0.113774   -0.012297
    0   -1    0    1    2   -0.099237   -0.001230
    0   -1    0    2    2    0.009626    0.000000
    0   -1    0    3    2   -0.036983    0.017879
    0   -1    0    4    2    0.006105    0.029722
    0   -1    0    5    2   -0.080605    0.000664
    0   -1    0    6    2   -2.593847    0.000046
    0   -1    0    7    2    0.021055    0.005968
    0   -1    0    8    2    0.111211    0.009290
    0   -1    0    9    2    0.084203    0.000019
    0   -1    0   10    2   -0.030544   -0.000185
    0   -1    0   11    2   -0.052709    0.019215
    0   -1    0   12    2    0.021310    0.023053
    0   -1    0   13    2    0.001010    0.000020
    0   -1    0   14    2    0.033757    0.000135
    0   -1    0   15    2    0.004623   -0.005165
    0   -1    0   16    2   -0.013506   -0.013467
    0   -1    0    1    3    0.063240    0.024401
    0   -1    0    2    3   -0.023761   -0.016795
    0   -1    0    3    3   -0.085184    0.015557
    0   -1    0    4    3   -0.291077    0.030424
    0   -1    0    5    3    0.010470   -0.036490
    0   -1    0    6    3   -0.015086    0.010885
    0   -1    0    7    3   -1.589132    0.003645
    0   -1    0    8    3   -0.031456   -0.021110
    0   -1    0    9    3   -0.046316   -0.010455
    0   -1    0   10    3    0.012222   -0.007614
    0   -1    0   11    3   -0.023821   -0.007822
    0   -1    0   12    3    0.057717    0.012178
    0   -1    0   13    3   -0.020004   -0.014296
    0   -1    0   14    3    0.000738    0.018998
    0   -1    0   15    3   -0.069419   -0.005295
    0   -1    0   16    3    0.013049   -0.012181
    0   -1    0    1    4   -1.018238   -0.001511
    0   -1    0    2    4   -0.017854   -0.029176
    0   -1    0    3    4   -1.230244    0.010567
    0   -1    0    4    4    0.669972   -0.016321
    0   -1    0    5    4   -5.278931   -0.025662
    0   -1    0    6    4   -0.063415    0.018603
    0   -1    0    7    4   -0.001603    0.036764
    0   -1    0    8    4    4.598202   -0.003283
    0   -1    0    9    4    0.100018   -0.014987
    0   -1    0   10    4   -0.092957   -0.010764
    0   -1    0   11    4    0.044328   -0.034919
    0   -1    0   12    4    0.011021   -0.003590
    0   -1    0   13    4   -0.170310   -0.016297
    0   -1    0   14    4    0.024125    0.032148
    0   -1    0   15    4   -0.002258    0.000882
    0   -1    0   16    4   -0.038201    0.007700
    0   -1    0    1    5    0.300850   -0.000570
    0   -1    0    2    5   -0.098609   -0.000685
    0   -1    0    3    5   -0.252721   -0.018133
    0   -1    0    4    5   -0.091024   -0.021736
    0   -1    0    5    5   -1.161743   -0.000016
    0   -1    0    6    5    0.085472    0.000772
    0   -1    0    7    5   -0.082700   -0.006633
    0   -1    0    8    5    0.953357   -0.010443
    0   -1    0    9    5    0.033501   -0.000810
    0   -1    0   10    5   -0.049729   -0.001337
    0   -1    0   11    5   -0.017668    0.024976
    0   -1    0   12    5    0.022345    0.013278
    0   -1    0   13    5   -0.102738    0.001903
    0   -1    0   14    5    0.019156    0.001193
    0   -1    0   15    5   -0.041408    0.009288
    0   -1    0   16    5    0.014417   -0.002112
    0   -1    0    1    6    0.019366    0.001368
    0   -1    0    2    6    0.205104   -0.000046
    0   -1    0    3    6   -0.017867   -0.012148
    0   -1    0    4    6   -0.009350   -0.019391
    0   -1    0    5    6    0.085471   -0.000799
    0   -1    0    6    6   -0.008391   -0.000000
    0   -1    0    7    6   -0.017337   -0.014279
    0   -1    0    8    6    0.022057   -0.023283
    0   -1    0    9    6    0.013295   -0.000025
    0   -1    0   10    6    0.001577    0.000185
    0   -1    0   11    6    0.041531    0.007181
    0   -1    0   12    6   -0.020329    0.018402
    0   -1    0   13    6   -0.015828   -0.000022
    0   -1    0   14    6   -0.019621   -0.000136
    0   -1    0   15    6    0.029955   -0.010933
    0   -1    0   16    6    0.017629   -0.017879
    0   -1    0    1    7    0.179310    0.010420
    0   -1    0    2    7    0.000142   -0.005920
    0   -1    0    3    7    0.229565    0.009777
    0   -1    0    4    7    0.260709    0.015314
    0   -1    0    5    7    0.829352   -0.014146
    0   -1    0    6    7    0.019585    0.013364
    0   -1    0    7    7   -0.169646   -0.011457
    0   -1    0    8    7   -1.086962   -0.010435
    0   -1    0    9    7   -0.075973   -0.004908
    0   -1    0   10    7    0.063410   -0.016810
    0   -1    0   11    7   -0.066534   -0.007951
    0   -1    0   12    7    0.124631   -0.025030
    0   -1    0   13    7    0.065740    0.046246
    0   -1    0   14    7   -0.017191    0.001327
    0   -1    0   15    7   -0.077912   -0.002176
    0   -1    0   16    7    0.066460    0.003233
    0   -1    0    1    8    0.100958   -0.022020
    0   -1    0    2    8    0.056293   -0.010197
    0   -1    0    3    8    0.030379    0.004594
    0   -1    0    4    8    0.112974   -0.009193
    0   -1    0    5    8   -0.583903    0.004136
    0   -1    0    6    8   -0.040288    0.022741
    0   -1    0    7    8   -0.527538   -0.016633
    0   -1    0    8    8    0.674784    0.010647
    0   -1    0    9    8   -0.036752   -0.007326
    0   -1    0   10    8    0.020101   -0.027686
    0   -1    0   11    8   -0.107121    0.009799
    0   -1    0   12    8   -0.032466   -0.009888
    0   -1    0   13    8   -0.059735    0.088363
    0   -1    0   14    8    0.021337    0.002137
    0   -1    0   15    8   -0.135842   -0.006811
    0   -1    0   16    8    0.051545   -0.004489
    0   -1    0    1    9    0.106604   -0.000801
    0   -1    0    2    9    0.084198   -0.000027
    0   -1    0    3    9    0.060078    0.015548
    0   -1    0    4    9   -0.096920    0.016778
    0   -1    0    5    9    0.174256    0.000802
    0   -1    0    6    9   -0.127244    0.000023
    0   -1    0    7    9   -0.002436    0.006945
    0   -1    0    8    9   -0.032011    0.000897
    0   -1    0    9    9   -0.838950   -0.000000
    0   -1    0   10    9   -0.012451   -0.000013
    0   -1    0   11    9   -0.424733    0.003093
    0   -1    0   12    9    0.591390    0.002526
    0   -1    0   13    9   -2.899469    0.000006
    0   -1    0   14    9    0.071484    0.000015
    0   -1    0   15    9   -0.000698    0.005551
    0   -1    0   16    9    3.801530    0.011377
    0   -1    0    1   10   -0.107225   -0.001354
    0   -1    0    2   10   -0.030543    0.000186
    0   -1    0    3   10   -0.078138    0.009404
    0   -1    0    4   10    0.060459    0.012174
    0   -1    0    5   10    0.003796    0.001336
    0   -1    0    6   10    0.096392   -0.000185
    0   -1    0    7   10    0.005025    0.019389
    0   -1    0    8   10    0.026443    0.028977
    0   -1    0    9   10   -0.012454    0.000017
    0   -1    0   10   10   -0.114983   -0.000001
    0   -1    0   11   10    0.058326    0.010169
    0   -1    0   12   10   -0.050733    0.025223
    0   -1    0   13   10   -0.092337   -0.000020
    0   -1    0   14   10   -2.460190   -0.000001
    0   -1    0   15   10   -0.002739   -0.010967
    0   -1    0   16   10   -0.093855   -0.010408
    0   -1    0    1   11   -0.036075   -0.019684
    0   -1    0    2   11    0.000102   -0.019860
    0   -1    0    3   11    0.013878    0.008395
    0   -1    0    4   11   -0.005410    0.023195
    0   -1    0    5   11    0.008655   -0.014926
    0   -1    0    6   11    0.000660   -0.007260
    0   -1    0    7   11    0.118379   -0.008552
    0   -1    0    8   11   -0.023872   -0.009976
    0   -1    0    9   11    0.301054   -0.002844
    0   -1    0   10   11    0.003228   -0.009892
    0   -1    0   11   11   -0.278739    0.007061
    0   -1    0   12   11   -0.156950   -0.015348
    0   -1    0   13   11   -0.046714    0.044101
    0   -1    0   14   11    0.006560   -0.013840
    0   -1    0   15   11   -1.872721    0.008480
    0   -1    0   16   11   -0.010525    0.003531
    0   -1    0    1   12   -0.008281   -0.021392
    0   -1    0    2   12   -0.070658   -0.023592
    0   -1    0    3   12    0.032588   -0.012514
    0   -1    0    4   12   -0.035112   -0.000811
    0   -1    0    5   12    0.138997   -0.012150
    0   -1    0    6   12   -0.172402   -0.018999
    0   -1    0    7   12    0.017527    0.020018
    0   -1    0    8   12    0.013407    0.015398
    0   -1    0    9   12   -0.643549    0.005997
    0   -1    0   10   12    0.048340   -0.022700
    0   -1    0   11   12   -1.228889    0.016516
    0   -1    0   12   12    0.477865   -0.005971
    0   -1    0   13   12   -6.379463    0.018950
    0   -1    0   14   12    0.086775   -0.012192
    0   -1    0   15   12    0.019627    0.007703
    0   -1    0   16   12    3.895254   -0.008836
    0   -1    0    1   13    0.091459    0.001909
    0   -1    0    2   13   -0.114772   -0.000021
    0   -1    0    3   13   -0.020879    0.005466
    0   -1    0    4   13   -0.008299    0.013257
    0   -1    0    5   13   -0.102712   -0.001907
    0   -1    0    6   13   -0.015830    0.000020
    0   -1    0    7   13   -0.024251   -0.046972
    0   -1    0    8   13    0.099929   -0.080970
    0   -1    0    9   13   -0.194940   -0.000012
    0   -1    0   10   13    0.072426    0.000025
    0   -1    0   11   13   -0.111114   -0.042569
    0   -1    0   12   13    0.180325   -0.029393
    0   -1    0   13   13   -1.062197    0.000007
    0   -1    0   14   13    0.032133   -0.000019
    0   -1    0   15   13    0.103674   -0.013377
    0   -1    0   16   13    1.013934    0.011483
    0   -1    0    1   14    0.067276    0.001195
    0   -1    0    2   14    0.013478   -0.000136
    0   -1    0    3   14    0.025079   -0.020775
    0   -1    0    4   14   -0.028724   -0.031779
    0   -1    0    5   14    0.019162   -0.001187
    0   -1    0    6   14   -0.019620    0.000135
    0   -1    0    7   14    0.011419   -0.004681
    0   -1    0    8   14   -0.027712   -0.003894
    0   -1    0    9   14    0.010665   -0.000014
    0   -1    0   10   14    0.168185    0.000001
    0   -1    0   11   14   -0.021578    0.015125
    0   -1    0   12   14   -0.004423    0.011726
    0   -1    0   13   14    0.032129    0.000021
    0   -1    0   14   14    0.028676    0.000000
    0   -1    0   15   14   -0.005276   -0.002765
    0   -1    0   16   14    0.030630   -0.017566
    0   -1    0    1   15    0.009569    0.003194
    0   -1    0    2   15    0.006011    0.004940
    0   -1    0    3   15    0.021176    0.006946
    0   -1    0    4   15    0.049665   -0.002709
    0   -1    0    5   15   -0.008332    0.004836
    0   -1    0    6   15    0.021644    0.011406
    0   -1    0    7   15   -0.022119   -0.002575
    0   -1    0    8   15    0.031946    0.007385
    0   -1    0    9   15    0.112992   -0.005122
    0   -1    0   10   15    0.002274    0.009812
    0   -1    0   11   15    0.090209    0.003347
    0   -1    0   12   15    0.049856   -0.004857
    0   -1    0   13   15    0.945179    0.012717
    0   -1    0   14   15    0.009211    0.003385
    0   -1    0   15   15   -0.263979    0.002054
    0   -1    0   16   15   -0.821755   -0.000595
    0   -1    0    1   16    0.014139    0.008267
    0   -1    0    2   16   -0.018758    0.013309
    0   -1    0    3   16   -0.031993    0.010570
    0   -1    0    4   16    0.068584    0.004714
    0   -1    0    5   16   -0.028105    0.022090
    0   -1    0    6   16    0.033003    0.018578
    0   -1    0    7   16   -0.169025   -0.005146
    0   -1    0    8   16   -0.009819    0.006741
    0   -1    0    9   16    0.039240   -0.002809
    0   -1    0   10   16    0.034692    0.010449
    0   -1    0   11   16   -0.027083   -0.005288
    0   -1    0   12   16    0.116979   -0.003894
    0   -1    0   13   16   -0.462738   -0.019000
    0   -1    0   14   16    0.003514    0.016604
    0   -1    0   15   16   -0.396990    0.001495
    0   -1    0   16   16    0.443164   -0.001565
    0    0    0    1    1   -2.379201    0.000000
    0    0    0    2    1    0.012848    0.001224
    0    0    0    3    1   -0.039410   -0.007323
    0    0    0    4    1    0.057644   -0.013939
    0    0    0    5    1   -3.698937    0.000568
    0    0    0    6    1    0.092487   -0.001377
    0    0    0    7    1    4.547604    0.008870
    0    0    0    8    1   -2.614887    0.007231
    0    0    0    9    1    0.255874    0.000795
    0    0    0   10    1   -0.092828    0.001355
    0    0    0   11    1    0.015440   -0.022824
    0    0    0   12    1    0.010951   -0.024897
    0    0    0   13    1   -0.098520   -0.001901
    0    0    0   14    1    0.132574   -0.001192
    0    0    0   15    1    0.089539    0.001652
    0    0    0   16    1   -0.060352    0.018816
    0    0    0    1    2    0.012848   -0.001224
    0    0    0    2    2   -1.135662    0.000000
    0    0    0    3    2   -0.048376    0.005470
    0    0    0    4    2    0.037445    0.009345
    0    0    0    5    2   -0.080608    0.000664
    0    0    0    6    2   -2.593814    0.000046
    0    0    0    7    2    0.003686    0.017077
    0    0    0    8    2   -0.020248    0.029300
    0    0    0    9    2   -0.355120    0.000021
    0    0    0   10    2    0.409328   -0.000185
    0    0    0   11    2    0.021449   -0.003548
    0    0    0   12    2    0.024093   -0.018501
    0    0    0   13    2    0.001023    0.000022
    0    0    0   14    2    0.033756    0.000136
    0    0    0   15    2   -0.029224    0.013559
    0    0    0   16    2   -0.001872    0.017516
    0    0    0    1    3   -0.039410    0.007323
    0    0    0    2    3   -0.048376   -0.005470
    0    0    0    3    3   -2.302350    0.000000
    0    0    0    4    3   -0.077480   -0.003154
    0    0    0    5    3   -4.490545    0.018198
    0    0    0    6    3    0.019616    0.014706
    0    0    0    7    3    3.110680   -0.001577
    0    0    0    8    3   -2.793059   -0.021481
    0    0    0    9    3    0.001141   -0.000109
    0    0    0   10    3   -0.025596   -0.018478
    0    0    0   11    3    0.034156   -0.012362
    0    0    0   12    3    0.012413   -0.017500
    0    0    0   13    3   -0.088991    0.042316
    0    0    0   14    3    0.038318    0.004896
    0    0    0   15    3   -0.041665   -0.003142
    0    0    0   16    3   -0.018877    0.003225
    0    0    0    1    4    0.057644    0.013939
    0    0    0    2    4    0.037445   -0.009345
    0    0    0    3    4   -0.077480    0.003154
    0    0    0    4    4   -2.405587   -0.000000
    0    0    0    5    4    2.581230    0.017428
    0    0    0    6    4    0.003541    0.023396
    0    0    0    7    4   -2.796696    0.005278
    0    0    0    8    4   -0.113911    0.002463
    0    0    0    9    4   -0.003252   -0.000781
    0    0    0   10    4    0.009590   -0.029105
    0    0    0   11    4   -0.032703    0.015802
    0    0    0   12    4    0.014502   -0.002465
    0    0    0   13    4    0.081785    0.080477
    0    0    0   14    4   -0.013170    0.003723
    0    0    0   15    4   -0.021399   -0.006978
    0    0    0   16    4   -0.043860   -0.005890
    0    0    0    1    5   -3.698937   -0.000568
    0    0    0    2    5   -0.080608   -0.000664
    0    0    0    3    5   -4.490545   -0.018198
    0    0    0    4    5    2.581230   -0.017428
    0    0    0    5    5   -1.913826   -0.000000
    0    0    0    6    5    0.120268    0.000807
    0    0    0    7    5    0.017000    0.004558
    0    0    0    8    5   -0.048277    0.027552
    0    0    0    9    5    0.174284   -0.000805
    0    0    0   10    5    0.003766   -0.001340
    0    0    0   11    5    0.117500    0.020565
    0    0    0   12    5   -0.044881    0.001074
    0    0    0   13    5   -0.200328    0.001912
    0    0    0   14    5    0.240346    0.001186
    0    0    0   15    5   -0.025679    0.017356
    0    0    0   16    5   -0.011587    0.004531
    0    0    0    1    6    0.092487    0.001377
    0    0    0    2    6   -2.593814   -0.000046
    0    0    0    3    6    0.019616   -0.014706
    0    0    0    4    6    0.003541   -0.023396
    0    0    0    5    6    0.120268   -0.000807
    0    0    0    6    6   -1.179301    0.000000
    0    0    0    7    6    0.040120   -0.011979
    0    0    0    8    6   -0.029143   -0.018504
    0    0    0    9    6   -0.127239   -0.000025
    0    0    0   10    6    0.096392    0.000185
    0    0    0   11    6   -0.144543   -0.024272
    0    0    0   12    6    0.104564   -0.024088
    0    0    0   13    6    0.242070   -0.000021
    0    0    0   14    6    0.256486   -0.000136
    0    0    0   15    6   -0.023947    0.002293
    0    0    0   16    6   -0.009777    0.013753
    0    0    0    1    7    4.547604   -0.008870
    0    0    0    2    7    0.003686   -0.017077
    0    0    0    3    7    3.110680    0.001577
    0    0    0    4    7   -2.796696   -0.005278
    0    0    0    5    7    0.017000   -0.004558
    0    0    0    6    7    0.040120    0.011979
    0    0    0    7    7   -2.191934    0.000000
    0    0    0    8    7   -0.045930   -0.033287
    0    0    0    9    7   -0.021739   -0.009358
    0    0    0   10    7   -0.014498   -0.007904
    0    0    0   11    7    0.059809   -0.019543
    0    0    0   12    7    0.029677    0.008240
    0    0    0   13    7    0.028944   -0.012610
    0    0    0   14    7    0.014728    0.021381
    0    0    0   15    7    0.004433   -0.009690
    0    0    0   16    7    0.000287   -0.010076
    0    0    0    1    8   -2.614887   -0.007231
    0    0    0    2    8   -0.020248   -0.029300
    0    0    0    3    8   -2.793059    0.021481
    0    0    0    4    8   -0.113911   -0.002463
    0    0    0    5    8   -0.048277   -0.027552
    0    0    0    6    8   -0.029143    0.018504
    0    0    0    7    8   -0.045930    0.033287
    0    0    0    8    8   -2.264751   -0.000000
    0    0    0    9    8    0.011458   -0.016093
    0    0    0   10    8   -0.003634   -0.010690
    0    0    0   11    8    0.049839   -0.033188
    0    0    0   12    8    0.109560   -0.006685
    0    0    0   13    8   -0.018375   -0.014481
    0    0    0   14    8   -0.002119    0.032027
    0    0    0   15    8    0.003380   -0.001045
    0    0    0   16    8   -0.019309    0.000602
    0    0    0    1    9    0.255874   -0.000795
    0    0    0    2    9   -0.355120   -0.000021
    0    0    0    3    9    0.001141    0.000109
    0    0    0    4    9   -0.003252    0.000781
    0    0    0    5    9    0.174284    0.000805
    0    0    0    6    9   -0.127239    0.000025
    0    0    0    7    9   -0.021739    0.009358
    0    0    0    8    9    0.011458    0.016093
    0    0    0    9    9    1.923623    0.000000
    0    0    0   10    9   -0.177755   -0.000017
    0    0    0   11    9   -0.006400    0.011105
    0    0    0   12    9    0.007913    0.016437
    0    0    0   13    9   -2.899220    0.000014
    0    0    0   14    9    0.071484    0.000013
    0    0    0   15    9    3.285204   -0.004041
    0    0    0   16    9   -1.887366   -0.004831
    0    0    0    1   10   -0.092828   -0.001355
    0    0    0    2   10    0.409328    0.000185
    0    0    0    3   10   -0.025596    0.018478
    0    0    0    4   10    0.009590    0.029105
    0    0    0    5   10    0.003766    0.001340
    0    0    0    6   10    0.096392   -0.000185
    0    0    0    7   10   -0.014498    0.007904
    0    0    0    8   10   -0.003634    0.010690
    0    0    0    9   10   -0.177755    0.000017
    0    0    0   10   10    1.719718   -0.000000
    0    0    0   11   10    0.043390    0.002493
    0    0    0   12   10   -0.003153   -0.013864
    0    0    0   13   10   -0.092343   -0.000024
    0    0    0   14   10   -2.460160   -0.000001
    0    0    0   15   10   -0.057751    0.015694
    0    0    0   16   10    0.022862    0.016841
    0    0    0    1   11    0.015440    0.022824
    0    0    0    2   11    0.021449    0.003548
    0    0    0    3   11    0.034156    0.012362
    0    0    0    4   11   -0.032703   -0.015802
    0    0    0    5   11    0.117500   -0.020565
    0    0    0    6   11   -0.144543    0.024272
    0    0    0    7   11    0.059809    0.019543
    0    0    0    8   11    0.049839    0.033188
    0    0    0    9   11   -0.006400   -0.011105
    0    0    0   10   11    0.043390   -0.002493
    0    0    0   11   11   -0.229337    0.000000
    0    0    0   12   11   -0.033594    0.028176
    0    0    0   13   11   -5.373954   -0.022393
    0    0    0   14   11    0.027640    0.023629
    0    0    0   15   11    2.477042   -0.010902
    0    0    0   16   11   -2.528097   -0.006199
    0    0    0    1   12    0.010951    0.024897
    0    0    0    2   12    0.024093    0.018501
    0    0    0    3   12    0.012413    0.017500
    0    0    0    4   12    0.014502    0.002465
    0    0    0    5   12   -0.044881   -0.001074
    0    0    0    6   12    0.104564    0.024088
    0    0    0    7   12    0.029677   -0.008240
    0    0    0    8   12    0.109560    0.006685
    0    0    0    9   12    0.007913   -0.016437
    0    0    0   10   12   -0.003153    0.013864
    0    0    0   11   12   -0.033594   -0.028176
    0    0    0   12   12   -0.288487    0.000000
    0    0    0   13   12    3.102933   -0.010770
    0    0    0   14   12   -0.005772    0.024090
    0    0    0   15   12   -2.516162   -0.002926
    0    0    0   16   12   -0.442310    0.010026
    0    0    0    1   13   -0.098520    0.001901
    0    0    0    2   13    0.001023   -0.000022
    0    0    0    3   13   -0.088991   -0.042316
    0    0    0    4   13    0.081785   -0.080477
    0    0    0    5   13   -0.200328   -0.001912
    0    0    0    6   13    0.242070    0.000021
    0    0    0    7   13    0.028944    0.012610
    0    0    0    8   13   -0.018375    0.014481
    0    0    0    9   13   -2.899220   -0.000014
    0    0    0   10   13   -0.092343    0.000024
    0    0    0   11   13   -5.373954    0.022393
    0    0    0   12   13    3.102933    0.010770
    0    0    0   13   13   -7.372499    0.000000
    0    0    0   14   13   -0.064281   -0.000019
    0    0    0   15   13    0.069531    0.005794
    0    0    0   16   13   -0.045977   -0.011057
    0    0    0    1   14    0.132574    0.001192
    0    0    0    2   14    0.033756   -0.000136
    0    0    0    3   14    0.038318   -0.004896
    0    0    0    4   14   -0.013170   -0.003723
    0    0    0    5   14    0.240346   -0.001186
    0    0    0    6   14    0.256486    0.000136
    0    0    0    7   14    0.014728   -0.021381
    0    0    0    8   14   -0.002119   -0.032027
    0    0    0    9   14    0.071484   -0.000013
    0    0    0   10   14   -2.460160    0.000001
    0    0    0   11   14    0.027640   -0.023629
    0    0    0   12   14   -0.005772   -0.024090
    0    0    0   13   14   -0.064281    0.000019
    0    0    0   14   14   -2.567774   -0.000000
    0    0    0   15   14   -0.035665   -0.000469
    0    0    0   16   14    0.009368    0.009199
    0    0    0    1   15    0.089539   -0.001652
    0    0    0    2   15   -0.029224   -0.013559
    0    0    0    3   15   -0.041665    0.003142
    0    0    0    4   15   -0.021399    0.006978
    0    0    0    5   15   -0.025679   -0.017356
    0    0    0    6   15   -0.023947   -0.002293
    0    0    0    7   15    0.004433    0.009690
    0    0    0    8   15    0.003380    0.001045
    0    0    0    9   15    3.285204    0.004041
    0    0    0   10   15   -0.057751   -0.015694
    0    0    0   11   15    2.477042    0.010902
    0    0    0   12   15   -2.516162    0.002926
    0    0    0   13   15    0.069531   -0.005794
    0    0    0   14   15   -0.035665    0.000469
    0    0    0   15   15   -3.647415    0.000000
    0    0    0   16   15   -0.007099   -0.004060
    0    0    0    1   16   -0.060352   -0.018816
    0    0    0    2   16   -0.001872   -0.017516
    0    0    0    3   16   -0.018877   -0.003225
    0    0    0    4   16   -0.043860    0.005890
    0    0    0    5   16   -0.011587   -0.004531
    0    0    0    6   16   -0.009777   -0.013753
    0    0    0    7   16    0.000287    0.010076
    0    0    0    8   16   -0.019309   -0.000602
    0    0    0    9   16   -1.887366    0.004831
    0    0    0   10   16    0.022862   -0.016841
    0    0    0   11   16   -2.528097    0.006199
    0    0    0   12   16   -0.442310   -0.010026
    0    0    0   13   16   -0.045977    0.011057
    0    0    0   14   16    0.009368   -0.009199
    0    0    0   15   16   -0.007099    0.004060
    0    0    0   16   16   -3.659501    0.000000
    0    1    0    1    1   -0.999019   -0.000006
    0    1    0    2    1   -0.099237    0.001230
    0    1    0    3    1    0.063240   -0.024401
    0    1    0    4    1   -1.018238    0.001511
    0    1    0    5    1    0.300850    0.000570
    0    1    0    6    1    0.019366   -0.001368
    0    1    0    7    1    0.179310   -0.010420
    0    1    0    8    1    0.100958    0.022020
    0    1    0    9    1    0.106604    0.000801
    0    1    0   10    1   -0.107225    0.001354
    0    1    0   11    1   -0.036075    0.019684
    0    1    0   12    1   -0.008281    0.021392
    0    1    0   13    1    0.091459   -0.001909
    0    1    0   14    1    0.067276   -0.001195
    0    1    0   15    1    0.009569   -0.003194
    0    1    0   16    1    0.014139   -0.008267
    0    1    0    1    2   -0.099228   -0.001262
    0    1    0    2    2    0.009626   -0.000000
    0    1    0    3    2   -0.023761    0.016795
    0    1    0    4    2   -0.017854    0.029176
    0    1    0    5    2   -0.098609    0.000685
    0    1    0    6    2    0.205104    0.000046
    0    1    0    7    2    0.000142    0.005920
    0    1    0    8    2    0.056293    0.010197
    0    1    0    9    2    0.084198    0.000027
    0    1    0   10    2   -0.030543   -0.000186
    0    1    0   11    2    0.000102    0.019860
    0    1    0   12    2   -0.070658    0.023592
    0    1    0   13    2   -0.114772    0.000021
    0    1    0   14    2    0.013478    0.000136
    0    1    0   15    2    0.006011   -0.004940
    0    1    0   16    2   -0.018758   -0.013309
    0    1    0    1    3   -0.863667   -0.034709
    0    1    0    2    3   -0.036983   -0.017879
    0    1    0    3    3   -0.085184   -0.015557
    0    1    0    4    3   -1.230244   -0.010567
    0    1    0    5    3   -0.252721    0.018133
    0    1    0    6    3   -0.017867    0.012148
    0    1    0    7    3    0.229565   -0.009777
    0    1    0    8    3    0.030379   -0.004594
    0    1    0    9    3    0.060078   -0.015548
    0    1    0   10    3   -0.078138   -0.009404
    0    1    0   11    3    0.013878   -0.008395
    0    1    0   12    3    0.032588    0.012514
    0    1    0   13    3   -0.020879   -0.005466
    0    1    0   14    3    0.025079    0.020775
    0    1    0   15    3    0.021176   -0.006946
    0    1    0   16    3   -0.031993   -0.010570
    0    1    0    1    4    0.637200   -0.039514
    0    1    0    2    4    0.006105   -0.029722
    0    1    0    3    4   -0.291077   -0.030424
    0    1    0    4    4    0.669972    0.016321
    0    1    0    5    4   -0.091024    0.021736
    0    1    0    6    4   -0.009350    0.019391
    0    1    0    7    4    0.260709   -0.015314
    0    1    0    8    4    0.112974    0.009193
    0    1    0    9    4   -0.096920   -0.016778
    0    1    0   10    4    0.060459   -0.012174
    0    1    0   11    4   -0.005410   -0.023195
    0    1    0   12    4   -0.035112    0.000811
    0    1    0   13    4   -0.008299   -0.013257
    0    1    0   14    4   -0.028724    0.031779
    0    1    0   15    4    0.049665    0.002709
    0    1    0   16    4    0.068584   -0.004714
    0    1    0    1    5   -3.699134   -0.000570
    0    1    0    2    5   -0.080605   -0.000664
    0    1    0    3    5    0.010470    0.036490
    0    1    0    4    5   -5.278931    0.025662
    0    1    0    5    5   -1.161743    0.000016
    0    1    0    6    5    0.085471    0.000799
    0    1    0    7    5    0.829352    0.014146
    0    1    0    8    5   -0.583903   -0.004136
    0    1    0    9    5    0.174256   -0.000802
    0    1    0   10    5    0.003796   -0.001336
    0    1    0   11    5    0.008655    0.014926
    0    1    0   12    5    0.138997    0.012150
    0    1    0   13    5   -0.102712    0.001907
    0    1    0   14    5    0.019162    0.001187
    0    1    0   15    5   -0.008332   -0.004836
    0    1    0   16    5   -0.028105   -0.022090
    0    1    0    1    6    0.092481    0.001362
    0    1    0    2    6   -2.593847   -0.000046
    0    1    0    3    6   -0.015086   -0.010885
    0    1    0    4    6   -0.063415   -0.018603
    0    1    0    5    6    0.085472   -0.000772
    0    1    0    6    6   -0.008391    0.000000
    0    1    0    7    6    0.019585   -0.013364
    0    1    0    8    6   -0.040288   -0.022741
    0    1    0    9    6   -0.127244   -0.000023
    0    1    0   10    6    0.096392    0.000185
    0    1    0   11    6    0.000660    0.007260
    0    1    0   12    6   -0.172402    0.018999
    0    1    0   13    6   -0.015830   -0.000020
    0    1    0   14    6   -0.019620   -0.000135
    0    1    0   15    6    0.021644   -0.011406
    0    1    0   16    6    0.033003   -0.018578
    0    1    0    1    7    0.022600    0.002223
    0    1    0    2    7    0.021055   -0.005968
    0    1    0    3    7   -1.589132   -0.003645
    0    1    0    4    7   -0.001603   -0.036764
    0    1    0    5    7   -0.082700    0.006633
    0    1    0    6    7   -0.017337    0.014279
    0    1    0    7    7   -0.169646    0.011457
    0    1    0    8    7   -0.527538    0.016633
    0    1    0    9    7   -0.002436   -0.006945
    0    1    0   10    7    0.005025   -0.019389
    0    1    0   11    7    0.118379    0.008552
    0    1    0   12    7    0.017527   -0.020018
    0    1    0   13    7   -0.024251    0.046972
    0    1    0   14    7    0.011419    0.004681
    0    1    0   15    7   -0.022119    0.002575
    0    1    0   16    7   -0.169025    0.005146
    0    1    0    1    8    5.360743    0.017816
    0    1    0    2    8    0.111211   -0.009290
    0    1    0    3    8   -0.031456    0.021110
    0    1    0    4    8    4.598202    0.003283
    0    1    0    5    8    0.953357    0.010443
    0    1    0    6    8    0.022057    0.023283
    0    1    0    7    8   -1.086962    0.010435
    0    1    0    8    8    0.674784   -0.010647
    0    1    0    9    8   -0.032011   -0.000897
    0    1    0   10    8    0.026443   -0.028977
    0    1    0   11    8   -0.023872    0.009976
    0    1    0   12    8    0.013407   -0.015398
    0    1    0   13    8    0.099929    0.080970
    0    1    0   14    8   -0.027712    0.003894
    0    1    0   15    8    0.031946   -0.007385
    0    1    0   16    8   -0.009819   -0.006741
    0    1    0    1    9    0.106581   -0.000796
    0    1    0    2    9    0.084203   -0.000019
    0    1    0    3    9   -0.046316    0.010455
    0    1    0    4    9    0.100018    0.014987
    0    1    0    5    9    0.033501    0.000810
    0    1    0    6    9    0.013295    0.000025
    0    1    0    7    9   -0.075973    0.004908
    0    1    0    8    9   -0.036752    0.007326
    0    1    0    9    9   -0.838950    0.000000
    0    1    0   10    9   -0.012454   -0.000017
    0    1    0   11    9    0.301054    0.002844
    0    1    0   12    9   -0.643549   -0.005997
    0    1    0   13    9   -0.194940    0.000012
    0    1    0   14    9    0.010665    0.000014
    0    1    0   15    9    0.112992    0.005122
    0    1    0   16    9    0.039240    0.002809
    0    1    0    1   10   -0.107228   -0.001334
    0    1    0    2   10   -0.030544    0.000185
    0    1    0    3   10    0.012222    0.007614
    0    1    0    4   10   -0.092957    0.010764
    0    1    0    5   10   -0.049729    0.001337
    0    1    0    6   10    0.001577   -0.000185
    0    1    0    7   10    0.063410    0.016810
    0    1    0    8   10    0.020101    0.027686
    0    1    0    9   10   -0.012451    0.000013
    0    1    0   10   10   -0.114983    0.000001
    0    1    0   11   10    0.003228    0.009892
    0    1    0   12   10    0.048340    0.022700
    0    1    0   13   10    0.072426   -0.000025
    0    1    0   14   10    0.168185   -0.000001
    0    1    0   15   10    0.002274   -0.009812
    0    1    0   16   10    0.034692   -0.010449
    0    1    0    1   11    0.005662    0.012061
    0    1    0    2   11   -0.052709   -0.019215
    0    1    0    3   11   -0.023821    0.007822
    0    1    0    4   11    0.044328    0.034919
    0    1    0    5   11   -0.017668   -0.024976
    0    1    0    6   11    0.041531   -0.007181
    0    1    0    7   11   -0.066534    0.007951
    0    1    0    8   11   -0.107121   -0.009799
    0    1    0    9   11   -0.424733   -0.003093
    0    1    0   10   11    0.058326   -0.010169
    0    1    0   11   11   -0.278739   -0.007061
    0    1    0   12   11   -1.228889   -0.016516
    0    1    0   13   11   -0.111114    0.042569
    0    1    0   14   11   -0.021578   -0.015125
    0    1    0   15   11    0.090209   -0.003347
    0    1    0   16   11   -0.027083    0.005288
    0    1    0    1   12   -0.040802    0.006329
    0    1    0    2   12    0.021310   -0.023053
    0    1    0    3   12    0.057717   -0.012178
    0    1    0    4   12    0.011021    0.003590
    0    1    0    5   12    0.022345   -0.013278
    0    1    0    6   12   -0.020329   -0.018402
    0    1    0    7   12    0.124631    0.025030
    0    1    0    8   12   -0.032466    0.009888
    0    1    0    9   12    0.591390   -0.002526
    0    1    0   10   12   -0.050733   -0.025223
    0    1    0   11   12   -0.156950    0.015348
    0    1    0   12   12    0.477865    0.005971
    0    1    0   13   12    0.180325    0.029393
    0    1    0   14   12   -0.004423   -0.011726
    0    1    0   15   12    0.049856    0.004857
    0    1    0   16   12    0.116979    0.003894
    0    1    0    1   13   -0.098492    0.001893
    0    1    0    2   13    0.001010   -0.000020
    0    1    0    3   13   -0.020004    0.014296
    0    1    0    4   13   -0.170310    0.016297
    0    1    0    5   13   -0.102738   -0.001903
    0    1    0    6   13   -0.015828    0.000022
    0    1    0    7   13    0.065740   -0.046246
    0    1    0    8   13   -0.059735   -0.088363
    0    1    0    9   13   -2.899469   -0.000006
    0    1    0   10   13   -0.092337    0.000020
    0    1    0   11   13   -0.046714   -0.044101
    0    1    0   12   13   -6.379463   -0.018950
    0    1    0   13   13   -1.062197   -0.000007
    0    1    0   14   13    0.032129   -0.000021
    0    1    0   15   13    0.945179   -0.012717
    0    1    0   16   13   -0.462738    0.019000
    0    1    0    1   14    0.132589    0.001198
    0    1    0    2   14    0.033757   -0.000135
    0    1    0    3   14    0.000738   -0.018998
    0    1    0    4   14    0.024125   -0.032148
    0    1    0    5   14    0.019156   -0.001193
    0    1    0    6   14   -0.019621    0.000136
    0    1    0    7   14   -0.017191   -0.001327
    0    1    0    8   14    0.021337   -0.002137
    0    1    0    9   14    0.071484   -0.000015
    0    1    0   10   14   -2.460190    0.000001
    0    1    0   11   14    0.006560    0.013840
    0    1    0   12   14    0.086775    0.012192
    0    1    0   13   14    0.032133    0.000019
    0    1    0   14   14    0.028676   -0.000000
    0    1    0   15   14    0.009211   -0.003385
    0    1    0   16   14    0.003514   -0.016604
    0    1    0    1   15    0.016859    0.013456
    0    1    0    2   15    0.004623    0.005165
    0    1    0    3   15   -0.069419    0.005295
    0    1    0    4   15   -0.002258   -0.000882
    0    1    0    5   15   -0.041408   -0.009288
    0    1    0    6   15    0.029955    0.010933
    0    1    0    7   15   -0.077912    0.002176
    0    1    0    8   15   -0.135842    0.006811
    0    1    0    9   15   -0.000698   -0.005551
    0    1    0   10   15   -0.002739    0.010967
    0    1    0   11   15   -1.872721   -0.008480
    0    1    0   12   15    0.019627   -0.007703
    0    1    0   13   15    0.103674    0.013377
    0    1    0   14   15   -0.005276    0.002765
    0    1    0   15   15   -0.263979   -0.002054
    0    1    0   16   15   -0.396990   -0.001495
    0    1    0    1   16    0.113774    0.012297
    0    1    0    2   16   -0.013506    0.013467
    0    1    0    3   16    0.013049    0.012181
    0    1    0    4   16   -0.038201   -0.007700
    0    1    0    5   16    0.014417    0.002112
    0    1    0    6   16    0.017629    0.017879
    0    1    0    7   16    0.066460   -0.003233
    0    1    0    8   16    0.051545    0.004489
    0    1    0    9   16    3.801530   -0.011377
    0    1    0   10   16   -0.093855    0.010408
    0    1    0   11   16   -0.010525   -0.003531
    0    1    0   12   16    3.895254    0.008836
    0    1    0   13   16    1.013934   -0.011483
    0    1    0   14   16    0.030630    0.017566
    0    1    0   15   16   -0.821755    0.000595
    0    1    0   16   16    0.443164    0.001565
    0    2    0    1    1   -0.179142    0.000000
    0    2    0    2    1   -0.040533    0.001256
    0    2    0    3    1    0.178347   -0.005938
    0    2    0    4    1    0.180399    0.016681
    0    2    0    5    1    0.300801    0.000562
    0    2    0    6    1    0.019364   -0.001334
    0    2    0    7    1    0.082599   -0.000894
    0    2    0    8    1    0.175972    0.035248
    0    2    0    9    1   -0.048621    0.000805
    0    2    0   10    1   -0.027225    0.001339
    0    2    0   11    1    0.058349   -0.002130
    0    2    0   12    1    0.037370   -0.010654
    0    2    0   13    1    0.091425   -0.001882
    0    2    0   14    1    0.067266   -0.001204
    0    2    0   15    1    0.000554    0.000767
    0    2    0   16    1   -0.004336   -0.002068
    0    2    0    1    2   -0.040533   -0.001256
    0    2    0    2    2   -0.202070    0.000000
    0    2    0    3    2   -0.008241    0.005303
    0    2    0    4    2    0.060557    0.010139
    0    2    0    5    2   -0.098609    0.000672
    0    2    0    6    2    0.205105    0.000046
    0    2    0    7    2   -0.054094    0.016445
    0    2    0    8    2   -0.010372    0.029629
    0    2    0    9    2    0.012669    0.000025
    0    2    0   10    2   -0.005402   -0.000185
    0    2    0   11    2    0.066325   -0.002823
    0    2    0   12    2    0.049879   -0.018105
    0    2    0   13    2   -0.114764    0.000020
    0    2    0   14    2    0.013479    0.000135
    0    2    0   15    2   -0.032881    0.013698
    0    2    0   16    2    0.002150    0.017080
    0    2    0    1    3    0.178347    0.005938
    0    2    0    2    3   -0.008241   -0.005303
    0    2    0    3    3    0.301462    0.000000
    0    2    0    4    3   -0.056448   -0.021348
    0    2    0    5    3   -0.106044   -0.026111
    0    2    0    6    3    0.065269    0.013561
    0    2    0    7    3    0.354008    0.005907
    0    2    0    8    3    0.113419    0.036345
    0    2    0    9    3    0.034118   -0.010401
    0    2    0   10    3    0.002278   -0.020778
    0    2    0   11    3   -0.060316    0.010449
    0    2    0   12    3   -0.053407   -0.012618
    0    2    0   13    3    0.040895    0.039652
    0    2    0   14    3    0.003298    0.005467
    0    2    0   15    3    0.036160    0.001769
    0    2    0   16    3    0.038750    0.005648
    0    2    0    1    4    0.180399   -0.016681
    0    2    0    2    4    0.060557   -0.010139
    0    2    0    3    4   -0.056448    0.021348
    0    2    0    4    4    0.184033    0.000000
    0    2    0    5    4   -0.216231   -0.002715
    0    2    0    6    4   -0.025109    0.022600
    0    2    0    7    4   -0.080565   -0.013645
    0    2    0    8    4   -0.012746   -0.006969
    0    2    0    9    4    0.019143   -0.006957
    0    2    0   10    4    0.025216   -0.027350
    0    2    0   11    4   -0.082539   -0.003680
    0    2    0   12    4    0.035644   -0.016790
    0    2    0   13    4   -0.003866    0.087304
    0    2    0   14    4    0.033805    0.002003
    0    2    0   15    4   -0.072913   -0.010707
    0    2    0   16    4    0.040588   -0.001080
    0    2    0    1    5    0.300801   -0.000562
    0    2    0    2    5   -0.098609   -0.000672
    0    2    0    3    5   -0.106044    0.026111
    0    2    0    4    5   -0.216231    0.002715
    0    2    0    5    5   -0.346022    0.000000
    0    2    0    6    5    0.104671    0.000776
    0    2    0    7    5   -0.094429    0.014023
    0    2    0    8    5   -0.122273   -0.023458
    0    2    0    9    5    0.033504   -0.000806
    0    2    0   10    5   -0.049753   -0.001330
    0    2    0   11    5    0.026941   -0.015997
    0    2    0   12    5    0.005751   -0.029755
    0    2    0   13    5    0.028098    0.001898
    0    2    0   14    5    0.021595    0.001192
    0    2    0   15    5    0.053532    0.007113
    0    2    0   16    5    0.026614    0.011159
    0    2    0    1    6    0.019364    0.001334
    0    2    0    2    6    0.205105   -0.000046
    0    2    0    3    6    0.065269   -0.013561
    0    2    0    4    6   -0.025109   -0.022600
    0    2    0    5    6    0.104671   -0.000776
    0    2    0    6    6   -0.229653    0.000000
    0    2    0    7    6    0.040080   -0.011657
    0    2    0    8    6   -0.029174   -0.019469
    0    2    0    9    6    0.013292   -0.000018
    0    2    0   10    6    0.001576    0.000184
    0    2    0   11    6    0.007701   -0.025308
    0    2    0   12    6    0.064600   -0.024983
    0    2    0   13    6    0.014045   -0.000021
    0    2    0   14    6    0.009045   -0.000135
    0    2    0   15    6   -0.021501    0.001777
    0    2    0   16    6   -0.008352    0.013535
    0    2    0    1    7    0.082599    0.000894
    0    2    0    2    7   -0.054094   -0.016445
    0    2    0    3    7    0.354008   -0.005907
    0    2    0    4    7   -0.080565    0.013645
    0    2    0    5    7   -0.094429   -0.014023
    0    2    0    6    7    0.040080    0.011657
    0    2    0    7    7    0.335677    0.000000
    0    2    0    8    7    0.064135    0.017852
    0    2    0    9    7   -0.070514   -0.014743
    0    2    0   10    7    0.009725   -0.011869
    0    2    0   11    7   -0.063237    0.008118
    0    2    0   12    7   -0.128889    0.016371
    0    2    0   13    7    0.056965   -0.020287
    0    2    0   14    7    0.003712    0.022406
    0    2    0   15    7   -0.008302   -0.003849
    0    2    0   16    7    0.048024   -0.016149
    0    2    0    1    8    0.175972   -0.035248
    0    2    0    2    8   -0.010372   -0.029629
    0    2    0    3    8    0.113419   -0.036345
    0    2    0    4    8   -0.012746    0.006969
    0    2    0    5    8   -0.122273    0.023458
    0    2    0    6    8   -0.029174    0.019469
    0    2    0    7    8    0.064135   -0.017852
    0    2    0    8    8    0.104529    0.000000
    0    2    0    9    8   -0.057314   -0.016140
    0    2    0   10    8    0.048799   -0.012510
    0    2    0   11    8    0.058654   -0.021327
    0    2    0   12    8   -0.061103   -0.005368
    0    2    0   13    8    0.002823   -0.013430
    0    2    0   14    8   -0.007764    0.032149
    0    2    0   15    8    0.031933    0.007864
    0    2    0   16    8   -0.044562    0.000502
    0    2    0    1    9   -0.048621   -0.000805
    0    2    0    2    9    0.012669   -0.000025
    0    2    0    3    9    0.034118    0.010401
    0    2    0    4    9    0.019143    0.006957
    0    2    0    5    9    0.033504    0.000806
    0    2    0    6    9    0.013292    0.000018
    0    2    0    7    9   -0.070514    0.014743
    0    2    0    8    9   -0.057314    0.016140
    0    2    0    9    9    0.118680    0.000000
    0    2    0   10    9    0.014817   -0.000016
    0    2    0   11    9    0.049555   -0.005510
    0    2    0   12    9    0.052977    0.000850
    0    2    0   13    9   -0.194942    0.000006
    0    2    0   14    9    0.010665    0.000015
    0    2    0   15    9    0.065694   -0.003207
    0    2    0   16    9    0.081374    0.003716
    0    2    0    1   10   -0.027225   -0.001339
    0    2    0    2   10   -0.005402    0.000185
    0    2    0    3   10    0.002278    0.020778
    0    2    0    4   10    0.025216    0.027350
    0    2    0    5   10   -0.049753    0.001330
    0    2    0    6   10    0.001576   -0.000184
    0    2    0    7   10    0.009725    0.011869
    0    2    0    8   10    0.048799    0.012510
    0    2    0    9   10    0.014817    0.000016
    0    2    0   10   10   -0.208374   -0.000000
    0    2    0   11   10    0.009186   -0.000136
    0    2    0   12   10   -0.021932   -0.014660
    0    2    0   13   10    0.072423   -0.000019
    0    2    0   14   10    0.168182   -0.000001
    0    2    0   15   10    0.054521    0.015545
    0    2    0   16   10   -0.038536    0.018650
    0    2    0    1   11    0.058349    0.002130
    0    2    0    2   11    0.066325    0.002823
    0    2    0    3   11   -0.060316   -0.010449
    0    2    0    4   11   -0.082539    0.003680
    0    2    0    5   11    0.026941    0.015997
    0    2    0    6   11    0.007701    0.025308
    0    2    0    7   11   -0.063237   -0.008118
    0    2    0    8   11    0.058654    0.021327
    0    2    0    9   11    0.049555    0.005510
    0    2    0   10   11    0.009186    0.000136
    0    2    0   11   11    0.452000    0.000000
    0    2    0   12   11   -0.151235    0.016713
    0    2    0   13   11    0.248346   -0.024136
    0    2    0   14   11   -0.065932    0.021885
    0    2    0   15   11    0.129584    0.001359
    0    2    0   16   11   -0.011999   -0.005698
    0    2    0    1   12    0.037370    0.010654
    0    2    0    2   12    0.049879    0.018105
    0    2    0    3   12   -0.053407    0.012618
    0    2    0    4   12    0.035644    0.016790
    0    2    0    5   12    0.005751    0.029755
    0    2    0    6   12    0.064600    0.024983
    0    2    0    7   12   -0.128889   -0.016371
    0    2    0    8   12   -0.061103    0.005368
    0    2    0    9   12    0.052977   -0.000850
    0    2    0   10   12   -0.021932    0.014660
    0    2    0   11   12   -0.151235   -0.016713
    0    2    0   12   12    0.510265    0.000000
    0    2    0   13   12   -0.251193   -0.025307
    0    2    0   14   12    0.013992    0.022482
    0    2    0   15   12   -0.049107   -0.001703
    0    2    0   16   12    0.078729   -0.000315
    0    2    0    1   13    0.091425    0.001882
    0    2    0    2   13   -0.114764   -0.000020
    0    2    0    3   13    0.040895   -0.039652
    0    2    0    4   13   -0.003866   -0.087304
    0    2    0    5   13    0.028098   -0.001898
    0    2    0    6   13    0.014045    0.000021
    0    2    0    7   13    0.056965    0.020287
    0    2    0    8   13    0.002823    0.013430
    0    2    0    9   13   -0.194942   -0.000006
    0    2    0   10   13    0.072423    0.000019
    0    2    0   11   13    0.248346    0.024136
    0    2    0   12   13   -0.251193    0.025307
    0    2    0   13   13   -0.579853    0.000000
    0    2    0   14   13   -0.001618   -0.000019
    0    2    0   15   13    0.148423   -0.005544
    0    2    0   16   13    0.007821   -0.020667
    0    2    0    1   14    0.067266    0.001204
    0    2    0    2   14    0.013479   -0.000135
    0    2    0    3   14    0.003298   -0.005467
    0    2    0    4   14    0.033805   -0.002003
    0    2    0    5   14    0.021595   -0.001192
    0    2    0    6   14    0.009045    0.000135
    0    2    0    7   14    0.003712   -0.022406
    0    2    0    8   14   -0.007764   -0.032149
    0    2    0    9   14    0.010665   -0.000015
    0    2    0   10   14    0.168182    0.000001
    0    2    0   11   14   -0.065932   -0.021885
    0    2    0   12   14    0.013992   -0.022482
    0    2    0   13   14   -0.001618    0.000019
    0    2    0   14   14   -0.123558    0.000000
    0    2    0   15   14   -0.012602   -0.000586
    0    2    0   16   14    0.022752    0.008586
    0    2    0    1   15    0.000554   -0.000767
    0    2    0    2   15   -0.032881   -0.013698
    0    2    0    3   15    0.036160   -0.001769
    0    2    0    4   15   -0.072913    0.010707
    0    2    0    5   15    0.053532   -0.007113
    0    2    0    6   15   -0.021501   -0.001777
    0    2    0    7   15   -0.008302    0.003849
    0    2    0    8   15    0.031933   -0.007864
    0    2    0    9   15    0.065694    0.003207
    0    2    0   10   15    0.054521   -0.015545
    0    2    0   11   15    0.129584   -0.001359
    0    2    0   12   15   -0.049107    0.001703
    0    2    0   13   15    0.148423    0.005544
    0    2    0   14   15   -0.012602    0.000586
    0    2    0   15   15    0.147477    0.000000
    0    2    0   16   15    0.019808    0.003256
    0    2    0    1   16   -0.004336    0.002068
    0    2    0    2   16    0.002150   -0.017080
    0    2    0    3   16    0.038750   -0.005648
    0    2    0    4   16    0.040588    0.001080
    0    2    0    5   16    0.026614   -0.011159
    0    2    0    6   16   -0.008352   -0.013535
    0    2    0    7   16    0.048024    0.016149
    0    2    0    8   16   -0.044562   -0.000502
    0    2    0    9   16    0.081374   -0.003716
    0    2    0   10   16   -0.038536   -0.018650
    0    2    0   11   16   -0.011999    0.005698
    0    2    0   12   16    0.078729    0.000315
    0    2    0   13   16    0.007821    0.020667
    0    2    0   14   16    0.022752   -0.008586
    0    2    0   15   16    0.019808   -0.003256
    0    2    0   16   16    0.129985    0.000000
    1   -1    0    1    1    0.168637   -0.000005
    1   -1    0    2    1   -0.049861    0.001227
    1   -1    0    3    1    0.071789    0.023382
    1   -1    0    4    1   -0.033304    0.013480
    1   -1    0    5    1   -0.437577    0.000573
    1   -1    0    6    1    0.019630   -0.001365
    1   -1    0    7    1    0.416160    0.031728
    1   -1    0    8    1   -0.251691    0.029624
    1   -1    0    9    1    0.030868    0.000795
    1   -1    0   10    1   -0.120202    0.001357
    1   -1    0   11    1   -0.003152   -0.012111
    1   -1    0   12    1    0.033295   -0.014904
    1   -1    0   13    1   -0.024685   -0.001902
    1   -1    0   14    1    0.078381   -0.001194
    1   -1    0   15    1   -0.026009   -0.004456
    1   -1    0   16    1    0.005179   -0.007431
    1   -1    0    1    2   -0.015879   -0.001235
    1   -1    0    2    2   -0.132237    0.000000
    1   -1    0    3    2    0.045439    0.007028
    1   -1    0    4    2   -0.017635    0.009260
    1   -1    0    5    2   -0.133488    0.000667
    1   -1    0    6    2   -0.042961    0.000046
    1   -1    0    7    2    0.041996    0.018228
    1   -1    0    8    2   -0.042887    0.028714
    1   -1    0    9    2    0.015162    0.000022
    1   -1    0   10    2   -0.029224   -0.000185
    1   -1    0   11    2   -0.025898   -0.000861
    1   -1    0   12    2    0.049417   -0.024421
    1   -1    0   13    2   -0.045964    0.000022
    1   -1    0   14    2    0.029895    0.000135
    1   -1    0   15    2   -0.049194    0.015186
    1   -1    0   16    2    0.008232    0.012379
    1   -1    0    1    3    0.088354    0.009772
    1   -1    0    2    3    0.051259   -0.006407
    1   -1    0    3    3    0.058352    0.004490
    1   -1    0    4    3    0.020803   -0.004791
    1   -1    0    5    3   -0.388975   -0.018805
    1   -1    0    6    3   -0.082035    0.013148
    1   -1    0    7    3   -0.065434    0.006692
    1   -1    0    8    3   -0.235896    0.019024
    1   -1    0    9    3   -0.033929   -0.004877
    1   -1    0   10    3   -0.011367   -0.015995
    1   -1    0   11    3    0.014718    0.006266
    1   -1    0   12    3    0.010041   -0.012852
    1   -1    0   13    3   -0.043008    0.052213
    1   -1    0   14    3   -0.054309    0.000260
    1   -1    0   15    3    0.011427    0.002780
    1   -1    0   16    3   -0.014047    0.002990
    1   -1    0    1    4   -0.064054   -0.006568
    1   -1    0    2    4   -0.021301   -0.009116
    1   -1    0    3    4    0.069797    0.023961
    1   -1    0    4    4    0.099337   -0.004641
    1   -1    0    5    4    0.234610   -0.010311
    1   -1    0    6    4    0.063401    0.022648
    1   -1    0    7    4   -0.231256   -0.001746
    1   -1    0    8    4   -0.327898   -0.007784
    1   -1    0    9    4    0.017688   -0.008578
    1   -1    0   10    4    0.001540   -0.029429
    1   -1    0   11    4   -0.015288   -0.009294
    1   -1    0   12    4    0.005263   -0.011349
    1   -1    0   13    4    0.049767    0.075676
    1   -1    0   14    4    0.040120    0.004319
    1   -1    0   15    4   -0.000281   -0.019862
    1   -1    0   16    4    0.037362   -0.000302
    1   -1    0    1    5   -0.010395   -0.000571
    1   -1    0    2    5   -0.079530   -0.000653
    1   -1    0    3    5   -0.049276   -0.007662
    1   -1    0    4    5    0.038641    0.009013
    1   -1    0    5    5    0.228034    0.000000
    1   -1    0    6    5    0.116122    0.000804
    1   -1    0    7    5   -0.251019   -0.018903
    1   -1    0    8    5    0.157154   -0.015354
    1   -1    0    9    5   -0.067783   -0.000799
    1   -1    0   10    5    0.224114   -0.001344
    1   -1    0   11    5    0.010267   -0.006368
    1   -1    0   12    5   -0.005188   -0.018455
    1   -1    0   13    5    0.029558    0.001899
    1   -1    0   14    5    0.000985    0.001184
    1   -1    0   15    5   -0.011511    0.011190
    1   -1    0   16    5   -0.006646    0.021145
    1   -1    0    1    6    0.135625    0.001380
    1   -1    0    2    6    0.170738   -0.000046
    1   -1    0    3    6   -0.035697   -0.013873
    1   -1    0    4    6    0.036079   -0.022773
    1   -1    0    5    6    0.089897   -0.000796
    1   -1    0    6    6   -0.148592   -0.000000
    1   -1    0    7    6    0.000768   -0.012006
    1   -1    0    8    6   -0.005077   -0.019604
    1   -1    0    9    6   -0.132159   -0.000025
    1   -1    0   10    6    0.002849    0.000185
    1   -1    0   11    6    0.038040   -0.022284
    1   -1    0   12    6   -0.000598   -0.017344
    1   -1    0   13    6    0.054601   -0.000020
    1   -1    0   14    6   -0.003417   -0.000136
    1   -1    0   15    6   -0.016552    0.003945
    1   -1    0   16    6   -0.013201    0.019176
    1   -1    0    1    7    0.008564   -0.002528
    1   -1    0    2    7    0.043429   -0.017730
    1   -1    0    3    7   -0.111388   -0.005653
    1   -1    0    4    7   -0.010100    0.036094
    1   -1    0    5    7   -0.015318    0.000313
    1   -1    0    6    7   -0.089507    0.011410
    1   -1    0    7    7    0.128399   -0.003846
    1   -1    0    8    7   -0.008247    0.004265
    1   -1    0    9    7   -0.006990   -0.009680
    1   -1    0   10    7    0.016439   -0.007022
    1   -1    0   11    7    0.105358   -0.005259
    1   -1    0   12    7   -0.013994    0.029145
    1   -1    0   13    7   -0.070320   -0.005586
    1   -1    0   14    7   -0.036137    0.017439
    1   -1    0   15    7    0.070031   -0.009327
    1   -1    0   16    7   -0.065750   -0.013207
    1   -1    0    1    8   -0.025984   -0.026077
    1   -1    0    2    8   -0.043731   -0.028643
    1   -1    0    3    8   -0.010197   -0.033433
    1   -1    0    4    8   -0.062880    0.006622
    1   -1    0    5    8    0.008216    0.017826
    1   -1    0    6    8    0.047226    0.019548
    1   -1    0    7    8   -0.055241   -0.012465
    1   -1    0    8    8    0.087989    0.003715
    1   -1    0    9    8   -0.002335   -0.016719
    1   -1    0   10    8   -0.024559   -0.014270
    1   -1    0   11    8   -0.025164   -0.035454
    1   -1    0   12    8    0.130748    0.008035
    1   -1    0   13    8    0.040685   -0.025429
    1   -1    0   14    8    0.029556    0.034264
    1   -1    0   15    8   -0.084953   -0.003119
    1   -1    0   16    8   -0.004711    0.006917
    1   -1    0    1    9   -0.067892   -0.000791
    1   -1    0    2    9    0.036292   -0.000021
    1   -1    0    3    9    0.037848    0.008418
    1   -1    0    4    9   -0.029853    0.009447
    1   -1    0    5    9    0.159562    0.000806
    1   -1    0    6    9   -0.027497    0.000023
    1   -1    0    7    9    0.131303    0.013963
    1   -1    0    8    9   -0.089348    0.019228
    1   -1    0    9    9    0.064101    0.000002
    1   -1    0   10    9   -0.002382   -0.000017
    1   -1    0   11    9   -0.036681   -0.001444
    1   -1    0   12    9    0.018255    0.007060
    1   -1    0   13    9   -0.124476    0.000011
    1   -1    0   14    9    0.030067    0.000015
    1   -1    0   15    9    0.330463   -0.000255
    1   -1    0   16    9   -0.193969    0.006119
    1   -1    0    1   10   -0.002824   -0.001348
    1   -1    0    2   10   -0.053606    0.000185
    1   -1    0    3   10   -0.001110    0.016589
    1   -1    0    4   10   -0.003376    0.030149
    1   -1    0    5   10   -0.147846    0.001343
    1   -1    0    6   10    0.071158   -0.000185
    1   -1    0    7   10   -0.008396    0.008265
    1   -1    0    8   10   -0.008920    0.015334
    1   -1    0    9   10   -0.004080    0.000014
    1   -1    0   10   10   -0.066426   -0.000000
    1   -1    0   11   10   -0.121099   -0.008906
    1   -1    0   12   10    0.092703   -0.021520
    1   -1    0   13   10    0.089833   -0.000024
    1   -1    0   14   10   -0.057827   -0.000001
    1   -1    0   15   10   -0.069082    0.008922
    1   -1    0   16   10    0.028064    0.013259
    1   -1    0    1   11    0.041521   -0.010030
    1   -1    0    2   11   -0.131739    0.000564
    1   -1    0    3   11   -0.031442    0.007249
    1   -1    0    4   11    0.077121   -0.009041
    1   -1    0    5   11   -0.008938    0.018497
    1   -1    0    6   11   -0.033442    0.022524
    1   -1    0    7   11   -0.135244    0.004732
    1   -1    0    8   11    0.067897    0.029272
    1   -1    0    9   11    0.296554   -0.010917
    1   -1    0   10   11    0.133187    0.006320
    1   -1    0   11   11   -0.053397    0.008777
    1   -1    0   12   11   -0.018487   -0.015146
    1   -1    0   13   11   -0.146436    0.011933
    1   -1    0   14   11    0.038966    0.011706
    1   -1    0   15   11    0.030881    0.002792
    1   -1    0   16   11   -0.393939   -0.009937
    1   -1    0    1   12   -0.032689    0.025981
    1   -1    0    2   12    0.109769    0.024420
    1   -1    0    3   12    0.117300    0.005078
    1   -1    0    4   12    0.074860    0.015671
    1   -1    0    5   12    0.042794    0.013785
    1   -1    0    6   12    0.041854    0.017367
    1   -1    0    7   12    0.076354   -0.017058
    1   -1    0    8   12   -0.003713    0.003763
    1   -1    0    9   12   -0.164446    0.006267
    1   -1    0   10   12   -0.051944    0.023952
    1   -1    0   11   12   -0.043465   -0.003710
    1   -1    0   12   12   -0.092562   -0.008573
    1   -1    0   13   12    0.074900   -0.013837
    1   -1    0   14   12   -0.015368    0.012914
    1   -1    0   15   12   -0.408870    0.011235
    1   -1    0   16   12   -0.423962   -0.001764
    1   -1    0    1   13   -0.164981    0.001897
    1   -1    0    2   13    0.135656   -0.000021
    1   -1    0    3   13   -0.017934   -0.055704
    1   -1    0    4   13    0.040059   -0.081906
    1   -1    0    5   13   -0.085029   -0.001902
    1   -1    0    6   13    0.096433    0.000023
    1   -1    0    7   13   -0.027105    0.003708
    1   -1    0    8   13    0.018830    0.020038
    1   -1    0    9   13   -0.140211   -0.000011
    1   -1    0   10   13   -0.247193    0.000022
    1   -1    0   11   13   -0.088758   -0.009232
    1   -1    0   12   13    0.051953    0.022272
    1   -1    0   13   13    0.196934   -0.000006
    1   -1    0   14   13   -0.012875   -0.000020
    1   -1    0   15   13   -0.024057   -0.030420
    1   -1    0   16   13    0.015108   -0.023294
    1   -1    0    1   14   -0.040971    0.001194
    1   -1    0    2   14    0.033628   -0.000135
    1   -1    0    3   14   -0.007381   -0.001693
    1   -1    0    4   14    0.011860   -0.005283
    1   -1    0    5   14    0.065718   -0.001187
    1   -1    0    6   14   -0.021500    0.000136
    1   -1    0    7   14   -0.026144   -0.019154
    1   -1    0    8   14    0.022625   -0.035332
    1   -1    0    9   14   -0.039301   -0.000014
    1   -1    0   10   14    0.064158    0.000001
    1   -1    0   11   14    0.046326   -0.009269
    1   -1    0   12   14   -0.018797   -0.014432
    1   -1    0   13   14   -0.058475    0.000018
    1   -1    0   14   14   -0.064968   -0.000000
    1   -1    0   15   14    0.005851    0.008757
    1   -1    0   16   14   -0.015508    0.014780
    1   -1    0    1   15   -0.019048   -0.006204
    1   -1    0    2   15   -0.019692   -0.015256
    1   -1    0    3   15   -0.061438    0.011798
    1   -1    0    4   15   -0.008918    0.003865
    1   -1    0    5   15    0.011168   -0.008919
    1   -1    0    6   15   -0.012817   -0.003893
    1   -1    0    7   15    0.014687    0.012700
    1   -1    0    8   15    0.021772   -0.000580
    1   -1    0    9   15    0.014034   -0.008596
    1   -1    0   10   15   -0.031451   -0.011005
    1   -1    0   11   15   -0.057198   -0.004074
    1   -1    0   12   15    0.019181   -0.005677
    1   -1    0   13   15   -0.042694    0.029369
    1   -1    0   14   15    0.028471   -0.007120
    1   -1    0   15   15    0.084396   -0.004962
    1   -1    0   16   15   -0.037697    0.009436
    1   -1    0    1   16   -0.025641    0.012168
    1   -1    0    2   16   -0.009331   -0.012485
    1   -1    0    3   16   -0.000643   -0.006736
    1   -1    0    4   16   -0.036319    0.001462
    1   -1    0    5   16    0.000945   -0.020627
    1   -1    0    6   16   -0.014507   -0.019073
    1   -1    0    7   16    0.040744    0.018962
    1   -1    0    8   16    0.046784    0.001948
    1   -1    0    9   16   -0.002699    0.001397
    1   -1    0   10   16    0.007639   -0.011683
    1   -1    0   11   16    0.002588   -0.007696
    1   -1    0   12   16   -0.045867    0.003286
    1   -1    0   13   16    0.021120    0.031514
    1   -1    0   14   16   -0.028890   -0.015587
    1   -1    0   15   16   -0.040129   -0.006010
    1   -1    0   16   16    0.042121    0.005048
    1    0    0    1    1   -0.999021   -0.000011
    1    0    0    2    1   -0.099232    0.001235
    1    0    0    3    1   -0.975417    0.025393
    1    0    0    4    1    0.416912    0.036283
    1    0    0    5    1   -3.699154    0.000564
    1    0    0    6    1    0.092476   -0.001361
    1    0    0    7    1   -4.583609   -0.002369
    1    0    0    8    1   -2.667920   -0.023533
    1    0    0    9    1    0.106597    0.000794
    1    0    0   10    1   -0.107210    0.001350
    1    0    0   11    1   -0.008578   -0.009632
    1    0    0   12    1   -0.006223   -0.010584
    1    0    0   13    1   -0.098516   -0.001899
    1    0    0   14    1    0.132589   -0.001198
    1    0    0   15    1   -0.080091   -0.013207
    1    0    0   16    1   -0.026640   -0.017675
    1    0    0    1    2   -0.099229   -0.001260
    1    0    0    2    2    0.009625   -0.000000
    1    0    0    3    2   -0.039132    0.017741
    1    0    0    4    2    0.001089    0.028891
    1    0    0    5    2   -0.080613    0.000668
    1    0    0    6    2   -2.593848    0.000047
    1    0    0    7    2   -0.077019    0.006033
    1    0    0    8    2   -0.060345    0.008361
    1    0    0    9    2    0.084202    0.000026
    1    0    0   10    2   -0.030544   -0.000185
    1    0    0   11    2   -0.064730    0.024138
    1    0    0   12    2   -0.004367    0.016703
    1    0    0   13    2    0.001009    0.000021
    1    0    0   14    2    0.033757    0.000136
    1    0    0   15    2    0.037761   -0.001604
    1    0    0   16    2    0.040003   -0.018187
    1    0    0    1    3    0.949162   -0.007501
    1    0    0    2    3   -0.011438   -0.017499
    1    0    0    3    3    1.113738    0.019542
    1    0    0    4    3   -0.564148    0.024812
    1    0    0    5    3    4.522539   -0.002194
    1    0    0    6    3    0.041244    0.011915
    1    0    0    7    3    3.090010    0.004019
    1    0    0    8    3    2.699930   -0.032065
    1    0    0    9    3   -0.110673   -0.007362
    1    0    0   10    3    0.076552   -0.006695
    1    0    0   11    3   -0.049035   -0.015474
    1    0    0   12    3    0.000579    0.009049
    1    0    0   13    3    0.141429   -0.006848
    1    0    0   14    3   -0.015861    0.019970
    1    0    0   15    3   -0.030331   -0.010295
    1    0    0   16    3    0.008764   -0.019507
    1    0    0    1    4    0.425998    0.008619
    1    0    0    2    4    0.001345   -0.028155
    1    0    0    3    4    0.447000   -0.012303
    1    0    0    4    4   -0.537101   -0.020970
    1    0    0    5    4    2.606015   -0.033312
    1    0    0    6    4    0.037659    0.018688
    1    0    0    7    4    2.667852    0.020924
    1    0    0    8    4   -0.091175   -0.004068
    1    0    0    9    4   -0.008193   -0.016618
    1    0    0   10    4    0.016643   -0.012842
    1    0    0   11    4    0.011712   -0.032971
    1    0    0   12    4    0.060553    0.001810
    1    0    0   13    4    0.087769   -0.027914
    1    0    0   14    4   -0.000469    0.034457
    1    0    0   15    4    0.001077   -0.003246
    1    0    0   16    4   -0.061062    0.008524
    1    0    0    1    5    0.300851   -0.000559
    1    0    0    2    5   -0.098606   -0.000661
    1    0    0    3    5   -0.082868   -0.024338
    1    0    0    4    5    0.273432   -0.015399
    1    0    0    5    5   -1.161754    0.000013
    1    0    0    6    5    0.085476    0.000794
    1    0    0    7    5   -0.903724   -0.022048
    1    0    0    8    5   -0.382066   -0.002272
    1    0    0    9    5    0.033502   -0.000811
    1    0    0   10    5   -0.049738   -0.001339
    1    0    0   11    5   -0.032338    0.021071
    1    0    0   12    5   -0.028386    0.024573
    1    0    0   13    5   -0.102741    0.001910
    1    0    0   14    5    0.019149    0.001188
    1    0    0   15    5   -0.023624    0.007746
    1    0    0   16    5    0.044582    0.007898
    1    0    0    1    6    0.019371    0.001341
    1    0    0    2    6    0.205104   -0.000046
    1    0    0    3    6   -0.006104   -0.012299
    1    0    0    4    6    0.013021   -0.019580
    1    0    0    5    6    0.085467   -0.000775
    1    0    0    6    6   -0.008392    0.000000
    1    0    0    7    6   -0.015741   -0.014691
    1    0    0    8    6    0.027403   -0.023399
    1    0    0    9    6    0.013294   -0.000019
    1    0    0   10    6    0.001577    0.000185
    1    0    0   11    6    0.009514   -0.004132
    1    0    0   12    6   -0.074126    0.026044
    1    0    0   13    6   -0.015828   -0.000021
    1    0    0   14    6   -0.019621   -0.000135
    1    0    0   15    6    0.013374   -0.019218
    1    0    0   16    6   -0.009403   -0.012252
    1    0    0    1    7    0.040822   -0.022695
    1    0    0    2    7   -0.040305   -0.006603
    1    0    0    3    7   -0.006308    0.009506
    1    0    0    4    7   -0.074042    0.013306
    1    0    0    5    7    0.898494    0.017066
    1    0    0    6    7    0.056634    0.014346
    1    0    0    7    7    1.139124   -0.015721
    1    0    0    8    7    0.277773   -0.010552
    1    0    0    9    7   -0.012704   -0.003956
    1    0    0   10    7    0.011168   -0.016701
    1    0    0   11    7   -0.029630   -0.019423
    1    0    0   12    7   -0.079157   -0.017551
    1    0    0   13    7    0.119923    0.053697
    1    0    0   14    7   -0.022091    0.002910
    1    0    0   15    7    0.040252   -0.010151
    1    0    0   16    7   -0.078929    0.003790
    1    0    0    1    8   -0.218338   -0.012879
    1    0    0    2    8   -0.015626   -0.009210
    1    0    0    3    8    0.169198    0.013009
    1    0    0    4    8    0.343147   -0.009671
    1    0    0    5    8   -0.416156   -0.001529
    1    0    0    6    8    0.027145    0.022832
    1    0    0    7    8   -0.350914    0.001422
    1    0    0    8    8   -0.642136    0.014358
    1    0    0    9    8    0.080399   -0.007879
    1    0    0   10    8   -0.073132   -0.029441
    1    0    0   11    8    0.124748   -0.007380
    1    0    0   12    8   -0.046288    0.003421
    1    0    0   13    8    0.013513    0.076353
    1    0    0   14    8    0.017467    0.004249
    1    0    0   15    8    0.138149   -0.021829
    1    0    0   16    8   -0.050009    0.001935
    1    0    0    1    9    0.106599   -0.000800
    1    0    0    2    9    0.084200   -0.000021
    1    0    0    3    9    0.111209    0.007895
    1    0    0    4    9   -0.023429    0.019292
    1    0    0    5    9    0.174280    0.000808
    1    0    0    6    9   -0.127245    0.000021
    1    0    0    7    9    0.028412   -0.001203
    1    0    0    8    9    0.007589    0.003989
    1    0    0    9    9   -0.838952    0.000004
    1    0    0   10    9   -0.012450   -0.000016
    1    0    0   11    9   -0.707476   -0.000495
    1    0    0   12    9    0.068400    0.008717
    1    0    0   13    9   -2.899463    0.000011
    1    0    0   14    9    0.071485    0.000013
    1    0    0   15    9   -3.284380    0.003932
    1    0    0   16    9   -1.908431    0.013775
    1    0    0    1   10   -0.107236   -0.001340
    1    0    0    2   10   -0.030543    0.000185
    1    0    0    3   10   -0.104109    0.007096
    1    0    0    4   10    0.016687    0.014929
    1    0    0    5   10    0.003796    0.001340
    1    0    0    6   10    0.096392   -0.000185
    1    0    0    7   10   -0.024807    0.016844
    1    0    0    8   10   -0.024064    0.031802
    1    0    0    9   10   -0.012453    0.000012
    1    0    0   10   10   -0.114983   -0.000000
    1    0    0   11   10    0.061563    0.028992
    1    0    0   12   10   -0.047554    0.018377
    1    0    0   13   10   -0.092337   -0.000019
    1    0    0   14   10   -2.460191   -0.000001
    1    0    0   15   10    0.093386    0.003066
    1    0    0   16   10    0.071846   -0.015785
    1    0    0    1   11   -0.007006   -0.012764
    1    0    0    2   11    0.042255   -0.024415
    1    0    0    3   11   -0.064812    0.023629
    1    0    0    4   11   -0.039344    0.028735
    1    0    0    5   11   -0.166273   -0.017727
    1    0    0    6   11    0.119430    0.003781
    1    0    0    7   11    0.059959    0.007242
    1    0    0    8   11   -0.021933   -0.011159
    1    0    0    9   11    0.722196   -0.002273
    1    0    0   10   11   -0.052673   -0.028958
    1    0    0   11   11    0.901946    0.016426
    1    0    0   12   11   -0.536033   -0.006301
    1    0    0   13   11    5.497951   -0.011859
    1    0    0   14   11   -0.084347    0.008208
    1    0    0   15   11    2.458726    0.010306
    1    0    0   16   11    2.507698    0.007983
    1    0    0    1   12   -0.019340   -0.006034
    1    0    0    2   12   -0.004795   -0.017254
    1    0    0    3   12   -0.019080   -0.032325
    1    0    0    4   12    0.045334   -0.002056
    1    0    0    5   12   -0.078775   -0.028155
    1    0    0    6   12    0.038609   -0.026592
    1    0    0    7   12   -0.023313    0.004703
    1    0    0    8   12    0.080101    0.013878
    1    0    0    9   12    0.081673    0.013120
    1    0    0   10   12   -0.044385   -0.013413
    1    0    0   11   12    0.528255    0.004868
    1    0    0   12   12   -0.691680   -0.014526
    1    0    0   13   12    3.205288    0.030422
    1    0    0   14   12   -0.075672   -0.021765
    1    0    0   15   12    2.491968    0.003714
    1    0    0   16   12   -0.426762   -0.010319
    1    0    0    1   13    0.091458    0.001887
    1    0    0    2   13   -0.114771   -0.000019
    1    0    0    3   13    0.004729    0.008681
    1    0    0    4   13    0.028921    0.018653
    1    0    0    5   13   -0.102721   -0.001889
    1    0    0    6   13   -0.015829    0.000022
    1    0    0    7   13   -0.069684   -0.046329
    1    0    0    8   13    0.009880   -0.074345
    1    0    0    9   13   -0.194943   -0.000013
    1    0    0   10   13    0.072427    0.000018
    1    0    0   11   13   -0.217063    0.000960
    1    0    0   12   13    0.008984   -0.032426
    1    0    0   13   13   -1.062197   -0.000001
    1    0    0   14   13    0.032134   -0.000017
    1    0    0   15   13   -0.826217    0.020327
    1    0    0   16   13   -0.593682    0.008856
    1    0    0    1   14    0.067271    0.001201
    1    0    0    2   14    0.013478   -0.000135
    1    0    0    3   14    0.043389   -0.019201
    1    0    0    4   14    0.003634   -0.035059
    1    0    0    5   14    0.019163   -0.001188
    1    0    0    6   14   -0.019620    0.000136
    1    0    0    7   14    0.036921   -0.003294
    1    0    0    8   14    0.017620   -0.007079
    1    0    0    9   14    0.010664   -0.000015
    1    0    0   10   14    0.168184    0.000001
    1    0    0   11   14   -0.020653   -0.007599
    1    0    0   12   14   -0.005341    0.019773
    1    0    0   13   14    0.032128    0.000017
    1    0    0   14   14    0.028675   -0.000000
    1    0    0   15   14   -0.021300   -0.019500
    1    0    0   16   14    0.000498   -0.011370
    1    0    0    1   15    0.018111    0.008124
    1    0    0    2   15    0.043177    0.001567
    1    0    0    3   15    0.047395    0.015250
    1    0    0    4   15   -0.045526    0.003376
    1    0    0    5   15    0.006741    0.003493
    1    0    0    6   15   -0.004944    0.019575
    1    0    0    7   15    0.035409    0.004518
    1    0    0    8   15   -0.114806    0.006043
    1    0    0    9   15    0.024423   -0.003320
    1    0    0   10   15   -0.015790   -0.003954
    1    0    0   11   15    0.107744    0.001020
    1    0    0   12   15   -0.010338    0.019175
    1    0    0   13   15    0.876797   -0.029415
    1    0    0   14   15    0.008821    0.019410
    1    0    0   15   15    0.797643   -0.002612
    1    0    0   16   15    0.206149    0.009986
    1    0    0    1   16   -0.023859    0.018361
    1    0    0    2   16    0.040181    0.017903
    1    0    0    3   16    0.097697    0.003625
    1    0    0    4   16    0.039055    0.005107
    1    0    0    5   16    0.059494    0.012653
    1    0    0    6   16   -0.008877    0.013002
    1    0    0    7   16    0.052751   -0.005882
    1    0    0    8   16   -0.066195    0.009146
    1    0    0    9   16   -0.110865    0.002304
    1    0    0   10   16    0.006508    0.017411
    1    0    0   11   16    0.037598   -0.016433
    1    0    0   12   16    0.104599   -0.000903
    1    0    0   13   16   -0.592447   -0.008161
    1    0    0   14   16   -0.000504    0.009607
    1    0    0   15   16   -0.222456   -0.001631
    1    0    0   16   16   -0.613280    0.003499
    1    1    0    1    1   -0.999098    0.000013
    1    1    0    2    1   -0.099242    0.001268
    1    1    0    3    1   -0.063258   -0.031467
    1    1    0    4    1   -1.068379   -0.017168
    1    1    0    5    1   -0.437641    0.000560
    1    1    0    6    1    0.019620   -0.001350
    1    1    0    7    1    0.019368   -0.015734
    1    1    0    8    1    0.384991    0.001556
    1    1    0    9    1    0.106600    0.000807
    1    1    0   10    1   -0.107234    0.001328
    1    1    0   11    1   -0.015109   -0.004557
    1    1    0   12    1    0.038547   -0.029162
    1    1    0   13    1   -0.024711   -0.001894
    1    1    0   14    1    0.078372   -0.001199
    1    1    0   15    1   -0.026041    0.015551
    1    1    0   16    1   -0.019866    0.013418
    1    1    0    1    2   -0.099240   -0.001241
    1    1    0    2    2    0.009632    0.000000
    1    1    0    3    2    0.087742    0.005849
    1    1    0    4    2   -0.057965    0.008495
    1    1    0    5    2   -0.133485    0.000681
    1    1    0    6    2   -0.042956    0.000046
    1    1    0    7    2    0.043641    0.017502
    1    1    0    8    2   -0.046814    0.028383
    1    1    0    9    2    0.084200    0.000021
    1    1    0   10    2   -0.030543   -0.000185
    1    1    0   11    2   -0.022775   -0.000758
    1    1    0   12    2   -0.013795   -0.024874
    1    1    0   13    2   -0.045954    0.000021
    1    1    0   14    2    0.029893    0.000136
    1    1    0   15    2   -0.019906    0.015582
    1    1    0   16    2   -0.042891    0.012791
    1    1    0    1    3    0.934449   -0.009743
    1    1    0    2    3    0.102141   -0.006703
    1    1    0    3    3   -0.119287    0.004063
    1    1    0    4    3    1.212539   -0.021945
    1    1    0    5    3   -0.033495    0.020031
    1    1    0    6    3   -0.035691    0.014418
    1    1    0    7    3   -0.445896   -0.001294
    1    1    0    8    3   -0.009269   -0.006073
    1    1    0    9    3   -0.070998   -0.005364
    1    1    0   10    3    0.099628   -0.017982
    1    1    0   11    3    0.032248   -0.000163
    1    1    0   12    3   -0.013126   -0.035059
    1    1    0   13    3   -0.017488    0.055367
    1    1    0   14    3   -0.007338    0.003242
    1    1    0   15    3    0.010928    0.004288
    1    1    0   16    3   -0.009493    0.002852
    1    1    0    1    4    0.596214    0.024126
    1    1    0    2    4   -0.033708   -0.008308
    1    1    0    3    4    0.247474   -0.006570
    1    1    0    4    4    0.707500   -0.004572
    1    1    0    5    4   -0.429892    0.009727
    1    1    0    6    4   -0.018461    0.023479
    1    1    0    7    4   -0.028209   -0.004424
    1    1    0    8    4    0.049949    0.001796
    1    1    0    9    4   -0.087760   -0.002414
    1    1    0   10    4    0.039959   -0.031180
    1    1    0   11    4   -0.061814    0.020493
    1    1    0   12    4   -0.054128    0.002994
    1    1    0   13    4    0.013331    0.068860
    1    1    0   14    4   -0.040158    0.006035
    1    1    0   15    4   -0.011416   -0.006447
    1    1    0   16    4    0.041206   -0.005031
    1    1    0    1    5   -0.437634   -0.000566
    1    1    0    2    5   -0.133486   -0.000683
    1    1    0    3    5    0.365705    0.007931
    1    1    0    4    5    0.261979   -0.011070
    1    1    0    5    5   -1.161815    0.000005
    1    1    0    6    5    0.085470    0.000768
    1    1    0    7    5   -0.851745    0.027781
    1    1    0    8    5   -0.532830    0.035717
    1    1    0    9    5    0.159547   -0.000811
    1    1    0   10    5   -0.147850   -0.001326
    1    1    0   11    5    0.076779    0.001998
    1    1    0   12    5    0.023205    0.012395
    1    1    0   13    5   -0.102719    0.001897
    1    1    0   14    5    0.019161    0.001193
    1    1    0   15    5    0.036858    0.004754
    1    1    0   16    5   -0.065510    0.014534
    1    1    0    1    6    0.019623    0.001347
    1    1    0    2    6   -0.042956   -0.000046
    1    1    0    3    6    0.012546   -0.013524
    1    1    0    4    6    0.063434   -0.023583
    1    1    0    5    6    0.085467   -0.000787
    1    1    0    6    6   -0.008385   -0.000000
    1    1    0    7    6   -0.069575   -0.010853
    1    1    0    8    6   -0.006163   -0.018622
    1    1    0    9    6   -0.027503   -0.000021
    1    1    0   10    6    0.071157    0.000185
    1    1    0   11    6    0.111249   -0.022016
    1    1    0   12    6    0.041209   -0.016468
    1    1    0   13    6   -0.015822   -0.000022
    1    1    0   14    6   -0.019621   -0.000135
    1    1    0   15    6    0.006424    0.004010
    1    1    0   16    6   -0.016004    0.019381
    1    1    0    1    7   -0.320748   -0.017566
    1    1    0    2    7    0.046126   -0.018108
    1    1    0    3    7   -0.081412    0.001447
    1    1    0    4    7    0.241681   -0.013486
    1    1    0    5    7    0.038450   -0.011997
    1    1    0    6    7   -0.034154    0.011435
    1    1    0    7    7   -0.187214   -0.004244
    1    1    0    8    7    0.503199   -0.009759
    1    1    0    9    7   -0.140376   -0.015395
    1    1    0   10    7    0.042048   -0.007817
    1    1    0   11    7   -0.109882   -0.011038
    1    1    0   12    7   -0.086567    0.003753
    1    1    0   13    7   -0.008590   -0.001207
    1    1    0   14    7   -0.018912    0.019708
    1    1    0   15    7   -0.009597   -0.004129
    1    1    0   16    7    0.157522   -0.001435
    1    1    0    1    8   -0.232989    0.001989
    1    1    0    2    8   -0.042502   -0.028332
    1    1    0    3    8    0.220595    0.003505
    1    1    0    4    8   -0.310044   -0.002986
    1    1    0    5    8    0.970374   -0.033277
    1    1    0    6    8    0.055986    0.018617
    1    1    0    7    8    1.054108    0.027655
    1    1    0    8    8    0.695737    0.003703
    1    1    0    9    8   -0.074353   -0.016668
    1    1    0   10    8   -0.008927   -0.012440
    1    1    0   11    8   -0.086730   -0.041129
    1    1    0   12    8    0.006553    0.006638
    1    1    0   13    8    0.108374   -0.026495
    1    1    0   14    8   -0.015107    0.034132
    1    1    0   15    8   -0.043960   -0.011416
    1    1    0   16    8   -0.023188    0.007062
    1    1    0    1    9    0.106573   -0.000797
    1    1    0    2    9    0.084197   -0.000027
    1    1    0    3    9    0.044539    0.000818
    1    1    0    4    9    0.093911    0.003287
    1    1    0    5    9    0.159557    0.000804
    1    1    0    6    9   -0.027504    0.000022
    1    1    0    7    9    0.001661    0.008200
    1    1    0    8    9    0.150163    0.019176
    1    1    0    9    9   -0.838962   -0.000003
    1    1    0   10    9   -0.012451   -0.000012
    1    1    0   11    9   -0.268765    0.012225
    1    1    0   12    9   -0.674216    0.022625
    1    1    0   13    9   -0.124487    0.000007
    1    1    0   14    9    0.030065    0.000013
    1    1    0   15    9    0.019559   -0.000675
    1    1    0   16    9    0.366299   -0.002433
    1    1    0    1   10   -0.107228   -0.001348
    1    1    0    2   10   -0.030543    0.000185
    1    1    0    3   10    0.009276    0.016596
    1    1    0    4   10   -0.113433    0.031871
    1    1    0    5   10   -0.147842    0.001329
    1    1    0    6   10    0.071157   -0.000185
    1    1    0    7   10    0.016437    0.005350
    1    1    0    8   10   -0.049344    0.013513
    1    1    0    9   10   -0.012450    0.000019
    1    1    0   10   10   -0.114978   -0.000001
    1    1    0   11   10   -0.046789   -0.007280
    1    1    0   12   10    0.114208   -0.020698
    1    1    0   13   10    0.089830   -0.000021
    1    1    0   14   10   -0.057819   -0.000001
    1    1    0   15   10   -0.030254    0.009050
    1    1    0   16   10   -0.036243    0.011466
    1    1    0    1   11    0.028200    0.013915
    1    1    0    2   11    0.031435    0.001122
    1    1    0    3   11   -0.021238    0.007773
    1    1    0    4   11   -0.037689   -0.013095
    1    1    0    5   11   -0.001058   -0.008685
    1    1    0    6   11    0.037663    0.021737
    1    1    0    7   11    0.012040    0.015464
    1    1    0    8   11    0.002632    0.022745
    1    1    0    9   11    0.435162   -0.015231
    1    1    0   10   11   -0.105930    0.007031
    1    1    0   11   11   -0.327983    0.009306
    1    1    0   12   11    1.266918    0.014572
    1    1    0   13   11   -0.087389    0.012757
    1    1    0   14   11    0.047408    0.011076
    1    1    0   15   11   -0.684248   -0.008968
    1    1    0   16   11    0.012769   -0.013184
    1    1    0    1   12   -0.007161    0.040241
    1    1    0    2   12    0.077717    0.024835
    1    1    0    3   12   -0.033077    0.012203
    1    1    0    4   12   -0.023252    0.001348
    1    1    0    5   12   -0.000989   -0.017093
    1    1    0    6   12   -0.082655    0.016500
    1    1    0    7   12    0.008122   -0.011557
    1    1    0    8   12   -0.130247    0.005149
    1    1    0    9   12    0.574065   -0.009311
    1    1    0   10   12    0.018318    0.023149
    1    1    0   11   12    0.195495   -0.017173
    1    1    0   12   12    0.523073   -0.008598
    1    1    0   13   12    0.009699    0.000702
    1    1    0   14   12   -0.027062    0.014517
    1    1    0   15   12    0.016199    0.012198
    1    1    0   16   12    0.293572    0.008542
    1    1    0    1   13   -0.024705    0.001895
    1    1    0    2   13   -0.045953   -0.000021
    1    1    0    3   13   -0.004293   -0.044679
    1    1    0    4   13    0.050521   -0.075083
    1    1    0    5   13   -0.102751   -0.001915
    1    1    0    6   13   -0.015822    0.000020
    1    1    0    7   13   -0.108207    0.009305
    1    1    0    8   13   -0.054954    0.021101
    1    1    0    9   13   -0.124483   -0.000009
    1    1    0   10   13    0.089825    0.000022
    1    1    0   11   13   -0.066256   -0.025178
    1    1    0   12   13    0.077340    0.007731
    1    1    0   13   13   -1.062288    0.000004
    1    1    0   14   13    0.032130   -0.000019
    1    1    0   15   13   -1.053296   -0.028552
    1    1    0   16   13   -0.386769   -0.013694
    1    1    0    1   14    0.078376    0.001199
    1    1    0    2   14    0.029893   -0.000136
    1    1    0    3   14    0.041072   -0.000697
    1    1    0    4   14    0.040184   -0.007003
    1    1    0    5   14    0.019155   -0.001191
    1    1    0    6   14   -0.019621    0.000135
    1    1    0    7   14    0.011486   -0.016745
    1    1    0    8   14    0.034093   -0.035212
    1    1    0    9   14    0.030064   -0.000014
    1    1    0   10   14   -0.057819    0.000001
    1    1    0   11   14    0.053818   -0.011757
    1    1    0   12   14   -0.013501   -0.016040
    1    1    0   13   14    0.032130    0.000020
    1    1    0   14   14    0.028679    0.000000
    1    1    0   15   14    0.029810    0.007935
    1    1    0   16   14   -0.046965    0.015397
    1    1    0    1   15    0.027833   -0.010336
    1    1    0    2   15    0.010325   -0.015379
    1    1    0    3   15    0.009679   -0.001045
    1    1    0    4   15    0.013553    0.008221
    1    1    0    5   15    0.034124   -0.007649
    1    1    0    6   15   -0.003581   -0.004124
    1    1    0    7   15   -0.070254    0.003277
    1    1    0    8   15    0.110524   -0.004914
    1    1    0    9   15   -0.313248    0.000855
    1    1    0   10   15    0.005814   -0.008785
    1    1    0   11   15    0.037961    0.008424
    1    1    0   12   15    0.420609    0.007900
    1    1    0   13   15   -0.191772    0.020130
    1    1    0   14   15    0.045446   -0.008646
    1    1    0   15   15   -0.260789   -0.004701
    1    1    0   16   15    0.391055   -0.002294
    1    1    0    1   16   -0.006907   -0.008695
    1    1    0    2   16    0.007852   -0.012907
    1    1    0    3   16    0.014389   -0.017212
    1    1    0    4   16    0.022896    0.006183
    1    1    0    5   16   -0.008014   -0.013996
    1    1    0    6   16   -0.030876   -0.019315
    1    1    0    7   16   -0.050495    0.001207
    1    1    0    8   16    0.021955    0.001867
    1    1    0    9   16   -0.184418    0.009945
    1    1    0   10   16    0.030154   -0.009882
    1    1    0   11   16    0.437472    0.006555
    1    1    0   12   16   -0.432933   -0.007018
    1    1    0   13   16    1.091200    0.021903
    1    1    0   14   16   -0.020838   -0.016199
    1    1    0   15   16    0.833500    0.009747
    1    1    0   16   16    0.437423    0.005027
    1    2    0    1    1    0.168638   -0.000004
    1    2    0    2    1   -0.049853    0.001241
    1    2    0    3    1   -0.020753   -0.012848
    1    2    0    4    1   -0.008714   -0.001685
    1    2    0    5    1   -0.389753    0.000564
    1    2    0    6    1    0.059688   -0.001365
    1    2    0    7    1    0.099895   -0.005215
    1    2    0    8    1    0.037877    0.016385
    1    2    0    9    1    0.030838    0.000802
    1    2    0   10    1   -0.120181    0.001342
    1    2    0   11    1   -0.021453    0.018808
    1    2    0   12    1   -0.013121    0.017099
    1    2    0   13    1   -0.024752   -0.001893
    1    2    0   14    1    0.043537   -0.001195
    1    2    0   15    1    0.063943    0.000283
    1    2    0   16    1    0.060126   -0.013631
    1    2    0    1    2   -0.015886   -0.001237
    1    2    0    2    2   -0.132236   -0.000000
    1    2    0    3    2   -0.025584    0.016811
    1    2    0    4    2   -0.056240    0.028305
    1    2    0    5    2   -0.095965    0.000669
    1    2    0    6    2    0.169130    0.000046
    1    2    0    7    2    0.019591    0.005788
    1    2    0    8    2   -0.004508    0.009252
    1    2    0    9    2    0.015162    0.000022
    1    2    0   10    2   -0.029224   -0.000185
    1    2    0   11    2   -0.011490    0.024859
    1    2    0   12    2   -0.038944    0.017212
    1    2    0   13    2   -0.002974    0.000021
    1    2    0   14    2    0.008651    0.000136
    1    2    0   15    2    0.038269   -0.001148
    1    2    0   16    2    0.040249   -0.017982
    1    2    0    1    3   -0.025998   -0.013028
    1    2    0    2    3   -0.025709   -0.017192
    1    2    0    3    3    0.118451   -0.011168
    1    2    0    4    3   -0.052345   -0.003797
    1    2    0    5    3   -0.004778   -0.007643
    1    2    0    6    3    0.028834    0.011684
    1    2    0    7    3    0.047095   -0.009102
    1    2    0    8    3   -0.058144    0.005445
    1    2    0    9    3   -0.010279   -0.015145
    1    2    0   10    3   -0.012309   -0.010811
    1    2    0   11    3   -0.036397    0.006351
    1    2    0   12    3   -0.018562    0.007116
    1    2    0   13    3    0.034206   -0.011701
    1    2    0   14    3    0.011644    0.021319
    1    2    0   15    3   -0.059886    0.005816
    1    2    0   16    3   -0.031656   -0.005161
    1    2    0    1    4    0.048379   -0.029313
    1    2    0    2    4   -0.048440   -0.028723
    1    2    0    3    4   -0.036028   -0.018108
    1    2    0    4    4    0.037040    0.011851
    1    2    0    5    4   -0.013256    0.014119
    1    2    0    6    4    0.030553    0.019408
    1    2    0    7    4   -0.058965   -0.000735
    1    2    0    8    4    0.020837    0.008387
    1    2    0    9    4   -0.035139   -0.018428
    1    2    0   10    4   -0.061794   -0.014233
    1    2    0   11    4   -0.014416   -0.036634
    1    2    0   12    4    0.035178    0.006313
    1    2    0   13    4    0.030309   -0.024874
    1    2    0   14    4    0.016064    0.034104
    1    2    0   15    4   -0.044190   -0.009562
    1    2    0   16    4   -0.001184   -0.003895
    1    2    0    1    5    0.300811   -0.000581
    1    2    0    2    5   -0.098604   -0.000688
    1    2    0    3    5    0.179045    0.035737
    1    2    0    4    5   -0.164183    0.031964
    1    2    0    5    5    0.228050    0.000003
    1    2    0    6    5    0.116133    0.000789
    1    2    0    7    5    0.023082    0.020502
    1    2    0    8    5   -0.185543    0.003957
    1    2    0    9    5    0.033508   -0.000798
    1    2    0   10    5   -0.049746   -0.001329
    1    2    0   11    5   -0.006167    0.001666
    1    2    0   12    5   -0.047823    0.023458
    1    2    0   13    5    0.029535    0.001903
    1    2    0   14    5    0.000973    0.001189
    1    2    0   15    5    0.020551   -0.017862
    1    2    0   16    5   -0.019394   -0.012092
    1    2    0    1    6    0.019370    0.001373
    1    2    0    2    6    0.205104   -0.000047
    1    2    0    3    6   -0.003943   -0.011166
    1    2    0    4    6    0.008969   -0.018815
    1    2    0    5    6    0.089898   -0.000796
    1    2    0    6    6   -0.148592   -0.000000
    1    2    0    7    6    0.020884   -0.013466
    1    2    0    8    6    0.088537   -0.022825
    1    2    0    9    6    0.013296   -0.000025
    1    2    0   10    6    0.001576    0.000185
    1    2    0   11    6   -0.032464   -0.004328
    1    2    0   12    6   -0.001978    0.026624
    1    2    0   13    6    0.054605   -0.000023
    1    2    0   14    6   -0.003417   -0.000135
    1    2    0   15    6    0.004555   -0.020018
    1    2    0   16    6   -0.030189   -0.012940
    1    2    0    1    7   -0.169985    0.026242
    1    2    0    2    7   -0.020462   -0.005257
    1    2    0    3    7    0.317843   -0.003418
    1    2    0    4    7   -0.013826   -0.017198
    1    2    0    5    7    0.042751   -0.018339
    1    2    0    6    7    0.021057    0.013842
    1    2    0    7    7    0.069678    0.007577
    1    2    0    8    7   -0.047849    0.027722
    1    2    0    9    7    0.056800   -0.005610
    1    2    0   10    7   -0.046189   -0.020369
    1    2    0   11    7   -0.037772    0.014178
    1    2    0   12    7    0.099867   -0.009931
    1    2    0   13    7    0.022872    0.041139
    1    2    0   14    7    0.006860    0.004865
    1    2    0   15    7   -0.071973    0.009927
    1    2    0   16    7   -0.018713    0.017298
    1    2    0    1    8    0.141776    0.027045
    1    2    0    2    8   -0.050032   -0.008271
    1    2    0    3    8   -0.259576   -0.003156
    1    2    0    4    8    0.028091    0.002842
    1    2    0    5    8   -0.002899    0.004690
    1    2    0    6    8   -0.017219    0.023426
    1    2    0    7    8   -0.074607   -0.008744
    1    2    0    8    8    0.144489   -0.006894
    1    2    0    9    8   -0.046179   -0.001461
    1    2    0   10    8    0.028355   -0.030749
    1    2    0   11    8   -0.110589    0.011109
    1    2    0   12    8   -0.080278   -0.002017
    1    2    0   13    8   -0.004225    0.068967
    1    2    0   14    8   -0.019542    0.005996
    1    2    0   15    8   -0.004549   -0.009249
    1    2    0   16    8    0.123219   -0.000262
    1    2    0    1    9   -0.067884   -0.000794
    1    2    0    2    9    0.036281   -0.000022
    1    2    0    3    9   -0.001500    0.013603
    1    2    0    4    9    0.038951    0.017484
    1    2    0    5    9   -0.052163    0.000804
    1    2    0    6    9   -0.037977    0.000023
    1    2    0    7    9    0.044775    0.007870
    1    2    0    8    9    0.019102    0.010400
    1    2    0    9    9    0.064127   -0.000002
    1    2    0   10    9   -0.002381   -0.000015
    1    2    0   11    9   -0.007299   -0.013059
    1    2    0   12    9   -0.065794    0.000196
    1    2    0   13    9   -0.016782    0.000013
    1    2    0   14    9   -0.021629    0.000013
    1    2    0   15    9   -0.051309   -0.005123
    1    2    0   16    9   -0.034871    0.005221
    1    2    0    1   10   -0.002849   -0.001351
    1    2    0    2   10   -0.053608    0.000185
    1    2    0    3   10   -0.012303    0.009581
    1    2    0    4   10   -0.045792    0.013547
    1    2    0    5   10   -0.049774    0.001333
    1    2    0    6   10    0.016964   -0.000185
    1    2    0    7   10    0.003931    0.018982
    1    2    0    8   10   -0.008193    0.030533
    1    2    0    9   10   -0.004088    0.000018
    1    2    0   10   10   -0.066427   -0.000000
    1    2    0   11   10    0.005129    0.025408
    1    2    0   12   10   -0.099327    0.015867
    1    2    0   13   10   -0.014564   -0.000022
    1    2    0   14   10    0.096050   -0.000001
    1    2    0   15   10    0.037390    0.001859
    1    2    0   16   10    0.039932   -0.015848
    1    2    0    1   11   -0.013889   -0.009230
    1    2    0    2   11   -0.011247   -0.024584
    1    2    0    3   11    0.086320    0.006615
    1    2    0    4   11    0.017013    0.029982
    1    2    0    5   11    0.055463    0.000391
    1    2    0    6   11   -0.022980    0.004627
    1    2    0    7   11    0.017739    0.001867
    1    2    0    8   11   -0.038571   -0.017261
    1    2    0    9   11   -0.014979    0.000437
    1    2    0   10   11    0.003297   -0.028263
    1    2    0   11   11   -0.163885    0.001699
    1    2    0   12   11   -0.015528   -0.005410
    1    2    0   13   11    0.125543    0.000818
    1    2    0   14   11   -0.001110    0.007662
    1    2    0   15   11    0.065189   -0.001806
    1    2    0   16   11    0.150672   -0.003963
    1    2    0    1   12    0.024818    0.021656
    1    2    0    2   12   -0.161852   -0.016735
    1    2    0    3   12   -0.013842   -0.014472
    1    2    0    4   12   -0.055732    0.002460
    1    2    0    5   12    0.040552   -0.029290
    1    2    0    6   12   -0.043406   -0.025972
    1    2    0    7   12   -0.028030    0.027066
    1    2    0    8   12    0.082513    0.008349
    1    2    0    9   12    0.319853    0.004605
    1    2    0   10   12    0.195986   -0.015931
    1    2    0   11   12   -0.037787   -0.014605
    1    2    0   12   12    0.020413   -0.002631
    1    2    0   13   12    0.112411    0.040869
    1    2    0   14   12   -0.027817   -0.021296
    1    2    0   15   12    0.099373   -0.011466
    1    2    0   16   12   -0.065468    0.002429
    1    2    0    1   13    0.091439    0.001905
    1    2    0    2   13   -0.114763   -0.000023
    1    2    0    3   13    0.012038    0.017042
    1    2    0    4   13    0.002838    0.021690
    1    2    0    5   13   -0.085003   -0.001910
    1    2    0    6   13    0.096433    0.000021
    1    2    0    7   13    0.024976   -0.042298
    1    2    0    8   13    0.041328   -0.081742
    1    2    0    9   13   -0.194941   -0.000009
    1    2    0   10   13    0.072419    0.000022
    1    2    0   11   13   -0.142719    0.000328
    1    2    0   12   13   -0.146610   -0.021994
    1    2    0   13   13    0.196958   -0.000000
    1    2    0   14   13   -0.012878   -0.000018
    1    2    0   15   13    0.016635    0.018870
    1    2    0   16   13    0.087140    0.016376
    1    2    0    1   14    0.067268    0.001195
    1    2    0    2   14    0.013478   -0.000136
    1    2    0    3   14    0.017469   -0.020974
    1    2    0    4   14    0.046578   -0.035421
    1    2    0    5   14    0.065738   -0.001189
    1    2    0    6   14   -0.021502    0.000136
    1    2    0    7   14    0.006782   -0.003243
    1    2    0    8   14   -0.009470   -0.005329
    1    2    0    9   14    0.010663   -0.000013
    1    2    0   10   14    0.168183    0.000001
    1    2    0   11   14    0.007820   -0.006511
    1    2    0   12   14   -0.054054    0.020243
    1    2    0   13   14   -0.058489    0.000019
    1    2    0   14   14   -0.064967   -0.000000
    1    2    0   15   14   -0.006727   -0.018706
    1    2    0   16   14   -0.037002   -0.010407
    1    2    0    1   15   -0.011898   -0.000684
    1    2    0    2   15    0.041241    0.001291
    1    2    0    3   15    0.045705    0.007043
    1    2    0    4   15    0.066759   -0.004625
    1    2    0    5   15    0.011948    0.006008
    1    2    0    6   15    0.004242    0.019548
    1    2    0    7   15    0.044863   -0.001835
    1    2    0    8   15   -0.005474    0.004880
    1    2    0    9   15   -0.091902   -0.004173
    1    2    0   10   15   -0.019976   -0.002794
    1    2    0   11   15    0.118657   -0.011299
    1    2    0   12   15    0.002526    0.014208
    1    2    0   13   15    0.015917   -0.019283
    1    2    0   14   15   -0.006151    0.019727
    1    2    0   15   15    0.017616   -0.007025
    1    2    0   16   15    0.001601    0.000624
    1    2    0    1   16    0.017243    0.022411
    1    2    0    2   16    0.043629    0.018073
    1    2    0    3   16   -0.035366    0.002940
    1    2    0    4   16    0.008866   -0.007305
    1    2    0    5   16    0.027757   -0.007366
    1    2    0    6   16   -0.025553    0.012323
    1    2    0    7   16   -0.000046   -0.009706
    1    2    0    8   16    0.008128    0.006939
    1    2    0    9   16    0.069950   -0.006266
    1    2    0   10   16    0.012545    0.017370
    1    2    0   11   16    0.010320   -0.011863
    1    2    0   12   16    0.085385    0.011805
    1    2    0   13   16    0.081251   -0.000644
    1    2    0   14   16   -0.010171    0.010565
    1    2    0   15   16    0.006360    0.001923
    1    2    0   16   16    0.110763    0.006594
    2    0    0    1    1   -0.179174    0.000000
    2    0    0    2    1   -0.040537    0.001255
    2    0    0    3    1   -0.018532    0.016979
    2    0    0    4    1   -0.277591    0.005222
    2    0    0    5    1    0.300846    0.000569
    2    0    0    6    1    0.019364   -0.001362
    2    0    0    7    1   -0.068879    0.032494
    2    0    0    8    1   -0.216386    0.022341
    2    0    0    9    1   -0.048617    0.000785
    2    0    0   10    1   -0.027232    0.001335
    2    0    0   11    1    0.004812   -0.006985
    2    0    0   12    1   -0.047849   -0.023802
    2    0    0   13    1    0.091449   -0.001904
    2    0    0   14    1    0.067269   -0.001195
    2    0    0   15    1   -0.007207   -0.004197
    2    0    0   16    1   -0.035922   -0.012783
    2    0    0    1    2   -0.040537   -0.001255
    2    0    0    2    2   -0.202070    0.000000
    2    0    0    3    2   -0.048098    0.006120
    2    0    0    4    2   -0.010788    0.009777
    2    0    0    5    2   -0.098605    0.000692
    2    0    0    6    2    0.205105    0.000046
    2    0    0    7    2   -0.033019    0.017486
    2    0    0    8    2    0.023690    0.029261
    2    0    0    9    2    0.012670    0.000023
    2    0    0   10    2   -0.005402   -0.000185
    2    0    0   11    2    0.021150   -0.003047
    2    0    0   12    2   -0.028107   -0.018541
    2    0    0   13    2   -0.114761    0.000021
    2    0    0   14    2    0.013479    0.000136
    2    0    0   15    2   -0.034569    0.013488
    2    0    0   16    2   -0.001053    0.016806
    2    0    0    1    3   -0.018532   -0.016979
    2    0    0    2    3   -0.048098   -0.006120
    2    0    0    3    3    0.256047   -0.000000
    2    0    0    4    3   -0.062967   -0.008260
    2    0    0    5    3    0.082601    0.014377
    2    0    0    6    3    0.066456    0.014496
    2    0    0    7    3    0.017726    0.007251
    2    0    0    8    3   -0.239880    0.014464
    2    0    0    9    3    0.001821   -0.000145
    2    0    0   10    3   -0.025552   -0.016638
    2    0    0   11    3    0.097746   -0.012664
    2    0    0   12    3    0.009108   -0.005971
    2    0    0   13    3    0.056411    0.047487
    2    0    0   14    3   -0.021162    0.003587
    2    0    0   15    3    0.045188   -0.009922
    2    0    0   16    3   -0.094857    0.001785
    2    0    0    1    4   -0.277591   -0.005222
    2    0    0    2    4   -0.010788   -0.009777
    2    0    0    3    4   -0.062967    0.008260
    2    0    0    4    4    0.213068    0.000000
    2    0    0    5    4    0.249663   -0.016147
    2    0    0    6    4   -0.020279    0.022139
    2    0    0    7    4   -0.041831   -0.024615
    2    0    0    8    4    0.308068   -0.008072
    2    0    0    9    4   -0.050401   -0.013047
    2    0    0   10    4   -0.019438   -0.028794
    2    0    0   11    4   -0.019084    0.005015
    2    0    0   12    4   -0.097502   -0.011132
    2    0    0   13    4    0.006355    0.085179
    2    0    0   14    4   -0.008833    0.002558
    2    0    0   15    4    0.026570   -0.014826
    2    0    0   16    4    0.043458   -0.003012
    2    0    0    1    5    0.300846   -0.000569
    2    0    0    2    5   -0.098605   -0.000692
    2    0    0    3    5    0.082601   -0.014377
    2    0    0    4    5    0.249663    0.016147
    2    0    0    5    5   -0.346030    0.000000
    2    0    0    6    5    0.104672    0.000778
    2    0    0    7    5    0.005659   -0.032556
    2    0    0    8    5    0.184808   -0.010171
    2    0    0    9    5    0.033499   -0.000800
    2    0    0   10    5   -0.049736   -0.001321
    2    0    0   11    5    0.001205   -0.008166
    2    0    0   12    5    0.014108   -0.010884
    2    0    0   13    5    0.028096    0.001896
    2    0    0   14    5    0.021595    0.001191
    2    0    0   15    5   -0.023694    0.013519
    2    0    0   16    5   -0.051416    0.024417
    2    0    0    1    6    0.019364    0.001362
    2    0    0    2    6    0.205105   -0.000046
    2    0    0    3    6    0.066456   -0.014496
    2    0    0    4    6   -0.020279   -0.022139
    2    0    0    5    6    0.104672   -0.000778
    2    0    0    6    6   -0.229653    0.000000
    2    0    0    7    6    0.039652   -0.012810
    2    0    0    8    6   -0.026821   -0.019026
    2    0    0    9    6    0.013294   -0.000025
    2    0    0   10    6    0.001576    0.000185
    2    0    0   11    6   -0.033944   -0.024909
    2    0    0   12    6   -0.008061   -0.024737
    2    0    0   13    6    0.014043   -0.000021
    2    0    0   14    6    0.009045   -0.000136
    2    0    0   15    6   -0.023814    0.002097
    2    0    0   16    6   -0.012004    0.013684
    2    0    0    1    7   -0.068879   -0.032494
    2    0    0    2    7   -0.033019   -0.017486
    2    0    0    3    7    0.017726   -0.007251
    2    0    0    4    7   -0.041831    0.024615
    2    0    0    5    7    0.005659    0.032556
    2    0    0    6    7    0.039652    0.012810
    2    0    0    7    7    0.090959    0.000000
    2    0    0    8    7   -0.047711   -0.001477
    2    0    0    9    7    0.008959   -0.006146
    2    0    0   10    7   -0.050394   -0.008271
    2    0    0   11    7   -0.058454   -0.018042
    2    0    0   12    7    0.075084    0.027030
    2    0    0   13    7    0.037849   -0.009831
    2    0    0   14    7    0.014568    0.021298
    2    0    0   15    7   -0.065854   -0.016414
    2    0    0   16    7    0.015867   -0.020000
    2    0    0    1    8   -0.216386   -0.022341
    2    0    0    2    8    0.023690   -0.029261
    2    0    0    3    8   -0.239880   -0.014464
    2    0    0    4    8    0.308068    0.008072
    2    0    0    5    8    0.184808    0.010171
    2    0    0    6    8   -0.026821    0.019026
    2    0    0    7    8   -0.047711    0.001477
    2    0    0    8    8    0.332923    0.000000
    2    0    0    9    8    0.072343   -0.021759
    2    0    0   10    8   -0.052762   -0.013698
    2    0    0   11    8   -0.125519   -0.032565
    2    0    0   12    8   -0.035731    0.007405
    2    0    0   13    8   -0.050288   -0.017184
    2    0    0   14    8    0.011737    0.032410
    2    0    0   15    8   -0.003130   -0.005408
    2    0    0   16    8    0.029890    0.001123
    2    0    0    1    9   -0.048617   -0.000785
    2    0    0    2    9    0.012670   -0.000023
    2    0    0    3    9    0.001821    0.000145
    2    0    0    4    9   -0.050401    0.013047
    2    0    0    5    9    0.033499    0.000800
    2    0    0    6    9    0.013294    0.000025
    2    0    0    7    9    0.008959    0.006146
    2    0    0    8    9    0.072343    0.021759
    2    0    0    9    9    0.118672    0.000000
    2    0    0   10    9    0.014821   -0.000014
    2    0    0   11    9   -0.003863    0.005744
    2    0    0   12    9   -0.074768   -0.005440
    2    0    0   13    9   -0.194946    0.000011
    2    0    0   14    9    0.010663    0.000013
    2    0    0   15    9   -0.028847    0.004742
    2    0    0   16    9   -0.099853   -0.002949
    2    0    0    1   10   -0.027232   -0.001335
    2    0    0    2   10   -0.005402    0.000185
    2    0    0    3   10   -0.025552    0.016638
    2    0    0    4   10   -0.019438    0.028794
    2    0    0    5   10   -0.049736    0.001321
    2    0    0    6   10    0.001576   -0.000185
    2    0    0    7   10   -0.050394    0.008271
    2    0    0    8   10   -0.052762    0.013698
    2    0    0    9   10    0.014821    0.000014
    2    0    0   10   10   -0.208374   -0.000000
    2    0    0   11   10    0.043451    0.002099
    2    0    0   12   10    0.039369   -0.014791
    2    0    0   13   10    0.072421   -0.000024
    2    0    0   14   10    0.168183   -0.000001
    2    0    0   15   10    0.049899    0.017049
    2    0    0   16   10   -0.044025    0.018092
    2    0    0    1   11    0.004812    0.006985
    2    0    0    2   11    0.021150    0.003047
    2    0    0    3   11    0.097746    0.012664
    2    0    0    4   11   -0.019084   -0.005015
    2    0    0    5   11    0.001205    0.008166
    2    0    0    6   11   -0.033944    0.024909
    2    0    0    7   11   -0.058454    0.018042
    2    0    0    8   11   -0.125519    0.032565
    2    0    0    9   11   -0.003863   -0.005744
    2    0    0   10   11    0.043451   -0.002099
    2    0    0   11   11    0.635651    0.000000
    2    0    0   12   11   -0.035625    0.018296
    2    0    0   13   11    0.347980   -0.022654
    2    0    0   14   11   -0.036469    0.023287
    2    0    0   15   11    0.128452    0.001391
    2    0    0   16   11   -0.067763    0.014389
    2    0    0    1   12   -0.047849    0.023802
    2    0    0    2   12   -0.028107    0.018541
    2    0    0    3   12    0.009108    0.005971
    2    0    0    4   12   -0.097502    0.011132
    2    0    0    5   12    0.014108    0.010884
    2    0    0    6   12   -0.008061    0.024737
    2    0    0    7   12    0.075084   -0.027030
    2    0    0    8   12   -0.035731   -0.007405
    2    0    0    9   12   -0.074768    0.005440
    2    0    0   10   12    0.039369    0.014791
    2    0    0   11   12   -0.035625   -0.018296
    2    0    0   12   12    0.348966    0.000000
    2    0    0   13   12   -0.110364   -0.039401
    2    0    0   14   12    0.061567    0.021475
    2    0    0   15   12   -0.026199   -0.008454
    2    0    0   16   12    0.094499   -0.000621
    2    0    0    1   13    0.091449    0.001904
    2    0    0    2   13   -0.114761   -0.000021
    2    0    0    3   13    0.056411   -0.047487
    2    0    0    4   13    0.006355   -0.085179
    2    0    0    5   13    0.028096   -0.001896
    2    0    0    6   13    0.014043    0.000021
    2    0    0    7   13    0.037849    0.009831
    2    0    0    8   13   -0.050288    0.017184
    2    0    0    9   13   -0.194946   -0.000011
    2    0    0   10   13    0.072421    0.000024
    2    0    0   11   13    0.347980    0.022654
    2    0    0   12   13   -0.110364    0.039401
    2    0    0   13   13   -0.579850    0.000000
    2    0    0   14   13   -0.001616   -0.000019
    2    0    0   15   13    0.075340   -0.004143
    2    0    0   16   13   -0.145462   -0.013057
    2    0    0    1   14    0.067269    0.001195
    2    0    0    2   14    0.013479   -0.000136
    2    0    0    3   14   -0.021162   -0.003587
    2    0    0    4   14   -0.008833   -0.002558
    2    0    0    5   14    0.021595   -0.001191
    2    0    0    6   14    0.009045    0.000136
    2    0    0    7   14    0.014568   -0.021298
    2    0    0    8   14    0.011737   -0.032410
    2    0    0    9   14    0.010663   -0.000013
    2    0    0   10   14    0.168183    0.000001
    2    0    0   11   14   -0.036469   -0.023287
    2    0    0   12   14    0.061567   -0.021475
    2    0    0   13   14   -0.001616    0.000019
    2    0    0   14   14   -0.123558    0.000000
    2    0    0   15   14   -0.035033   -0.001374
    2    0    0   16   14   -0.018833    0.009537
    2    0    0    1   15   -0.007207    0.004197
    2    0    0    2   15   -0.034569   -0.013488
    2    0    0    3   15    0.045188    0.009922
    2    0    0    4   15    0.026570    0.014826
    2    0    0    5   15   -0.023694   -0.013519
    2    0    0    6   15   -0.023814   -0.002097
    2    0    0    7   15   -0.065854    0.016414
    2    0    0    8   15   -0.003130    0.005408
    2    0    0    9   15   -0.028847   -0.004742
    2    0    0   10   15    0.049899   -0.017049
    2    0    0   11   15    0.128452   -0.001391
    2    0    0   12   15   -0.026199    0.008454
    2    0    0   13   15    0.075340    0.004143
    2    0    0   14   15   -0.035033    0.001374
    2    0    0   15   15    0.129883    0.000000
    2    0    0   16   15   -0.014517    0.014977
    2    0    0    1   16   -0.035922    0.012783
    2    0    0    2   16   -0.001053   -0.016806
    2    0    0    3   16   -0.094857   -0.001785
    2    0    0    4   16    0.043458    0.003012
    2    0    0    5   16   -0.051416   -0.024417
    2    0    0    6   16   -0.012004   -0.013684
    2    0    0    7   16    0.015867    0.020000
    2    0    0    8   16    0.029890   -0.001123
    2    0    0    9   16   -0.099853    0.002949
    2    0    0   10   16   -0.044025   -0.018092
    2    0    0   11   16   -0.067763   -0.014389
    2    0    0   12   16    0.094499    0.000621
    2    0    0   13   16   -0.145462    0.013057
    2    0    0   14   16   -0.018833   -0.009537
    2    0    0   15   16   -0.014517   -0.014977
    2    0    0   16   16    0.157981    0.000000
    2    1    0    1    1    0.168635    0.000009
    2    1    0    2    1   -0.015877    0.001240
    2    1    0    3    1   -0.072676    0.004172
    2    1    0    4    1   -0.059268    0.028045
    2    1    0    5    1    0.300807    0.000553
    2    1    0    6    1    0.019378   -0.001344
    2    1    0    7    1   -0.183050   -0.025963
    2    1    0    8    1    0.068628   -0.030747
    2    1    0    9    1   -0.067885    0.000796
    2    1    0   10    1   -0.002849    0.001350
    2    1    0   11    1   -0.095741    0.011246
    2    1    0   12    1   -0.047976   -0.019462
    2    1    0   13    1    0.091443   -0.001886
    2    1    0   14    1    0.067264   -0.001199
    2    1    0   15    1   -0.028222    0.000659
    2    1    0   16    1    0.023672   -0.022988
    2    1    0    1    2   -0.049859   -0.001242
    2    1    0    2    2   -0.132236    0.000000
    2    1    0    3    2    0.012872    0.017322
    2    1    0    4    2    0.018075    0.029381
    2    1    0    5    2   -0.098602    0.000665
    2    1    0    6    2    0.205104    0.000047
    2    1    0    7    2    0.041085    0.005626
    2    1    0    8    2    0.055880    0.008910
    2    1    0    9    2    0.036281    0.000023
    2    1    0   10    2   -0.053608   -0.000185
    2    1    0   11    2    0.108992    0.019796
    2    1    0   12    2    0.053862    0.022620
    2    1    0   13    2   -0.114761    0.000021
    2    1    0   14    2    0.013478    0.000135
    2    1    0   15    2    0.002384   -0.004873
    2    1    0   16    2   -0.018493   -0.013737
    2    1    0    1    3    0.025175   -0.019368
    2    1    0    2    3    0.020178   -0.017757
    2    1    0    3    3    0.070927    0.015177
    2    1    0    4    3   -0.056677    0.008206
    2    1    0    5    3    0.197917   -0.001477
    2    1    0    6    3   -0.014589    0.011938
    2    1    0    7    3    0.217321    0.004603
    2    1    0    8    3   -0.074074   -0.010272
    2    1    0    9    3   -0.039253   -0.010998
    2    1    0   10    3    0.022602   -0.007770
    2    1    0   11    3   -0.032273   -0.014569
    2    1    0   12    3   -0.096451    0.001474
    2    1    0   13    3    0.001957   -0.006000
    2    1    0   14    3   -0.025277    0.020668
    2    1    0   15    3    0.028601   -0.010547
    2    1    0   16    3    0.051665   -0.013701
    2    1    0    1    4   -0.019429    0.009922
    2    1    0    2    4    0.021900   -0.028879
    2    1    0    3    4   -0.066314   -0.015025
    2    1    0    4    4    0.076379   -0.016389
    2    1    0    5    4   -0.062691   -0.039079
    2    1    0    6    4   -0.008521    0.018160
    2    1    0    7    4   -0.317799    0.004168
    2    1    0    8    4    0.118412   -0.004375
    2    1    0    9    4   -0.024961   -0.021094
    2    1    0   10    4    0.017016   -0.012168
    2    1    0   11    4   -0.099381   -0.015697
    2    1    0   12    4    0.086040    0.002135
    2    1    0   13    4   -0.024119   -0.018415
    2    1    0   14    4   -0.028407    0.032700
    2    1    0   15    4   -0.088901    0.006530
    2    1    0   16    4    0.041344    0.005710
    2    1    0    1    5   -0.389764   -0.000575
    2    1    0    2    5   -0.095972   -0.000671
    2    1    0    3    5   -0.005794    0.001301
    2    1    0    4    5    0.054296   -0.008280
    2    1    0    5    5    0.228038   -0.000008
    2    1    0    6    5    0.089891    0.000792
    2    1    0    7    5    0.001249    0.002801
    2    1    0    8    5    0.010891    0.002893
    2    1    0    9    5   -0.052137   -0.000796
    2    1    0   10    5   -0.049768   -0.001334
    2    1    0   11    5    0.015018    0.004706
    2    1    0   12    5   -0.061709    0.032162
    2    1    0   13    5   -0.085008    0.001895
    2    1    0   14    5    0.065737    0.001187
    2    1    0   15    5    0.010762   -0.000937
    2    1    0   16    5    0.019946    0.011120
    2    1    0    1    6    0.059679    0.001367
    2    1    0    2    6    0.169130   -0.000046
    2    1    0    3    6   -0.015586   -0.011551
    2    1    0    4    6   -0.046984   -0.018969
    2    1    0    5    6    0.116140   -0.000791
    2    1    0    6    6   -0.148592    0.000000
    2    1    0    7    6    0.039193   -0.013911
    2    1    0    8    6    0.014181   -0.022850
    2    1    0    9    6   -0.037977   -0.000024
    2    1    0   10    6    0.016963    0.000185
    2    1    0   11    6    0.000976    0.006722
    2    1    0   12    6   -0.007808    0.018646
    2    1    0   13    6    0.096437   -0.000021
    2    1    0   14    6   -0.021502   -0.000136
    2    1    0   15    6    0.040718   -0.011112
    2    1    0   16    6    0.033738   -0.017691
    2    1    0    1    7    0.041193   -0.028247
    2    1    0    2    7    0.021314   -0.006664
    2    1    0    3    7    0.069396    0.008106
    2    1    0    4    7   -0.006877   -0.004153
    2    1    0    5    7    0.175695    0.010679
    2    1    0    6    7   -0.052847    0.014221
    2    1    0    7    7    0.152683   -0.011900
    2    1    0    8    7    0.002266    0.007472
    2    1    0    9    7   -0.004178   -0.007407
    2    1    0   10    7    0.005052   -0.017994
    2    1    0   11    7    0.091628   -0.012239
    2    1    0   12    7    0.029171   -0.031745
    2    1    0   13    7    0.005253    0.053405
    2    1    0   14    7    0.018388    0.003514
    2    1    0   15    7    0.006496   -0.003629
    2    1    0   16    7   -0.018034    0.005127
    2    1    0    1    8   -0.143276   -0.009092
    2    1    0    2    8   -0.002361   -0.009797
    2    1    0    3    8   -0.008236    0.005453
    2    1    0    4    8   -0.007266   -0.008076
    2    1    0    5    8    0.125771   -0.009169
    2    1    0    6    8   -0.038469    0.022259
    2    1    0    7    8    0.000358   -0.008519
    2    1    0    8    8    0.053298    0.010663
    2    1    0    9    8   -0.059892   -0.012927
    2    1    0   10    8   -0.004825   -0.028882
    2    1    0   11    8   -0.024821    0.004762
    2    1    0   12    8    0.030576    0.002792
    2    1    0   13    8   -0.001410    0.084608
    2    1    0   14    8    0.010150    0.002406
    2    1    0   15    8   -0.041231   -0.019470
    2    1    0   16    8    0.062250   -0.003862
    2    1    0    1    9    0.030850   -0.000797
    2    1    0    2    9    0.015163   -0.000022
    2    1    0    3    9    0.024040    0.007977
    2    1    0    4    9    0.007363    0.022895
    2    1    0    5    9    0.033507    0.000812
    2    1    0    6    9    0.013294    0.000019
    2    1    0    7    9    0.073060   -0.002036
    2    1    0    8    9   -0.033720    0.006502
    2    1    0    9    9    0.064124   -0.000001
    2    1    0   10    9   -0.004088   -0.000017
    2    1    0   11    9   -0.269316    0.011398
    2    1    0   12    9   -0.151650   -0.003774
    2    1    0   13    9   -0.194947    0.000010
    2    1    0   14    9    0.010662    0.000015
    2    1    0   15    9   -0.097886    0.013918
    2    1    0   16    9    0.038832    0.004717
    2    1    0    1   10   -0.120175   -0.001341
    2    1    0    2   10   -0.029224    0.000185
    2    1    0    3   10    0.032950    0.007595
    2    1    0    4   10    0.021956    0.013608
    2    1    0    5   10   -0.049763    0.001337
    2    1    0    6   10    0.001576   -0.000185
    2    1    0    7   10   -0.054070    0.016862
    2    1    0    8   10    0.020015    0.030161
    2    1    0    9   10   -0.002379    0.000015
    2    1    0   10   10   -0.066427    0.000000
    2    1    0   11   10   -0.178510    0.011415
    2    1    0   12   10   -0.121074    0.025093
    2    1    0   13   10    0.072419   -0.000023
    2    1    0   14   10    0.168183   -0.000001
    2    1    0   15   10   -0.006534   -0.009474
    2    1    0   16   10    0.035229   -0.010964
    2    1    0    1   11    0.018799   -0.011530
    2    1    0    2   11    0.004072   -0.019796
    2    1    0    3   11   -0.001887    0.009118
    2    1    0    4   11    0.004149    0.029707
    2    1    0    5   11   -0.017248   -0.013437
    2    1    0    6   11   -0.042045   -0.007386
    2    1    0    7   11   -0.069815    0.000670
    2    1    0    8   11    0.054683   -0.017060
    2    1    0    9   11    0.057412   -0.001808
    2    1    0   10   11    0.075368   -0.008788
    2    1    0   11   11   -0.005310    0.007631
    2    1    0   12   11    0.057074    0.004543
    2    1    0   13   11    0.062881    0.044671
    2    1    0   14   11    0.036344   -0.014813
    2    1    0   15   11    0.100005    0.008965
    2    1    0   16   11   -0.021838    0.020802
    2    1    0    1   12    0.004920   -0.008223
    2    1    0    2   12   -0.006852   -0.023116
    2    1    0    3   12    0.006524   -0.016971
    2    1    0    4   12    0.001320   -0.006536
    2    1    0    5   12    0.011316   -0.031006
    2    1    0    6   12   -0.020853   -0.019255
    2    1    0    7   12   -0.073660    0.006777
    2    1    0    8   12   -0.041072    0.002740
    2    1    0    9   12    0.044364    0.012296
    2    1    0   10   12    0.026694   -0.022573
    2    1    0   11   12    0.077152    0.012876
    2    1    0   12   12   -0.126978   -0.005959
    2    1    0   13   12    0.165565    0.004861
    2    1    0   14   12   -0.005576   -0.013199
    2    1    0   15   12   -0.002591    0.003075
    2    1    0   16   12    0.113508   -0.009153
    2    1    0    1   13   -0.024781    0.001899
    2    1    0    2   13   -0.002979   -0.000021
    2    1    0    3   13   -0.010869    0.011318
    2    1    0    4   13   -0.042851    0.015381
    2    1    0    5   13    0.029524   -0.001907
    2    1    0    6   13    0.054603    0.000021
    2    1    0    7   13    0.034659   -0.044150
    2    1    0    8   13    0.016862   -0.077205
    2    1    0    9   13   -0.016772   -0.000009
    2    1    0   10   13   -0.014563    0.000023
    2    1    0   11   13   -0.038141   -0.058280
    2    1    0   12   13   -0.183963   -0.015305
    2    1    0   13   13    0.196958   -0.000003
    2    1    0   14   13   -0.058490   -0.000021
    2    1    0   15   13   -0.060280   -0.021452
    2    1    0   16   13   -0.066199    0.019109
    2    1    0    1   14    0.043537    0.001194
    2    1    0    2   14    0.008651   -0.000136
    2    1    0    3   14    0.000566   -0.018476
    2    1    0    4   14   -0.007584   -0.032327
    2    1    0    5   14    0.000971   -0.001190
    2    1    0    6   14   -0.003417    0.000136
    2    1    0    7   14    0.030368   -0.002196
    2    1    0    8   14    0.017233   -0.004149
    2    1    0    9   14   -0.021628   -0.000014
    2    1    0   10   14    0.096050    0.000001
    2    1    0   11   14    0.007223    0.012994
    2    1    0   12   14   -0.011839    0.012732
    2    1    0   13   14   -0.012878    0.000020
    2    1    0   14   14   -0.064967   -0.000000
    2    1    0   15   14    0.011773   -0.004487
    2    1    0   16   14    0.021492   -0.016622
    2    1    0    1   15    0.011346    0.004943
    2    1    0    2   15    0.004459    0.004880
    2    1    0    3   15    0.016476    0.000894
    2    1    0    4   15   -0.003436    0.009429
    2    1    0    5   15    0.014878    0.009881
    2    1    0    6   15    0.043354    0.011428
    2    1    0    7   15    0.057003   -0.005310
    2    1    0    8   15    0.053986    0.007395
    2    1    0    9   15   -0.000515   -0.004461
    2    1    0   10   15   -0.003048    0.010676
    2    1    0   11   15   -0.138751    0.003593
    2    1    0   12   15    0.004130    0.014265
    2    1    0   13   15   -0.057498    0.013427
    2    1    0   14   15    0.034382    0.002757
    2    1    0   15   15    0.091844    0.002327
    2    1    0   16   15    0.031522    0.006682
    2    1    0    1   16   -0.076615    0.018994
    2    1    0    2   16   -0.014683    0.013589
    2    1    0    3   16    0.017133    0.001656
    2    1    0    4   16   -0.081656    0.006699
    2    1    0    5   16    0.027240    0.008840
    2    1    0    6   16    0.035605    0.018429
    2    1    0    7   16    0.078618   -0.013004
    2    1    0    8   16   -0.005402    0.006049
    2    1    0    9   16    0.058078    0.003855
    2    1    0   10   16   -0.026808    0.011002
    2    1    0   11   16   -0.010130   -0.011629
    2    1    0   12   16    0.143651   -0.003575
    2    1    0   13   16   -0.070968   -0.026614
    2    1    0   14   16    0.033860    0.015652
    2    1    0   15   16    0.037271   -0.001749
    2    1    0   16   16    0.041736   -0.001548
    2    2    0    1    1   -0.179111   -0.000000
    2    2    0    2    1   -0.040527    0.001238
    2    2    0    3    1   -0.256741   -0.017058
    2    2    0    4    1    0.144143   -0.025352
    2    2    0    5    1   -0.389699    0.000569
    2    2    0    6    1    0.059678   -0.001369
    2    2    0    7    1   -0.157809   -0.009617
    2    2    0    8    1    0.058438   -0.005688
    2    2    0    9    1   -0.048602    0.000805
    2    2    0   10    1   -0.027225    0.001354
    2    2    0   11    1   -0.057865   -0.002771
    2    2    0   12    1    0.055747   -0.038005
    2    2    0   13    1   -0.024734   -0.001898
    2    2    0   14    1    0.043553   -0.001196
    2    2    0   15    1   -0.087754    0.018976
    2    2    0   16    1    0.035989    0.008079
    2    2    0    1    2   -0.040527   -0.001238
    2    2    0    2    2   -0.202072   -0.000000
    2    2    0    3    2   -0.088841    0.005022
    2    2    0    4    2    0.060054    0.009003
    2    2    0    5    2   -0.095980    0.000656
    2    2    0    6    2    0.169126    0.000046
    2    2    0    7    2   -0.093706    0.016482
    2    2    0    8    2    0.035086    0.028980
    2    2    0    9    2    0.012675    0.000022
    2    2    0   10    2   -0.005400   -0.000185
    2    2    0   11    2   -0.023990   -0.002820
    2    2    0   12    2    0.050394   -0.018926
    2    2    0   13    2   -0.002994    0.000020
    2    2    0   14    2    0.008653    0.000135
    2    2    0   15    2   -0.030273    0.014071
    2    2    0   16    2   -0.001329    0.017203
    2    2    0    1    3   -0.256741    0.017058
    2    2    0    2    3   -0.088841   -0.005022
    2    2    0    3    3    0.279900    0.000000
    2    2    0    4    3   -0.054706   -0.012953
    2    2    0    5    3    0.077193   -0.006800
    2    2    0    6    3    0.032054    0.014322
    2    2    0    7    3    0.055081   -0.000443
    2    2    0    8    3   -0.063899    0.010344
    2    2    0    9    3   -0.043421   -0.003310
    2    2    0   10    3   -0.050514   -0.020962
    2    2    0   11    3   -0.058612    0.003320
    2    2    0   12    3    0.060902   -0.030395
    2    2    0   13    3    0.028288    0.036938
    2    2    0   14    3    0.008974    0.006132
    2    2    0   15    3   -0.063807    0.009371
    2    2    0   16    3    0.030266    0.014462
    2    2    0    1    4    0.144143    0.025352
    2    2    0    2    4    0.060054   -0.009003
    2    2    0    3    4   -0.054706    0.012953
    2    2    0    4    4    0.198515    0.000000
    2    2    0    5    4   -0.009615    0.003936
    2    2    0    6    4   -0.002634    0.022980
    2    2    0    7    4   -0.058804    0.003134
    2    2    0    8    4    0.003394    0.001418
    2    2    0    9    4    0.017926   -0.006870
    2    2    0   10    4    0.025149   -0.030539
    2    2    0   11    4    0.060898    0.019599
    2    2    0   12    4    0.012647    0.003185
    2    2    0   13    4    0.008543    0.078346
    2    2    0   14    4    0.003669    0.004266
    2    2    0   15    4    0.034295   -0.009412
    2    2    0   16    4   -0.011174   -0.007828
    2    2    0    1    5   -0.389699   -0.000569
    2    2    0    2    5   -0.095980   -0.000656
    2    2    0    3    5    0.077193    0.006800
    2    2    0    4    5   -0.009615   -0.003936
    2    2    0    5    5   -0.345993   -0.000000
    2    2    0    6    5    0.104667    0.000794
    2    2    0    7    5    0.188200    0.035831
    2    2    0    8    5   -0.102547    0.040847
    2    2    0    9    5   -0.052160   -0.000809
    2    2    0   10    5   -0.049747   -0.001351
    2    2    0   11    5   -0.039619   -0.009073
    2    2    0   12    5    0.063523    0.019933
    2    2    0   13    5    0.028108    0.001904
    2    2    0   14    5    0.021593    0.001187
    2    2    0   15    5   -0.053623   -0.004359
    2    2    0   16    5    0.023124    0.017753
    2    2    0    1    6    0.059678    0.001369
    2    2    0    2    6    0.169126   -0.000046
    2    2    0    3    6    0.032054   -0.014322
    2    2    0    4    6   -0.002634   -0.022980
    2    2    0    5    6    0.104667   -0.000794
    2    2    0    6    6   -0.229654    0.000000
    2    2    0    7    6    0.040624   -0.011386
    2    2    0    8    6   -0.028383   -0.018041
    2    2    0    9    6   -0.037974   -0.000023
    2    2    0   10    6    0.016967    0.000185
    2    2    0   11    6   -0.001851   -0.024934
    2    2    0   12    6    0.021963   -0.023799
    2    2    0   13    6    0.014036   -0.000020
    2    2    0   14    6    0.009046   -0.000136
    2    2    0   15    6   -0.025847    0.001800
    2    2    0   16    6   -0.008575    0.013912
    2    2    0    1    7   -0.157809    0.009617
    2    2    0    2    7   -0.093706   -0.016482
    2    2    0    3    7    0.055081    0.000443
    2    2    0    4    7   -0.058804   -0.003134
    2    2    0    5    7    0.188200   -0.035831
    2    2    0    6    7    0.040624    0.011386
    2    2    0    7    7    0.342361    0.000000
    2    2    0    8    7   -0.206617   -0.004336
    2    2    0    9    7   -0.051602   -0.011471
    2    2    0   10    7   -0.040335   -0.010124
    2    2    0   11    7    0.014329   -0.006781
    2    2    0   12    7    0.032721    0.004163
    2    2    0   13    7    0.007388   -0.018726
    2    2    0   14    7    0.024420    0.022181
    2    2    0   15    7   -0.008831    0.004179
    2    2    0   16    7   -0.024551    0.003461
    2    2    0    1    8    0.058438    0.005688
    2    2    0    2    8    0.035086   -0.028980
    2    2    0    3    8   -0.063899   -0.010344
    2    2    0    4    8    0.003394   -0.001418
    2    2    0    5    8   -0.102547   -0.040847
    2    2    0    6    8   -0.028383    0.018041
    2    2    0    7    8   -0.206617    0.004336
    2    2    0    8    8    0.090737    0.000000
    2    2    0    9    8    0.025993   -0.021722
    2    2    0   10    8    0.012167   -0.011843
    2    2    0   11    8    0.013450   -0.019821
    2    2    0   12    8    0.103325    0.006000
    2    2    0   13    8   -0.012609   -0.018231
    2    2    0   14    8   -0.007487    0.032292
    2    2    0   15    8   -0.065049   -0.000482
    2    2    0   16    8   -0.058639    0.001208
    2    2    0    1    9   -0.048602   -0.000805
    2    2    0    2    9    0.012675   -0.000022
    2    2    0    3    9   -0.043421    0.003310
    2    2    0    4    9    0.017926    0.006870
    2    2    0    5    9   -0.052160    0.000809
    2    2    0    6    9   -0.037974    0.000023
    2    2    0    7    9   -0.051602    0.011471
    2    2    0    8    9    0.025993    0.021722
    2    2    0    9    9    0.118679    0.000000
    2    2    0   10    9    0.014820   -0.000015
    2    2    0   11    9   -0.096945    0.007118
    2    2    0   12    9    0.048451    0.010146
    2    2    0   13    9   -0.016780    0.000011
    2    2    0   14    9   -0.021622    0.000014
    2    2    0   15    9    0.030851   -0.004299
    2    2    0   16    9   -0.014281   -0.011503
    2    2    0    1   10   -0.027225   -0.001354
    2    2    0    2   10   -0.005400    0.000185
    2    2    0    3   10   -0.050514    0.020962
    2    2    0    4   10    0.025149    0.030539
    2    2    0    5   10   -0.049747    0.001351
    2    2    0    6   10    0.016967   -0.000185
    2    2    0    7   10   -0.040335    0.010124
    2    2    0    8   10    0.012167    0.011843
    2    2    0    9   10    0.014820    0.000015
    2    2    0   10   10   -0.208380   -0.000000
    2    2    0   11   10    0.077199    0.000414
    2    2    0   12   10   -0.022028   -0.013994
    2    2    0   13   10   -0.014548   -0.000020
    2    2    0   14   10    0.096048   -0.000001
    2    2    0   15   10   -0.001944    0.014834
    2    2    0   16   10   -0.008532    0.016295
    2    2    0    1   11   -0.057865    0.002771
    2    2    0    2   11   -0.023990    0.002820
    2    2    0    3   11   -0.058612   -0.003320
    2    2    0    4   11    0.060898   -0.019599
    2    2    0    5   11   -0.039619    0.009073
    2    2    0    6   11   -0.001851    0.024934
    2    2    0    7   11    0.014329    0.006781
    2    2    0    8   11    0.013450    0.019821
    2    2    0    9   11   -0.096945   -0.007118
    2    2    0   10   11    0.077199   -0.000414
    2    2    0   11   11    0.450856    0.000000
    2    2    0   12   11    0.036576    0.050072
    2    2    0   13   11   -0.010013   -0.007612
    2    2    0   14   11   -0.055277    0.023390
    2    2    0   15   11    0.093051   -0.010645
    2    2    0   16   11   -0.141770   -0.002622
    2    2    0    1   12    0.055747    0.038005
    2    2    0    2   12    0.050394    0.018926
    2    2    0    3   12    0.060902    0.030395
    2    2    0    4   12    0.012647   -0.003185
    2    2    0    5   12    0.063523   -0.019933
    2    2    0    6   12    0.021963    0.023799
    2    2    0    7   12    0.032721   -0.004163
    2    2    0    8   12    0.103325   -0.006000
    2    2    0    9   12    0.048451   -0.010146
    2    2    0   10   12   -0.022028    0.013994
    2    2    0   11   12    0.036576   -0.050072
    2    2    0   12   12    0.521037    0.000000
    2    2    0   13   12   -0.004525   -0.024884
    2    2    0   14   12    0.040961    0.023091
    2    2    0   15   12   -0.164333   -0.019893
    2    2    0   16   12   -0.084556    0.009694
    2    2    0    1   13   -0.024734    0.001898
    2    2    0    2   13   -0.002994   -0.000020
    2    2    0    3   13    0.028288   -0.036938
    2    2    0    4   13    0.008543   -0.078346
    2    2    0    5   13    0.028108   -0.001904
    2    2    0    6   13    0.014036    0.000020
    2    2    0    7   13    0.007388    0.018726
    2    2    0    8   13   -0.012609    0.018231
    2    2    0    9   13   -0.016780   -0.000011
    2    2    0   10   13   -0.014548    0.000020
    2    2    0   11   13   -0.010013    0.007612
    2    2    0   12   13   -0.004525    0.024884
    2    2    0   13   13   -0.579855   -0.000000
    2    2    0   14   13   -0.001607   -0.000018
    2    2    0   15   13   -0.021561   -0.004404
    2    2    0   16   13   -0.002290   -0.003452
    2    2    0    1   14    0.043553    0.001196
    2    2    0    2   14    0.008653   -0.000135
    2    2    0    3   14    0.008974   -0.006132
    2    2    0    4   14    0.003669   -0.004266
    2    2    0    5   14    0.021593   -0.001187
    2    2    0    6   14    0.009046    0.000136
    2    2    0    7   14    0.024420   -0.022181
    2    2    0    8   14   -0.007487   -0.032292
    2    2    0    9   14   -0.021622   -0.000014
    2    2    0   10   14    0.096048    0.000001
    2    2    0   11   14   -0.055277   -0.023390
    2    2    0   12   14    0.040961   -0.023091
    2    2    0   13   14   -0.001607    0.000018
    2    2    0   14   14   -0.123558   -0.000000
    2    2    0   15   14   -0.058506   -0.000776
    2    2    0   16   14    0.021645    0.010148
    2    2    0    1   15   -0.087754   -0.018976
    2    2    0    2   15   -0.030273   -0.014071
    2    2    0    3   15   -0.063807   -0.009371
    2    2    0    4   15    0.034295    0.009412
    2    2    0    5   15   -0.053623    0.004359
    2    2    0    6   15   -0.025847   -0.001800
    2    2    0    7   15   -0.008831   -0.004179
    2    2    0    8   15   -0.065049    0.000482
    2    2    0    9   15    0.030851    0.004299
    2    2    0   10   15   -0.001944   -0.014834
    2    2    0   11   15    0.093051    0.010645
    2    2    0   12   15   -0.164333    0.019893
    2    2    0   13   15   -0.021561    0.004404
    2    2    0   14   15   -0.058506    0.000776
    2    2    0   15   15    0.158091    0.000000
    2    2    0   16   15   -0.017101   -0.005223
    2    2    0    1   16    0.035989   -0.008079
    2    2    0    2   16   -0.001329   -0.017203
    2    2    0    3   16    0.030266   -0.014462
    2    2    0    4   16   -0.011174    0.007828
    2    2    0    5   16    0.023124   -0.017753
    2    2    0    6   16   -0.008575   -0.013912
    2    2    0    7   16   -0.024551   -0.003461
    2    2    0    8   16   -0.058639   -0.001208
    2    2    0    9   16   -0.014281    0.011503
    2    2    0   10   16   -0.008532   -0.016295
    2    2    0   11   16   -0.141770    0.002622
    2    2    0   12   16   -0.084556   -0.009694
    2    2    0   13   16   -0.002290    0.003452
    2    2    0   14   16    0.021645   -0.010148
    2    2    0   15   16   -0.017101    0.005223
    2    2    0   16   16    0.123875    0.000000
